entity_id,ticker,company_name,canonical_name,parent_entity_id,is_public,country,region,source,as_of_date,confidence_score,notes
ENT000001,A,A,A,,TRUE,Unknown,Unknown,GSE580_theta_data.csv,2026-05-08,0.80,parent relationships not resolved in v0; company_name missing; used ticker fallback; country unknown
ENT000002,AA,AA,AA,,TRUE,Unknown,Unknown,GSE580_theta_data.csv,2026-05-08,0.80,parent relationships not resolved in v0; company_name missing; used ticker fallback; country unknown
ENT000003,AAGF.F,AAGF.F,AAGF.F,,TRUE,Unknown,Unknown,GSE580_theta_data.csv,2026-05-08,0.80,parent relationships not resolved in v0; company_name missing; used ticker fallback; country unknown
ENT000004,AAL,AAL,AAL,,TRUE,Unknown,Unknown,GSE580_theta_data.csv,2026-05-08,0.80,parent relationships not resolved in v0; company_name missing; used ticker fallback; country unknown
ENT000005,AAMI,AAMI,AAMI,,TRUE,Unknown,Unknown,GSE580_theta_data.csv,2026-05-08,0.80,parent relationships not resolved in v0; company_name missing; used ticker fallback; country unknown
ENT000006,AAOI,AAOI,AAOI,,TRUE,Unknown,Unknown,GSE580_theta_data.csv,2026-05-08,0.80,parent relationships not resolved in v0; company_name missing; used ticker fallback; country unknown
ENT000007,AAON,AAON,AAON,,TRUE,Unknown,Unknown,GSE580_theta_data.csv,2026-05-08,0.80,parent relationships not resolved in v0; company_name missing; used ticker fallback; country unknown
ENT000008,AAP,AAP,AAP,,TRUE,Unknown,Unknown,GSE580_theta_data.csv,2026-05-08,0.80,parent relationships not resolved in v0; company_name missing; used ticker fallback; country unknown
ENT000009,AAPL,AAPL,AAPL,,TRUE,Unknown,Unknown,GSE580_theta_data.csv,2026-05-08,0.80,parent relationships not resolved in v0; company_name missing; used ticker fallback; country unknown
ENT000010,AARD,AARD,AARD,,TRUE,Unknown,Unknown,GSE580_theta_data.csv,2026-05-08,0.80,parent relationships not resolved in v0; company_name missing; used ticker fallback; country unknown
ENT000011,AAT,AAT,AAT,,TRUE,Unknown,Unknown,GSE580_theta_data.csv,2026-05-08,0.80,parent relationships not resolved in v0; company_name missing; used ticker fallback; country unknown
ENT000012,AB,AB,AB,,TRUE,United States,North America,GSE580_theta_data.csv,2026-05-08,0.80,parent relationships not resolved in v0; company_name missing; used ticker fallback
ENT000013,ABAT,ABAT,ABAT,,TRUE,Unknown,Unknown,GSE580_theta_data.csv,2026-05-08,0.80,parent relationships not resolved in v0; company_name missing; used ticker fallback; country unknown
ENT000014,ABCL,ABCL,ABCL,,TRUE,Canada,North America,GSE580_theta_data.csv,2026-05-08,0.80,parent relationships not resolved in v0; company_name missing; used ticker fallback
ENT000015,ABEV,ABEV,ABEV,,TRUE,Unknown,Unknown,GSE580_theta_data.csv,2026-05-08,0.80,parent relationships not resolved in v0; company_name missing; used ticker fallback; country unknown
ENT000016,ABG,ABG,ABG,,TRUE,Unknown,Unknown,GSE580_theta_data.csv,2026-05-08,0.80,parent relationships not resolved in v0; company_name missing; used ticker fallback; country unknown
ENT000017,ABL,ABL,ABL,,TRUE,United States,North America,GSE580_theta_data.csv,2026-05-08,0.80,parent relationships not resolved in v0; company_name missing; used ticker fallback
ENT000018,ABM,ABM,ABM,,TRUE,United States,North America,GSE580_theta_data.csv,2026-05-08,0.80,parent relationships not resolved in v0; company_name missing; used ticker fallback
ENT000019,ABNB,ABNB,ABNB,,TRUE,Unknown,Unknown,GSE580_theta_data.csv,2026-05-08,0.80,parent relationships not resolved in v0; company_name missing; used ticker fallback; country unknown
ENT000020,ABR,ABR,ABR,,TRUE,Unknown,Unknown,GSE580_theta_data.csv,2026-05-08,0.80,parent relationships not resolved in v0; company_name missing; used ticker fallback; country unknown
ENT000021,ABT,ABT,ABT,,TRUE,Unknown,Unknown,GSE580_theta_data.csv,2026-05-08,0.80,parent relationships not resolved in v0; company_name missing; used ticker fallback; country unknown
ENT000022,ABTC,ABTC,ABTC,,TRUE,Unknown,Unknown,GSE580_theta_data.csv,2026-05-08,0.80,parent relationships not resolved in v0; company_name missing; used ticker fallback; country unknown
ENT000023,ABVE,ABVE,ABVE,,TRUE,Unknown,Unknown,GSE580_theta_data.csv,2026-05-08,0.80,parent relationships not resolved in v0; company_name missing; used ticker fallback; country unknown
ENT000024,ABXX.F,ABXX.F,ABXX.F,,TRUE,Unknown,Unknown,GSE580_theta_data.csv,2026-05-08,0.80,parent relationships not resolved in v0; company_name missing; used ticker fallback; country unknown
ENT000025,ACA,ACA,ACA,,TRUE,United States,North America,GSE580_theta_data.csv,2026-05-08,0.80,parent relationships not resolved in v0; company_name missing; used ticker fallback
ENT000026,ACB,ACB,ACB,,TRUE,Unknown,Unknown,GSE580_theta_data.csv,2026-05-08,0.80,parent relationships not resolved in v0; company_name missing; used ticker fallback; country unknown
ENT000027,ACCO,ACCO,AC,,TRUE,Unknown,Unknown,GSE580_theta_data.csv,2026-05-08,0.80,parent relationships not resolved in v0; company_name missing; used ticker fallback; country unknown
ENT000028,ACDC,ACDC,ACDC,,TRUE,United States,North America,GSE580_theta_data.csv,2026-05-08,0.80,parent relationships not resolved in v0; company_name missing; used ticker fallback
ENT000029,ACEL,ACEL,ACEL,,TRUE,United States,North America,GSE580_theta_data.csv,2026-05-08,0.80,parent relationships not resolved in v0; company_name missing; used ticker fallback
ENT000030,ACGL,ACGL,ACGL,,TRUE,Unknown,Unknown,GSE580_theta_data.csv,2026-05-08,0.80,parent relationships not resolved in v0; company_name missing; used ticker fallback; country unknown
ENT000031,ACGP,ACGP,ACGP,,TRUE,Unknown,Unknown,GSE580_theta_data.csv,2026-05-08,0.80,parent relationships not resolved in v0; company_name missing; used ticker fallback; country unknown
ENT000032,ACHC,ACHC,ACHC,,TRUE,United States,North America,GSE580_theta_data.csv,2026-05-08,0.80,parent relationships not resolved in v0; company_name missing; used ticker fallback
ENT000033,ACHR,ACHR,ACHR,,TRUE,Unknown,Unknown,GSE580_theta_data.csv,2026-05-08,0.80,parent relationships not resolved in v0; company_name missing; used ticker fallback; country unknown
ENT000034,ACI,ACI,ACI,,TRUE,Unknown,Unknown,GSE580_theta_data.csv,2026-05-08,0.80,parent relationships not resolved in v0; company_name missing; used ticker fallback; country unknown
ENT000035,ACIC,ACIC,ACIC,,TRUE,Unknown,Unknown,GSE580_theta_data.csv,2026-05-08,0.80,parent relationships not resolved in v0; company_name missing; used ticker fallback; country unknown
ENT000036,ACIW,ACIW,ACIW,,TRUE,Unknown,Unknown,GSE580_theta_data.csv,2026-05-08,0.80,parent relationships not resolved in v0; company_name missing; used ticker fallback; country unknown
ENT000037,ACLS,ACLS,ACLS,,TRUE,Unknown,Unknown,GSE580_theta_data.csv,2026-05-08,0.80,parent relationships not resolved in v0; company_name missing; used ticker fallback; country unknown
ENT000038,ACM,ACM,ACM,,TRUE,Unknown,Unknown,GSE580_theta_data.csv,2026-05-08,0.80,parent relationships not resolved in v0; company_name missing; used ticker fallback; country unknown
ENT000039,ACMR,ACMR,ACMR,,TRUE,Unknown,Unknown,GSE580_theta_data.csv,2026-05-08,0.80,parent relationships not resolved in v0; company_name missing; used ticker fallback; country unknown
ENT000040,ACN,ACN,ACN,,TRUE,Unknown,Unknown,GSE580_theta_data.csv,2026-05-08,0.80,parent relationships not resolved in v0; company_name missing; used ticker fallback; country unknown
ENT000041,ACRE,ACRE,ACRE,,TRUE,United States,North America,GSE580_theta_data.csv,2026-05-08,0.80,parent relationships not resolved in v0; company_name missing; used ticker fallback
ENT000042,ACRS,ACRS,ACRS,,TRUE,Unknown,Unknown,GSE580_theta_data.csv,2026-05-08,0.80,parent relationships not resolved in v0; company_name missing; used ticker fallback; country unknown
ENT000043,ACT,ACT,ACT,,TRUE,Unknown,Unknown,GSE580_theta_data.csv,2026-05-08,0.80,parent relationships not resolved in v0; company_name missing; used ticker fallback; country unknown
ENT000044,ACTG,ACTG,ACTG,,TRUE,Unknown,Unknown,GSE580_theta_data.csv,2026-05-08,0.80,parent relationships not resolved in v0; company_name missing; used ticker fallback; country unknown
ENT000045,ACU,ACU,ACU,,TRUE,United States,North America,GSE580_theta_data.csv,2026-05-08,0.80,parent relationships not resolved in v0; company_name missing; used ticker fallback
ENT000046,ACVA,ACVA,ACVA,,TRUE,Unknown,Unknown,GSE580_theta_data.csv,2026-05-08,0.80,parent relationships not resolved in v0; company_name missing; used ticker fallback; country unknown
ENT000047,AD,AD,AD,,TRUE,Unknown,Unknown,GSE580_theta_data.csv,2026-05-08,0.80,parent relationships not resolved in v0; company_name missing; used ticker fallback; country unknown
ENT000048,ADAM,ADAM,ADAM,,TRUE,United States,North America,GSE580_theta_data.csv,2026-05-08,0.80,parent relationships not resolved in v0; company_name missing; used ticker fallback
ENT000049,ADBE,ADBE,ADBE,,TRUE,Unknown,Unknown,GSE580_theta_data.csv,2026-05-08,0.80,parent relationships not resolved in v0; company_name missing; used ticker fallback; country unknown
ENT000050,ADC,ADC,ADC,,TRUE,Unknown,Unknown,GSE580_theta_data.csv,2026-05-08,0.80,parent relationships not resolved in v0; company_name missing; used ticker fallback; country unknown
ENT000051,ADEA,ADEA,ADEA,,TRUE,Unknown,Unknown,GSE580_theta_data.csv,2026-05-08,0.80,parent relationships not resolved in v0; company_name missing; used ticker fallback; country unknown
ENT000052,ADI,ADI,ADI,,TRUE,Unknown,Unknown,GSE580_theta_data.csv,2026-05-08,0.80,parent relationships not resolved in v0; company_name missing; used ticker fallback; country unknown
ENT000053,ADM,ADM,ADM,,TRUE,Unknown,Unknown,GSE580_theta_data.csv,2026-05-08,0.80,parent relationships not resolved in v0; company_name missing; used ticker fallback; country unknown
ENT000054,ADNT,ADNT,ADNT,,TRUE,Unknown,Unknown,GSE580_theta_data.csv,2026-05-08,0.80,parent relationships not resolved in v0; company_name missing; used ticker fallback; country unknown
ENT000055,ADP,ADP,ADP,,TRUE,Unknown,Unknown,GSE580_theta_data.csv,2026-05-08,0.80,parent relationships not resolved in v0; company_name missing; used ticker fallback; country unknown
ENT000056,ADPT,ADPT,ADPT,,TRUE,United States,North America,GSE580_theta_data.csv,2026-05-08,0.80,parent relationships not resolved in v0; company_name missing; used ticker fallback
ENT000057,ADSE,ADSE,ADSE,,TRUE,Unknown,Unknown,GSE580_theta_data.csv,2026-05-08,0.80,parent relationships not resolved in v0; company_name missing; used ticker fallback; country unknown
ENT000058,ADSK,ADSK,ADSK,,TRUE,Unknown,Unknown,GSE580_theta_data.csv,2026-05-08,0.80,parent relationships not resolved in v0; company_name missing; used ticker fallback; country unknown
ENT000059,ADT,ADT,ADT,,TRUE,United States,North America,GSE580_theta_data.csv,2026-05-08,0.80,parent relationships not resolved in v0; company_name missing; used ticker fallback
ENT000060,ADTN,ADTN,ADTN,,TRUE,Unknown,Unknown,GSE580_theta_data.csv,2026-05-08,0.80,parent relationships not resolved in v0; company_name missing; used ticker fallback; country unknown
ENT000061,ADUR,ADUR,ADUR,,TRUE,Unknown,Unknown,GSE580_theta_data.csv,2026-05-08,0.80,parent relationships not resolved in v0; company_name missing; used ticker fallback; country unknown
ENT000062,ADUS,ADUS,ADUS,,TRUE,Unknown,Unknown,GSE580_theta_data.csv,2026-05-08,0.80,parent relationships not resolved in v0; company_name missing; used ticker fallback; country unknown
ENT000063,ADV,ADV,ADV,,TRUE,Unknown,Unknown,GSE580_theta_data.csv,2026-05-08,0.80,parent relationships not resolved in v0; company_name missing; used ticker fallback; country unknown
ENT000064,ADX:ADNOCDRILL,ADX:ADNOCDRILL,ADX:ADNOCDRILL,,TRUE,Unknown,Unknown,GSE580_theta_data.csv,2026-05-08,0.80,parent relationships not resolved in v0; company_name missing; used ticker fallback; country unknown
ENT000065,ADX:BOROUGE,ADX:BOROUGE,ADX:BOROUGE,,TRUE,Unknown,Unknown,GSE580_theta_data.csv,2026-05-08,0.80,parent relationships not resolved in v0; company_name missing; used ticker fallback; country unknown
ENT000066,ADX:EAND,ADX:EAND,ADX:EAND,,TRUE,Unknown,Unknown,GSE580_theta_data.csv,2026-05-08,0.80,parent relationships not resolved in v0; company_name missing; used ticker fallback; country unknown
ENT000067,ADX:FAB,ADX:FAB,ADX:FAB,,TRUE,Unknown,Unknown,GSE580_theta_data.csv,2026-05-08,0.80,parent relationships not resolved in v0; company_name missing; used ticker fallback; country unknown
ENT000068,AEBI,AEBI,AEBI,,TRUE,Unknown,Unknown,GSE580_theta_data.csv,2026-05-08,0.80,parent relationships not resolved in v0; company_name missing; used ticker fallback; country unknown
ENT000069,AEE,AEE,AEE,,TRUE,Unknown,Unknown,GSE580_theta_data.csv,2026-05-08,0.80,parent relationships not resolved in v0; company_name missing; used ticker fallback; country unknown
ENT000070,AEG,AEG,AEG,,TRUE,Unknown,Unknown,GSE580_theta_data.csv,2026-05-08,0.80,parent relationships not resolved in v0; company_name missing; used ticker fallback; country unknown
ENT000071,AEHR,AEHR,AEHR,,TRUE,Unknown,Unknown,GSE580_theta_data.csv,2026-05-08,0.80,parent relationships not resolved in v0; company_name missing; used ticker fallback; country unknown
ENT000072,AEI,AEI,AEI,,TRUE,Unknown,Unknown,GSE580_theta_data.csv,2026-05-08,0.80,parent relationships not resolved in v0; company_name missing; used ticker fallback; country unknown
ENT000073,AEIS,AEIS,AEIS,,TRUE,Unknown,Unknown,GSE580_theta_data.csv,2026-05-08,0.80,parent relationships not resolved in v0; company_name missing; used ticker fallback; country unknown
ENT000074,AEM,AEM,AEM,,TRUE,Unknown,Unknown,GSE580_theta_data.csv,2026-05-08,0.80,parent relationships not resolved in v0; company_name missing; used ticker fallback; country unknown
ENT000075,AENT,AENT,AENT,,TRUE,United States,North America,GSE580_theta_data.csv,2026-05-08,0.80,parent relationships not resolved in v0; company_name missing; used ticker fallback
ENT000076,AEO,AEO,AEO,,TRUE,Unknown,Unknown,GSE580_theta_data.csv,2026-05-08,0.80,parent relationships not resolved in v0; company_name missing; used ticker fallback; country unknown
ENT000077,AEP,AEP,AEP,,TRUE,Unknown,Unknown,GSE580_theta_data.csv,2026-05-08,0.80,parent relationships not resolved in v0; company_name missing; used ticker fallback; country unknown
ENT000078,AER,AER,AER,,TRUE,Unknown,Unknown,GSE580_theta_data.csv,2026-05-08,0.80,parent relationships not resolved in v0; company_name missing; used ticker fallback; country unknown
ENT000079,AERG,AERG,AERG,,TRUE,Unknown,Unknown,GSE580_theta_data.csv,2026-05-08,0.80,parent relationships not resolved in v0; company_name missing; used ticker fallback; country unknown
ENT000080,AERO,AERO,AERO,,TRUE,Unknown,Unknown,GSE580_theta_data.csv,2026-05-08,0.80,parent relationships not resolved in v0; company_name missing; used ticker fallback; country unknown
ENT000081,AES,AES,AES,,TRUE,Unknown,Unknown,GSE580_theta_data.csv,2026-05-08,0.80,parent relationships not resolved in v0; company_name missing; used ticker fallback; country unknown
ENT000082,AESI,AESI,AESI,,TRUE,Unknown,Unknown,GSE580_theta_data.csv,2026-05-08,0.80,parent relationships not resolved in v0; company_name missing; used ticker fallback; country unknown
ENT000083,AEVA,AEVA,AEVA,,TRUE,Unknown,Unknown,GSE580_theta_data.csv,2026-05-08,0.80,parent relationships not resolved in v0; company_name missing; used ticker fallback; country unknown
ENT000084,AEYE,AEYE,AEYE,,TRUE,United States,North America,GSE580_theta_data.csv,2026-05-08,0.80,parent relationships not resolved in v0; company_name missing; used ticker fallback
ENT000085,AFG,AFG,AFG,,TRUE,United States,North America,GSE580_theta_data.csv,2026-05-08,0.80,parent relationships not resolved in v0; company_name missing; used ticker fallback
ENT000086,AFL,AFL,AFL,,TRUE,Unknown,Unknown,GSE580_theta_data.csv,2026-05-08,0.80,parent relationships not resolved in v0; company_name missing; used ticker fallback; country unknown
ENT000087,AFRI,AFRI,AFRI,,TRUE,Unknown,Unknown,GSE580_theta_data.csv,2026-05-08,0.80,parent relationships not resolved in v0; company_name missing; used ticker fallback; country unknown
ENT000088,AFRM,AFRM,AFRM,,TRUE,Unknown,Unknown,GSE580_theta_data.csv,2026-05-08,0.80,parent relationships not resolved in v0; company_name missing; used ticker fallback; country unknown
ENT000089,AFYA,AFYA,AFYA,,TRUE,Unknown,Unknown,GSE580_theta_data.csv,2026-05-08,0.80,parent relationships not resolved in v0; company_name missing; used ticker fallback; country unknown
ENT000090,AG,AG,AG,,TRUE,Unknown,Unknown,GSE580_theta_data.csv,2026-05-08,0.80,parent relationships not resolved in v0; company_name missing; used ticker fallback; country unknown
ENT000091,AGCO,AGCO,AG,,TRUE,Unknown,Unknown,GSE580_theta_data.csv,2026-05-08,0.80,parent relationships not resolved in v0; company_name missing; used ticker fallback; country unknown
ENT000092,AGL,AGL,AGL,,TRUE,Unknown,Unknown,GSE580_theta_data.csv,2026-05-08,0.80,parent relationships not resolved in v0; company_name missing; used ticker fallback; country unknown
ENT000093,AGM.A,AGM.A,AGM.A,,TRUE,Unknown,Unknown,GSE580_theta_data.csv,2026-05-08,0.80,parent relationships not resolved in v0; company_name missing; used ticker fallback; country unknown
ENT000094,AGNC,AGNC,AGNC,,TRUE,Unknown,Unknown,GSE580_theta_data.csv,2026-05-08,0.80,parent relationships not resolved in v0; company_name missing; used ticker fallback; country unknown
ENT000095,AGO,AGO,AGO,,TRUE,Unknown,Unknown,GSE580_theta_data.csv,2026-05-08,0.80,parent relationships not resolved in v0; company_name missing; used ticker fallback; country unknown
ENT000096,AGRO,AGRO,AGRO,,TRUE,Unknown,Unknown,GSE580_theta_data.csv,2026-05-08,0.80,parent relationships not resolved in v0; company_name missing; used ticker fallback; country unknown
ENT000097,AGX,AGX,AGX,,TRUE,Unknown,Unknown,GSE580_theta_data.csv,2026-05-08,0.80,parent relationships not resolved in v0; company_name missing; used ticker fallback; country unknown
ENT000098,AGYS,AGYS,AGYS,,TRUE,Unknown,Unknown,GSE580_theta_data.csv,2026-05-08,0.80,parent relationships not resolved in v0; company_name missing; used ticker fallback; country unknown
ENT000099,AHCO,AHCO,AH,,TRUE,Unknown,Unknown,GSE580_theta_data.csv,2026-05-08,0.80,parent relationships not resolved in v0; company_name missing; used ticker fallback; country unknown
ENT000100,AHG,AHG,AHG,,TRUE,Unknown,Unknown,GSE580_theta_data.csv,2026-05-08,0.80,parent relationships not resolved in v0; company_name missing; used ticker fallback; country unknown
ENT000101,AHH,AHH,AHH,,TRUE,Unknown,Unknown,GSE580_theta_data.csv,2026-05-08,0.80,parent relationships not resolved in v0; company_name missing; used ticker fallback; country unknown
ENT000102,AHL,AHL,AHL,,TRUE,Unknown,Unknown,GSE580_theta_data.csv,2026-05-08,0.80,parent relationships not resolved in v0; company_name missing; used ticker fallback; country unknown
ENT000103,AHMA,AHMA,AHMA,,TRUE,Unknown,Unknown,GSE580_theta_data.csv,2026-05-08,0.80,parent relationships not resolved in v0; company_name missing; used ticker fallback; country unknown
ENT000104,AHR,AHR,AHR,,TRUE,Unknown,Unknown,GSE580_theta_data.csv,2026-05-08,0.80,parent relationships not resolved in v0; company_name missing; used ticker fallback; country unknown
ENT000105,AI,AI,AI,,TRUE,United States,North America,GSE580_theta_data.csv,2026-05-08,0.80,parent relationships not resolved in v0; company_name missing; used ticker fallback
ENT000106,AIG,AIG,AIG,,TRUE,Unknown,Unknown,GSE580_theta_data.csv,2026-05-08,0.80,parent relationships not resolved in v0; company_name missing; used ticker fallback; country unknown
ENT000107,AII,AII,AII,,TRUE,Unknown,Unknown,GSE580_theta_data.csv,2026-05-08,0.80,parent relationships not resolved in v0; company_name missing; used ticker fallback; country unknown
ENT000108,AIIO,AIIO,AIIO,,TRUE,Unknown,Unknown,GSE580_theta_data.csv,2026-05-08,0.80,parent relationships not resolved in v0; company_name missing; used ticker fallback; country unknown
ENT000109,AIM:DEBS,AIM:DEBS,AIM:DEBS,,TRUE,Unknown,Unknown,GSE580_theta_data.csv,2026-05-08,0.80,parent relationships not resolved in v0; company_name missing; used ticker fallback; country unknown
ENT000110,AIN,AIN,AIN,,TRUE,Unknown,Unknown,GSE580_theta_data.csv,2026-05-08,0.80,parent relationships not resolved in v0; company_name missing; used ticker fallback; country unknown
ENT000111,AIOT,AIOT,AIOT,,TRUE,Unknown,Unknown,GSE580_theta_data.csv,2026-05-08,0.80,parent relationships not resolved in v0; company_name missing; used ticker fallback; country unknown
ENT000112,AIP,AIP,AIP,,TRUE,Unknown,Unknown,GSE580_theta_data.csv,2026-05-08,0.80,parent relationships not resolved in v0; company_name missing; used ticker fallback; country unknown
ENT000113,AIR,AIR,AIR,,TRUE,Unknown,Unknown,GSE580_theta_data.csv,2026-05-08,0.80,parent relationships not resolved in v0; company_name missing; used ticker fallback; country unknown
ENT000114,AIRJ,AIRJ,AIRJ,,TRUE,Unknown,Unknown,GSE580_theta_data.csv,2026-05-08,0.80,parent relationships not resolved in v0; company_name missing; used ticker fallback; country unknown
ENT000115,AIRO,AIRO,AIRO,,TRUE,Unknown,Unknown,GSE580_theta_data.csv,2026-05-08,0.80,parent relationships not resolved in v0; company_name missing; used ticker fallback; country unknown
ENT000116,AIRS,AIRS,AIRS,,TRUE,Unknown,Unknown,GSE580_theta_data.csv,2026-05-08,0.80,parent relationships not resolved in v0; company_name missing; used ticker fallback; country unknown
ENT000117,AISP,AISP,AISP,,TRUE,Unknown,Unknown,GSE580_theta_data.csv,2026-05-08,0.80,parent relationships not resolved in v0; company_name missing; used ticker fallback; country unknown
ENT000118,AIT,AIT,AIT,,TRUE,Unknown,Unknown,GSE580_theta_data.csv,2026-05-08,0.80,parent relationships not resolved in v0; company_name missing; used ticker fallback; country unknown
ENT000119,AIV,AIV,AIV,,TRUE,United States,North America,GSE580_theta_data.csv,2026-05-08,0.80,parent relationships not resolved in v0; company_name missing; used ticker fallback
ENT000120,AIZ,AIZ,AIZ,,TRUE,United States,North America,GSE580_theta_data.csv,2026-05-08,0.80,parent relationships not resolved in v0; company_name missing; used ticker fallback
ENT000121,AJG,AJG,AJG,,TRUE,Unknown,Unknown,GSE580_theta_data.csv,2026-05-08,0.80,parent relationships not resolved in v0; company_name missing; used ticker fallback; country unknown
ENT000122,AKA,AKA,AKA,,TRUE,Unknown,Unknown,GSE580_theta_data.csv,2026-05-08,0.80,parent relationships not resolved in v0; company_name missing; used ticker fallback; country unknown
ENT000123,AKAM,AKAM,AKAM,,TRUE,Unknown,Unknown,GSE580_theta_data.csv,2026-05-08,0.80,parent relationships not resolved in v0; company_name missing; used ticker fallback; country unknown
ENT000124,AKO.B,AKO.B,AKO.B,,TRUE,Unknown,Unknown,GSE580_theta_data.csv,2026-05-08,0.80,parent relationships not resolved in v0; company_name missing; used ticker fallback; country unknown
ENT000125,AKR,AKR,AKR,,TRUE,United States,North America,GSE580_theta_data.csv,2026-05-08,0.80,parent relationships not resolved in v0; company_name missing; used ticker fallback
ENT000126,AL,AL,AL,,TRUE,Unknown,Unknown,GSE580_theta_data.csv,2026-05-08,0.80,parent relationships not resolved in v0; company_name missing; used ticker fallback; country unknown
ENT000127,ALAB,ALAB,ALAB,,TRUE,Unknown,Unknown,GSE580_theta_data.csv,2026-05-08,0.80,parent relationships not resolved in v0; company_name missing; used ticker fallback; country unknown
ENT000128,ALAR,ALAR,ALAR,,TRUE,Unknown,Unknown,GSE580_theta_data.csv,2026-05-08,0.80,parent relationships not resolved in v0; company_name missing; used ticker fallback; country unknown
ENT000129,ALB,ALB,ALB,,TRUE,Unknown,Unknown,GSE580_theta_data.csv,2026-05-08,0.80,parent relationships not resolved in v0; company_name missing; used ticker fallback; country unknown
ENT000130,ALC,ALC,ALC,,TRUE,Unknown,Unknown,GSE580_theta_data.csv,2026-05-08,0.80,parent relationships not resolved in v0; company_name missing; used ticker fallback; country unknown
ENT000131,ALCO,ALCO,AL,,TRUE,Unknown,Unknown,GSE580_theta_data.csv,2026-05-08,0.80,parent relationships not resolved in v0; company_name missing; used ticker fallback; country unknown
ENT000132,ALDF,ALDF,ALDF,,TRUE,Unknown,Unknown,GSE580_theta_data.csv,2026-05-08,0.80,parent relationships not resolved in v0; company_name missing; used ticker fallback; country unknown
ENT000133,ALEX,ALEX,ALEX,,TRUE,Unknown,Unknown,GSE580_theta_data.csv,2026-05-08,0.80,parent relationships not resolved in v0; company_name missing; used ticker fallback; country unknown
ENT000134,ALG,ALG,ALG,,TRUE,Unknown,Unknown,GSE580_theta_data.csv,2026-05-08,0.80,parent relationships not resolved in v0; company_name missing; used ticker fallback; country unknown
ENT000135,ALGM,ALGM,ALGM,,TRUE,Unknown,Unknown,GSE580_theta_data.csv,2026-05-08,0.80,parent relationships not resolved in v0; company_name missing; used ticker fallback; country unknown
ENT000136,ALGN,ALGN,ALGN,,TRUE,Unknown,Unknown,GSE580_theta_data.csv,2026-05-08,0.80,parent relationships not resolved in v0; company_name missing; used ticker fallback; country unknown
ENT000137,ALGT,ALGT,ALGT,,TRUE,Unknown,Unknown,GSE580_theta_data.csv,2026-05-08,0.80,parent relationships not resolved in v0; company_name missing; used ticker fallback; country unknown
ENT000138,ALH,ALH,ALH,,TRUE,Unknown,Unknown,GSE580_theta_data.csv,2026-05-08,0.80,parent relationships not resolved in v0; company_name missing; used ticker fallback; country unknown
ENT000139,ALHC,ALHC,ALHC,,TRUE,Unknown,Unknown,GSE580_theta_data.csv,2026-05-08,0.80,parent relationships not resolved in v0; company_name missing; used ticker fallback; country unknown
ENT000140,ALIT,ALIT,ALIT,,TRUE,United States,North America,GSE580_theta_data.csv,2026-05-08,0.80,parent relationships not resolved in v0; company_name missing; used ticker fallback
ENT000141,ALK,ALK,ALK,,TRUE,Unknown,Unknown,GSE580_theta_data.csv,2026-05-08,0.80,parent relationships not resolved in v0; company_name missing; used ticker fallback; country unknown
ENT000142,ALKT,ALKT,ALKT,,TRUE,Unknown,Unknown,GSE580_theta_data.csv,2026-05-08,0.80,parent relationships not resolved in v0; company_name missing; used ticker fallback; country unknown
ENT000143,ALL,ALL,ALL,,TRUE,United States,North America,GSE580_theta_data.csv,2026-05-08,0.80,parent relationships not resolved in v0; company_name missing; used ticker fallback
ENT000144,ALLE,ALLE,ALLE,,TRUE,Unknown,Unknown,GSE580_theta_data.csv,2026-05-08,0.80,parent relationships not resolved in v0; company_name missing; used ticker fallback; country unknown
ENT000145,ALLT,ALLT,ALLT,,TRUE,Unknown,Unknown,GSE580_theta_data.csv,2026-05-08,0.80,parent relationships not resolved in v0; company_name missing; used ticker fallback; country unknown
ENT000146,ALLY,ALLY,ALLY,,TRUE,Unknown,Unknown,GSE580_theta_data.csv,2026-05-08,0.80,parent relationships not resolved in v0; company_name missing; used ticker fallback; country unknown
ENT000147,ALMS,ALMS,ALMS,,TRUE,Unknown,Unknown,GSE580_theta_data.csv,2026-05-08,0.80,parent relationships not resolved in v0; company_name missing; used ticker fallback; country unknown
ENT000148,ALMU,ALMU,ALMU,,TRUE,United States,North America,GSE580_theta_data.csv,2026-05-08,0.80,parent relationships not resolved in v0; company_name missing; used ticker fallback
ENT000149,ALNT,ALNT,ALNT,,TRUE,Unknown,Unknown,GSE580_theta_data.csv,2026-05-08,0.80,parent relationships not resolved in v0; company_name missing; used ticker fallback; country unknown
ENT000150,ALRM,ALRM,ALRM,,TRUE,Unknown,Unknown,GSE580_theta_data.csv,2026-05-08,0.80,parent relationships not resolved in v0; company_name missing; used ticker fallback; country unknown
ENT000151,ALRS,ALRS,ALRS,,TRUE,United States,North America,GSE580_theta_data.csv,2026-05-08,0.80,parent relationships not resolved in v0; company_name missing; used ticker fallback
ENT000152,ALSN,ALSN,ALSN,,TRUE,Unknown,Unknown,GSE580_theta_data.csv,2026-05-08,0.80,parent relationships not resolved in v0; company_name missing; used ticker fallback; country unknown
ENT000153,ALTG,ALTG,ALTG,,TRUE,Unknown,Unknown,GSE580_theta_data.csv,2026-05-08,0.80,parent relationships not resolved in v0; company_name missing; used ticker fallback; country unknown
ENT000154,ALTI,ALTI,ALTI,,TRUE,Unknown,Unknown,GSE580_theta_data.csv,2026-05-08,0.80,parent relationships not resolved in v0; company_name missing; used ticker fallback; country unknown
ENT000155,ALTO,ALTO,ALTO,,TRUE,Unknown,Unknown,GSE580_theta_data.csv,2026-05-08,0.80,parent relationships not resolved in v0; company_name missing; used ticker fallback; country unknown
ENT000156,ALTS,ALTS,ALTS,,TRUE,Unknown,Unknown,GSE580_theta_data.csv,2026-05-08,0.80,parent relationships not resolved in v0; company_name missing; used ticker fallback; country unknown
ENT000157,ALV,ALV,ALV,,TRUE,Unknown,Unknown,GSE580_theta_data.csv,2026-05-08,0.80,parent relationships not resolved in v0; company_name missing; used ticker fallback; country unknown
ENT000158,ALX,ALX,ALX,,TRUE,Unknown,Unknown,GSE580_theta_data.csv,2026-05-08,0.80,parent relationships not resolved in v0; company_name missing; used ticker fallback; country unknown
ENT000159,AM,AM,AM,,TRUE,Unknown,Unknown,GSE580_theta_data.csv,2026-05-08,0.80,parent relationships not resolved in v0; company_name missing; used ticker fallback; country unknown
ENT000160,AMAT,AMAT,AMAT,,TRUE,Unknown,Unknown,GSE580_theta_data.csv,2026-05-08,0.80,parent relationships not resolved in v0; company_name missing; used ticker fallback; country unknown
ENT000161,AMBA,AMBA,AMBA,,TRUE,Unknown,Unknown,GSE580_theta_data.csv,2026-05-08,0.80,parent relationships not resolved in v0; company_name missing; used ticker fallback; country unknown
ENT000162,AMBP,AMBP,AMBP,,TRUE,Unknown,Unknown,GSE580_theta_data.csv,2026-05-08,0.80,parent relationships not resolved in v0; company_name missing; used ticker fallback; country unknown
ENT000163,AMBQ,AMBQ,AMBQ,,TRUE,Unknown,Unknown,GSE580_theta_data.csv,2026-05-08,0.80,parent relationships not resolved in v0; company_name missing; used ticker fallback; country unknown
ENT000164,AMBR,AMBR,AMBR,,TRUE,Unknown,Unknown,GSE580_theta_data.csv,2026-05-08,0.80,parent relationships not resolved in v0; company_name missing; used ticker fallback; country unknown
ENT000165,AMC,AMC,AMC,,TRUE,Unknown,Unknown,GSE580_theta_data.csv,2026-05-08,0.80,parent relationships not resolved in v0; company_name missing; used ticker fallback; country unknown
ENT000166,AMCR,AMCR,AMCR,,TRUE,Unknown,Unknown,GSE580_theta_data.csv,2026-05-08,0.80,parent relationships not resolved in v0; company_name missing; used ticker fallback; country unknown
ENT000167,AMCX,AMCX,AMCX,,TRUE,Unknown,Unknown,GSE580_theta_data.csv,2026-05-08,0.80,parent relationships not resolved in v0; company_name missing; used ticker fallback; country unknown
ENT000168,AMD,AMD,AMD,,TRUE,Unknown,Unknown,GSE580_theta_data.csv,2026-05-08,0.80,parent relationships not resolved in v0; company_name missing; used ticker fallback; country unknown
ENT000169,AME,AME,AME,,TRUE,Unknown,Unknown,GSE580_theta_data.csv,2026-05-08,0.80,parent relationships not resolved in v0; company_name missing; used ticker fallback; country unknown
ENT000170,AMG,AMG,AMG,,TRUE,Unknown,Unknown,GSE580_theta_data.csv,2026-05-08,0.80,parent relationships not resolved in v0; company_name missing; used ticker fallback; country unknown
ENT000171,AMH,AMH,AMH,,TRUE,Unknown,Unknown,GSE580_theta_data.csv,2026-05-08,0.80,parent relationships not resolved in v0; company_name missing; used ticker fallback; country unknown
ENT000172,AMKR,AMKR,AMKR,,TRUE,Unknown,Unknown,GSE580_theta_data.csv,2026-05-08,0.80,parent relationships not resolved in v0; company_name missing; used ticker fallback; country unknown
ENT000173,AMLX,AMLX,AMLX,,TRUE,United States,North America,GSE580_theta_data.csv,2026-05-08,0.80,parent relationships not resolved in v0; company_name missing; used ticker fallback
ENT000174,AMN,AMN,AMN,,TRUE,Unknown,Unknown,GSE580_theta_data.csv,2026-05-08,0.80,parent relationships not resolved in v0; company_name missing; used ticker fallback; country unknown
ENT000175,AMNF,AMNF,AMNF,,TRUE,Unknown,Unknown,GSE580_theta_data.csv,2026-05-08,0.80,parent relationships not resolved in v0; company_name missing; used ticker fallback; country unknown
ENT000176,AMP,AMP,AMP,,TRUE,Unknown,Unknown,GSE580_theta_data.csv,2026-05-08,0.80,parent relationships not resolved in v0; company_name missing; used ticker fallback; country unknown
ENT000177,AMPH,AMPH,AMPH,,TRUE,Unknown,Unknown,GSE580_theta_data.csv,2026-05-08,0.80,parent relationships not resolved in v0; company_name missing; used ticker fallback; country unknown
ENT000178,AMPL,AMPL,AMPL,,TRUE,Unknown,Unknown,GSE580_theta_data.csv,2026-05-08,0.80,parent relationships not resolved in v0; company_name missing; used ticker fallback; country unknown
ENT000179,AMPX,AMPX,AMPX,,TRUE,Unknown,Unknown,GSE580_theta_data.csv,2026-05-08,0.80,parent relationships not resolved in v0; company_name missing; used ticker fallback; country unknown
ENT000180,AMR,AMR,AMR,,TRUE,Unknown,Unknown,GSE580_theta_data.csv,2026-05-08,0.80,parent relationships not resolved in v0; company_name missing; used ticker fallback; country unknown
ENT000181,AMRC,AMRC,AMRC,,TRUE,Unknown,Unknown,GSE580_theta_data.csv,2026-05-08,0.80,parent relationships not resolved in v0; company_name missing; used ticker fallback; country unknown
ENT000182,AMRK,AMRK,AMRK,,TRUE,Unknown,Unknown,GSE580_theta_data.csv,2026-05-08,0.80,parent relationships not resolved in v0; company_name missing; used ticker fallback; country unknown
ENT000183,AMRX,AMRX,AMRX,,TRUE,Unknown,Unknown,GSE580_theta_data.csv,2026-05-08,0.80,parent relationships not resolved in v0; company_name missing; used ticker fallback; country unknown
ENT000184,AMRZ,AMRZ,AMRZ,,TRUE,United States,North America,GSE580_theta_data.csv,2026-05-08,0.80,parent relationships not resolved in v0; company_name missing; used ticker fallback
ENT000185,AMSC,AMSC,AMSC,,TRUE,Unknown,Unknown,GSE580_theta_data.csv,2026-05-08,0.80,parent relationships not resolved in v0; company_name missing; used ticker fallback; country unknown
ENT000186,AMSF,AMSF,AMSF,,TRUE,Unknown,Unknown,GSE580_theta_data.csv,2026-05-08,0.80,parent relationships not resolved in v0; company_name missing; used ticker fallback; country unknown
ENT000187,AMT,AMT,AMT,,TRUE,Unknown,Unknown,GSE580_theta_data.csv,2026-05-08,0.80,parent relationships not resolved in v0; company_name missing; used ticker fallback; country unknown
ENT000188,AMTM,AMTM,AMTM,,TRUE,Unknown,Unknown,GSE580_theta_data.csv,2026-05-08,0.80,parent relationships not resolved in v0; company_name missing; used ticker fallback; country unknown
ENT000189,AMWD,AMWD,AMWD,,TRUE,Unknown,Unknown,GSE580_theta_data.csv,2026-05-08,0.80,parent relationships not resolved in v0; company_name missing; used ticker fallback; country unknown
ENT000190,AMX,AMX,AMX,,TRUE,Unknown,Unknown,GSE580_theta_data.csv,2026-05-08,0.80,parent relationships not resolved in v0; company_name missing; used ticker fallback; country unknown
ENT000191,AMZN,AMZN,AMZN,,TRUE,Unknown,Unknown,GSE580_theta_data.csv,2026-05-08,0.80,parent relationships not resolved in v0; company_name missing; used ticker fallback; country unknown
ENT000192,AN,AN,AN,,TRUE,Unknown,Unknown,GSE580_theta_data.csv,2026-05-08,0.80,parent relationships not resolved in v0; company_name missing; used ticker fallback; country unknown
ENT000193,ANDE,ANDE,ANDE,,TRUE,Unknown,Unknown,GSE580_theta_data.csv,2026-05-08,0.80,parent relationships not resolved in v0; company_name missing; used ticker fallback; country unknown
ENT000194,ANET,ANET,ANET,,TRUE,Unknown,Unknown,GSE580_theta_data.csv,2026-05-08,0.80,parent relationships not resolved in v0; company_name missing; used ticker fallback; country unknown
ENT000195,ANF,ANF,ANF,,TRUE,Unknown,Unknown,GSE580_theta_data.csv,2026-05-08,0.80,parent relationships not resolved in v0; company_name missing; used ticker fallback; country unknown
ENT000196,ANGI,ANGI,ANGI,,TRUE,Unknown,Unknown,GSE580_theta_data.csv,2026-05-08,0.80,parent relationships not resolved in v0; company_name missing; used ticker fallback; country unknown
ENT000197,ANGO,ANGO,ANGO,,TRUE,Unknown,Unknown,GSE580_theta_data.csv,2026-05-08,0.80,parent relationships not resolved in v0; company_name missing; used ticker fallback; country unknown
ENT000198,ANGX,ANGX,ANGX,,TRUE,Unknown,Unknown,GSE580_theta_data.csv,2026-05-08,0.80,parent relationships not resolved in v0; company_name missing; used ticker fallback; country unknown
ENT000199,ANIP,ANIP,ANIP,,TRUE,Unknown,Unknown,GSE580_theta_data.csv,2026-05-08,0.80,parent relationships not resolved in v0; company_name missing; used ticker fallback; country unknown
ENT000200,ANNA,ANNA,ANNA,,TRUE,Unknown,Unknown,GSE580_theta_data.csv,2026-05-08,0.80,parent relationships not resolved in v0; company_name missing; used ticker fallback; country unknown
ENT000201,ANPA,ANPA,ANPA,,TRUE,Unknown,Unknown,GSE580_theta_data.csv,2026-05-08,0.80,parent relationships not resolved in v0; company_name missing; used ticker fallback; country unknown
ENT000202,ANRO,ANRO,ANRO,,TRUE,Unknown,Unknown,GSE580_theta_data.csv,2026-05-08,0.80,parent relationships not resolved in v0; company_name missing; used ticker fallback; country unknown
ENT000203,ANTA,ANTA,ANTA,,TRUE,Unknown,Unknown,GSE580_theta_data.csv,2026-05-08,0.80,parent relationships not resolved in v0; company_name missing; used ticker fallback; country unknown
ENT000204,AOMR,AOMR,AOMR,,TRUE,Unknown,Unknown,GSE580_theta_data.csv,2026-05-08,0.80,parent relationships not resolved in v0; company_name missing; used ticker fallback; country unknown
ENT000205,AON,AON,AON,,TRUE,Unknown,Unknown,GSE580_theta_data.csv,2026-05-08,0.80,parent relationships not resolved in v0; company_name missing; used ticker fallback; country unknown
ENT000206,AONC,AONC,AONC,,TRUE,Unknown,Unknown,GSE580_theta_data.csv,2026-05-08,0.80,parent relationships not resolved in v0; company_name missing; used ticker fallback; country unknown
ENT000207,AORT,AORT,AORT,,TRUE,Unknown,Unknown,GSE580_theta_data.csv,2026-05-08,0.80,parent relationships not resolved in v0; company_name missing; used ticker fallback; country unknown
ENT000208,AOS,AOS,AOS,,TRUE,Unknown,Unknown,GSE580_theta_data.csv,2026-05-08,0.80,parent relationships not resolved in v0; company_name missing; used ticker fallback; country unknown
ENT000209,AOSL,AOSL,AOSL,,TRUE,Unknown,Unknown,GSE580_theta_data.csv,2026-05-08,0.80,parent relationships not resolved in v0; company_name missing; used ticker fallback; country unknown
ENT000210,APA,APA,APA,,TRUE,Unknown,Unknown,GSE580_theta_data.csv,2026-05-08,0.80,parent relationships not resolved in v0; company_name missing; used ticker fallback; country unknown
ENT000211,APAM,APAM,APAM,,TRUE,Unknown,Unknown,GSE580_theta_data.csv,2026-05-08,0.80,parent relationships not resolved in v0; company_name missing; used ticker fallback; country unknown
ENT000212,APD,APD,APD,,TRUE,Unknown,Unknown,GSE580_theta_data.csv,2026-05-08,0.80,parent relationships not resolved in v0; company_name missing; used ticker fallback; country unknown
ENT000213,APEI,APEI,APEI,,TRUE,Unknown,Unknown,GSE580_theta_data.csv,2026-05-08,0.80,parent relationships not resolved in v0; company_name missing; used ticker fallback; country unknown
ENT000214,APG,APG,APG,,TRUE,Unknown,Unknown,GSE580_theta_data.csv,2026-05-08,0.80,parent relationships not resolved in v0; company_name missing; used ticker fallback; country unknown
ENT000215,APH,APH,APH,,TRUE,Unknown,Unknown,GSE580_theta_data.csv,2026-05-08,0.80,parent relationships not resolved in v0; company_name missing; used ticker fallback; country unknown
ENT000216,API,API,API,,TRUE,Unknown,Unknown,GSE580_theta_data.csv,2026-05-08,0.80,parent relationships not resolved in v0; company_name missing; used ticker fallback; country unknown
ENT000217,APLD,APLD,APLD,,TRUE,Unknown,Unknown,GSE580_theta_data.csv,2026-05-08,0.80,parent relationships not resolved in v0; company_name missing; used ticker fallback; country unknown
ENT000218,APLE,APLE,APLE,,TRUE,Unknown,Unknown,GSE580_theta_data.csv,2026-05-08,0.80,parent relationships not resolved in v0; company_name missing; used ticker fallback; country unknown
ENT000219,APO,APO,APO,,TRUE,United States,North America,GSE580_theta_data.csv,2026-05-08,0.80,parent relationships not resolved in v0; company_name missing; used ticker fallback
ENT000220,APOG,APOG,APOG,,TRUE,Unknown,Unknown,GSE580_theta_data.csv,2026-05-08,0.80,parent relationships not resolved in v0; company_name missing; used ticker fallback; country unknown
ENT000221,APP,APP,APP,,TRUE,Unknown,Unknown,GSE580_theta_data.csv,2026-05-08,0.80,parent relationships not resolved in v0; company_name missing; used ticker fallback; country unknown
ENT000222,APPF,APPF,APPF,,TRUE,Unknown,Unknown,GSE580_theta_data.csv,2026-05-08,0.80,parent relationships not resolved in v0; company_name missing; used ticker fallback; country unknown
ENT000223,APPN,APPN,APPN,,TRUE,Unknown,Unknown,GSE580_theta_data.csv,2026-05-08,0.80,parent relationships not resolved in v0; company_name missing; used ticker fallback; country unknown
ENT000224,APPS,APPS,APPS,,TRUE,Unknown,Unknown,GSE580_theta_data.csv,2026-05-08,0.80,parent relationships not resolved in v0; company_name missing; used ticker fallback; country unknown
ENT000225,APTV,APTV,APTV,,TRUE,Unknown,Unknown,GSE580_theta_data.csv,2026-05-08,0.80,parent relationships not resolved in v0; company_name missing; used ticker fallback; country unknown
ENT000226,APYX,APYX,APYX,,TRUE,Unknown,Unknown,GSE580_theta_data.csv,2026-05-08,0.80,parent relationships not resolved in v0; company_name missing; used ticker fallback; country unknown
ENT000227,AQST,AQST,AQST,,TRUE,Unknown,Unknown,GSE580_theta_data.csv,2026-05-08,0.80,parent relationships not resolved in v0; company_name missing; used ticker fallback; country unknown
ENT000228,ARAI,ARAI,ARAI,,TRUE,Unknown,Unknown,GSE580_theta_data.csv,2026-05-08,0.80,parent relationships not resolved in v0; company_name missing; used ticker fallback; country unknown
ENT000229,ARAY,ARAY,ARAY,,TRUE,Unknown,Unknown,GSE580_theta_data.csv,2026-05-08,0.80,parent relationships not resolved in v0; company_name missing; used ticker fallback; country unknown
ENT000230,ARBE,ARBE,ARBE,,TRUE,Unknown,Unknown,GSE580_theta_data.csv,2026-05-08,0.80,parent relationships not resolved in v0; company_name missing; used ticker fallback; country unknown
ENT000231,ARCB,ARCB,ARCB,,TRUE,Unknown,Unknown,GSE580_theta_data.csv,2026-05-08,0.80,parent relationships not resolved in v0; company_name missing; used ticker fallback; country unknown
ENT000232,ARCO,ARCO,AR,,TRUE,Unknown,Unknown,GSE580_theta_data.csv,2026-05-08,0.80,parent relationships not resolved in v0; company_name missing; used ticker fallback; country unknown
ENT000233,ARDT,ARDT,ARDT,,TRUE,Unknown,Unknown,GSE580_theta_data.csv,2026-05-08,0.80,parent relationships not resolved in v0; company_name missing; used ticker fallback; country unknown
ENT000234,ARE,ARE,ARE,,TRUE,United States,North America,GSE580_theta_data.csv,2026-05-08,0.80,parent relationships not resolved in v0; company_name missing; used ticker fallback
ENT000235,AREC,AREC,AREC,,TRUE,Unknown,Unknown,GSE580_theta_data.csv,2026-05-08,0.80,parent relationships not resolved in v0; company_name missing; used ticker fallback; country unknown
ENT000236,AREN,AREN,AREN,,TRUE,Unknown,Unknown,GSE580_theta_data.csv,2026-05-08,0.80,parent relationships not resolved in v0; company_name missing; used ticker fallback; country unknown
ENT000237,ARES,ARES,ARES,,TRUE,Unknown,Unknown,GSE580_theta_data.csv,2026-05-08,0.80,parent relationships not resolved in v0; company_name missing; used ticker fallback; country unknown
ENT000238,ARHS,ARHS,ARHS,,TRUE,Unknown,Unknown,GSE580_theta_data.csv,2026-05-08,0.80,parent relationships not resolved in v0; company_name missing; used ticker fallback; country unknown
ENT000239,ARI,ARI,ARI,,TRUE,Unknown,Unknown,GSE580_theta_data.csv,2026-05-08,0.80,parent relationships not resolved in v0; company_name missing; used ticker fallback; country unknown
ENT000240,ARKO,ARKO,ARKO,,TRUE,Unknown,Unknown,GSE580_theta_data.csv,2026-05-08,0.80,parent relationships not resolved in v0; company_name missing; used ticker fallback; country unknown
ENT000241,ARL,ARL,ARL,,TRUE,Unknown,Unknown,GSE580_theta_data.csv,2026-05-08,0.80,parent relationships not resolved in v0; company_name missing; used ticker fallback; country unknown
ENT000242,ARLO,ARLO,ARLO,,TRUE,Unknown,Unknown,GSE580_theta_data.csv,2026-05-08,0.80,parent relationships not resolved in v0; company_name missing; used ticker fallback; country unknown
ENT000243,ARLP,ARLP,ARLP,,TRUE,Unknown,Unknown,GSE580_theta_data.csv,2026-05-08,0.80,parent relationships not resolved in v0; company_name missing; used ticker fallback; country unknown
ENT000244,ARM,ARM,ARM,,TRUE,Unknown,Unknown,GSE580_theta_data.csv,2026-05-08,0.80,parent relationships not resolved in v0; company_name missing; used ticker fallback; country unknown
ENT000245,ARMK,ARMK,ARMK,,TRUE,Unknown,Unknown,GSE580_theta_data.csv,2026-05-08,0.80,parent relationships not resolved in v0; company_name missing; used ticker fallback; country unknown
ENT000246,AROC,AROC,AROC,,TRUE,Unknown,Unknown,GSE580_theta_data.csv,2026-05-08,0.80,parent relationships not resolved in v0; company_name missing; used ticker fallback; country unknown
ENT000247,ARQ,ARQ,ARQ,,TRUE,Unknown,Unknown,GSE580_theta_data.csv,2026-05-08,0.80,parent relationships not resolved in v0; company_name missing; used ticker fallback; country unknown
ENT000248,ARQQ,ARQQ,ARQQ,,TRUE,Unknown,Unknown,GSE580_theta_data.csv,2026-05-08,0.80,parent relationships not resolved in v0; company_name missing; used ticker fallback; country unknown
ENT000249,ARR,ARR,ARR,,TRUE,Unknown,Unknown,GSE580_theta_data.csv,2026-05-08,0.80,parent relationships not resolved in v0; company_name missing; used ticker fallback; country unknown
ENT000250,ARRY,ARRY,ARRY,,TRUE,Unknown,Unknown,GSE580_theta_data.csv,2026-05-08,0.80,parent relationships not resolved in v0; company_name missing; used ticker fallback; country unknown
ENT000251,ARTN.A,ARTN.A,ARTN.A,,TRUE,Unknown,Unknown,GSE580_theta_data.csv,2026-05-08,0.80,parent relationships not resolved in v0; company_name missing; used ticker fallback; country unknown
ENT000252,ARVN,ARVN,ARVN,,TRUE,Unknown,Unknown,GSE580_theta_data.csv,2026-05-08,0.80,parent relationships not resolved in v0; company_name missing; used ticker fallback; country unknown
ENT000253,ARW,ARW,ARW,,TRUE,Unknown,Unknown,GSE580_theta_data.csv,2026-05-08,0.80,parent relationships not resolved in v0; company_name missing; used ticker fallback; country unknown
ENT000254,ARX,ARX,ARX,,TRUE,Unknown,Unknown,GSE580_theta_data.csv,2026-05-08,0.80,parent relationships not resolved in v0; company_name missing; used ticker fallback; country unknown
ENT000255,AS,AS,AS,,TRUE,Unknown,Unknown,GSE580_theta_data.csv,2026-05-08,0.80,parent relationships not resolved in v0; company_name missing; used ticker fallback; country unknown
ENT000256,ASAN,ASAN,ASAN,,TRUE,Unknown,Unknown,GSE580_theta_data.csv,2026-05-08,0.80,parent relationships not resolved in v0; company_name missing; used ticker fallback; country unknown
ENT000257,ASC,ASC,ASC,,TRUE,Unknown,Unknown,GSE580_theta_data.csv,2026-05-08,0.80,parent relationships not resolved in v0; company_name missing; used ticker fallback; country unknown
ENT000258,ASGN,ASGN,ASGN,,TRUE,Unknown,Unknown,GSE580_theta_data.csv,2026-05-08,0.80,parent relationships not resolved in v0; company_name missing; used ticker fallback; country unknown
ENT000259,ASH,ASH,ASH,,TRUE,Unknown,Unknown,GSE580_theta_data.csv,2026-05-08,0.80,parent relationships not resolved in v0; company_name missing; used ticker fallback; country unknown
ENT000260,ASIC,ASIC,ASIC,,TRUE,United States,North America,GSE580_theta_data.csv,2026-05-08,0.80,parent relationships not resolved in v0; company_name missing; used ticker fallback
ENT000261,ASIX,ASIX,ASIX,,TRUE,Unknown,Unknown,GSE580_theta_data.csv,2026-05-08,0.80,parent relationships not resolved in v0; company_name missing; used ticker fallback; country unknown
ENT000262,ASLE,ASLE,ASLE,,TRUE,Unknown,Unknown,GSE580_theta_data.csv,2026-05-08,0.80,parent relationships not resolved in v0; company_name missing; used ticker fallback; country unknown
ENT000263,ASML,ASML,ASML,,TRUE,Unknown,Unknown,GSE580_theta_data.csv,2026-05-08,0.80,parent relationships not resolved in v0; company_name missing; used ticker fallback; country unknown
ENT000264,ASO,ASO,ASO,,TRUE,Unknown,Unknown,GSE580_theta_data.csv,2026-05-08,0.80,parent relationships not resolved in v0; company_name missing; used ticker fallback; country unknown
ENT000265,ASPI,ASPI,ASPI,,TRUE,Unknown,Unknown,GSE580_theta_data.csv,2026-05-08,0.80,parent relationships not resolved in v0; company_name missing; used ticker fallback; country unknown
ENT000266,ASPN,ASPN,ASPN,,TRUE,Unknown,Unknown,GSE580_theta_data.csv,2026-05-08,0.80,parent relationships not resolved in v0; company_name missing; used ticker fallback; country unknown
ENT000267,ASPS,ASPS,ASPS,,TRUE,Unknown,Unknown,GSE580_theta_data.csv,2026-05-08,0.80,parent relationships not resolved in v0; company_name missing; used ticker fallback; country unknown
ENT000268,ASR,ASR,ASR,,TRUE,Unknown,Unknown,GSE580_theta_data.csv,2026-05-08,0.80,parent relationships not resolved in v0; company_name missing; used ticker fallback; country unknown
ENT000269,ASST,ASST,ASST,,TRUE,Unknown,Unknown,GSE580_theta_data.csv,2026-05-08,0.80,parent relationships not resolved in v0; company_name missing; used ticker fallback; country unknown
ENT000270,ASTE,ASTE,ASTE,,TRUE,Unknown,Unknown,GSE580_theta_data.csv,2026-05-08,0.80,parent relationships not resolved in v0; company_name missing; used ticker fallback; country unknown
ENT000271,ASTH,ASTH,ASTH,,TRUE,Unknown,Unknown,GSE580_theta_data.csv,2026-05-08,0.80,parent relationships not resolved in v0; company_name missing; used ticker fallback; country unknown
ENT000272,ASTL,ASTL,ASTL,,TRUE,Unknown,Unknown,GSE580_theta_data.csv,2026-05-08,0.80,parent relationships not resolved in v0; company_name missing; used ticker fallback; country unknown
ENT000273,ASTS,ASTS,ASTS,,TRUE,Unknown,Unknown,GSE580_theta_data.csv,2026-05-08,0.80,parent relationships not resolved in v0; company_name missing; used ticker fallback; country unknown
ENT000274,ASUR,ASUR,ASUR,,TRUE,Unknown,Unknown,GSE580_theta_data.csv,2026-05-08,0.80,parent relationships not resolved in v0; company_name missing; used ticker fallback; country unknown
ENT000275,ASX,ASX,ASX,,TRUE,Unknown,Unknown,GSE580_theta_data.csv,2026-05-08,0.80,parent relationships not resolved in v0; company_name missing; used ticker fallback; country unknown
ENT000276,ASX:ALL,ASX:ALL,ASX:ALL,,TRUE,Unknown,Unknown,GSE580_theta_data.csv,2026-05-08,0.80,parent relationships not resolved in v0; company_name missing; used ticker fallback; country unknown
ENT000277,ASX:ALQ,ASX:ALQ,ASX:ALQ,,TRUE,Unknown,Unknown,GSE580_theta_data.csv,2026-05-08,0.80,parent relationships not resolved in v0; company_name missing; used ticker fallback; country unknown
ENT000278,ASX:ANZ,ASX:ANZ,ASX:ANZ,,TRUE,Unknown,Unknown,GSE580_theta_data.csv,2026-05-08,0.80,parent relationships not resolved in v0; company_name missing; used ticker fallback; country unknown
ENT000279,ASX:APX,ASX:APX,ASX:APX,,TRUE,Unknown,Unknown,GSE580_theta_data.csv,2026-05-08,0.80,parent relationships not resolved in v0; company_name missing; used ticker fallback; country unknown
ENT000280,ASX:BHP,ASX:BHP,ASX:BHP,,TRUE,Unknown,Unknown,GSE580_theta_data.csv,2026-05-08,0.80,parent relationships not resolved in v0; company_name missing; used ticker fallback; country unknown
ENT000281,ASX:BXB,ASX:BXB,ASX:BXB,,TRUE,Unknown,Unknown,GSE580_theta_data.csv,2026-05-08,0.80,parent relationships not resolved in v0; company_name missing; used ticker fallback; country unknown
ENT000282,ASX:CBA,ASX:CBA,ASX:CBA,,TRUE,Unknown,Unknown,GSE580_theta_data.csv,2026-05-08,0.80,parent relationships not resolved in v0; company_name missing; used ticker fallback; country unknown
ENT000283,ASX:CCV,ASX:CCV,ASX:CCV,,TRUE,Unknown,Unknown,GSE580_theta_data.csv,2026-05-08,0.80,parent relationships not resolved in v0; company_name missing; used ticker fallback; country unknown
ENT000284,ASX:COH,ASX:COH,ASX:COH,,TRUE,Unknown,Unknown,GSE580_theta_data.csv,2026-05-08,0.80,parent relationships not resolved in v0; company_name missing; used ticker fallback; country unknown
ENT000285,ASX:COL,ASX:COL,ASX:COL,,TRUE,Unknown,Unknown,GSE580_theta_data.csv,2026-05-08,0.80,parent relationships not resolved in v0; company_name missing; used ticker fallback; country unknown
ENT000286,ASX:CPU,ASX:CPU,ASX:CPU,,TRUE,Unknown,Unknown,GSE580_theta_data.csv,2026-05-08,0.80,parent relationships not resolved in v0; company_name missing; used ticker fallback; country unknown
ENT000287,ASX:CSL,ASX:CSL,ASX:CSL,,TRUE,Unknown,Unknown,GSE580_theta_data.csv,2026-05-08,0.80,parent relationships not resolved in v0; company_name missing; used ticker fallback; country unknown
ENT000288,ASX:CTD,ASX:CTD,ASX:CTD,,TRUE,Unknown,Unknown,GSE580_theta_data.csv,2026-05-08,0.80,parent relationships not resolved in v0; company_name missing; used ticker fallback; country unknown
ENT000289,ASX:DRO,ASX:DRO,ASX:DRO,,TRUE,Unknown,Unknown,GSE580_theta_data.csv,2026-05-08,0.80,parent relationships not resolved in v0; company_name missing; used ticker fallback; country unknown
ENT000290,ASX:FCL,ASX:FCL,ASX:FCL,,TRUE,Unknown,Unknown,GSE580_theta_data.csv,2026-05-08,0.80,parent relationships not resolved in v0; company_name missing; used ticker fallback; country unknown
ENT000291,ASX:FLN,ASX:FLN,ASX:FLN,,TRUE,Unknown,Unknown,GSE580_theta_data.csv,2026-05-08,0.80,parent relationships not resolved in v0; company_name missing; used ticker fallback; country unknown
ENT000292,ASX:FMG,ASX:FMG,ASX:FMG,,TRUE,Unknown,Unknown,GSE580_theta_data.csv,2026-05-08,0.80,parent relationships not resolved in v0; company_name missing; used ticker fallback; country unknown
ENT000293,ASX:GEM,ASX:GEM,ASX:GEM,,TRUE,Unknown,Unknown,GSE580_theta_data.csv,2026-05-08,0.80,parent relationships not resolved in v0; company_name missing; used ticker fallback; country unknown
ENT000294,ASX:GMG,ASX:GMG,ASX:GMG,,TRUE,Unknown,Unknown,GSE580_theta_data.csv,2026-05-08,0.80,parent relationships not resolved in v0; company_name missing; used ticker fallback; country unknown
ENT000295,ASX:IEL,ASX:IEL,ASX:IEL,,TRUE,Unknown,Unknown,GSE580_theta_data.csv,2026-05-08,0.80,parent relationships not resolved in v0; company_name missing; used ticker fallback; country unknown
ENT000296,ASX:IRE,ASX:IRE,ASX:IRE,,TRUE,Unknown,Unknown,GSE580_theta_data.csv,2026-05-08,0.80,parent relationships not resolved in v0; company_name missing; used ticker fallback; country unknown
ENT000297,ASX:JBH,ASX:JBH,ASX:JBH,,TRUE,Unknown,Unknown,GSE580_theta_data.csv,2026-05-08,0.80,parent relationships not resolved in v0; company_name missing; used ticker fallback; country unknown
ENT000298,ASX:LYC,ASX:LYC,ASX:LYC,,TRUE,Unknown,Unknown,GSE580_theta_data.csv,2026-05-08,0.80,parent relationships not resolved in v0; company_name missing; used ticker fallback; country unknown
ENT000299,ASX:MAH,ASX:MAH,ASX:MAH,,TRUE,Unknown,Unknown,GSE580_theta_data.csv,2026-05-08,0.80,parent relationships not resolved in v0; company_name missing; used ticker fallback; country unknown
ENT000300,ASX:MIN,ASX:MIN,ASX:MIN,,TRUE,Unknown,Unknown,GSE580_theta_data.csv,2026-05-08,0.80,parent relationships not resolved in v0; company_name missing; used ticker fallback; country unknown
ENT000301,ASX:MQG,ASX:MQG,ASX:MQG,,TRUE,Unknown,Unknown,GSE580_theta_data.csv,2026-05-08,0.80,parent relationships not resolved in v0; company_name missing; used ticker fallback; country unknown
ENT000302,ASX:NAB,ASX:NAB,ASX:NAB,,TRUE,Unknown,Unknown,GSE580_theta_data.csv,2026-05-08,0.80,parent relationships not resolved in v0; company_name missing; used ticker fallback; country unknown
ENT000303,ASX:NTU,ASX:NTU,ASX:NTU,,TRUE,Unknown,Unknown,GSE580_theta_data.csv,2026-05-08,0.80,parent relationships not resolved in v0; company_name missing; used ticker fallback; country unknown
ENT000304,ASX:NUF,ASX:NUF,ASX:NUF,,TRUE,Unknown,Unknown,GSE580_theta_data.csv,2026-05-08,0.80,parent relationships not resolved in v0; company_name missing; used ticker fallback; country unknown
ENT000305,ASX:NWH,ASX:NWH,ASX:NWH,,TRUE,Unknown,Unknown,GSE580_theta_data.csv,2026-05-08,0.80,parent relationships not resolved in v0; company_name missing; used ticker fallback; country unknown
ENT000306,ASX:OBL,ASX:OBL,ASX:OBL,,TRUE,Unknown,Unknown,GSE580_theta_data.csv,2026-05-08,0.80,parent relationships not resolved in v0; company_name missing; used ticker fallback; country unknown
ENT000307,ASX:PLS,ASX:PLS,ASX:PLS,,TRUE,Unknown,Unknown,GSE580_theta_data.csv,2026-05-08,0.80,parent relationships not resolved in v0; company_name missing; used ticker fallback; country unknown
ENT000308,ASX:QBE,ASX:QBE,ASX:QBE,,TRUE,Unknown,Unknown,GSE580_theta_data.csv,2026-05-08,0.80,parent relationships not resolved in v0; company_name missing; used ticker fallback; country unknown
ENT000309,ASX:REA,ASX:REA,ASX:REA,,TRUE,Unknown,Unknown,GSE580_theta_data.csv,2026-05-08,0.80,parent relationships not resolved in v0; company_name missing; used ticker fallback; country unknown
ENT000310,ASX:RHC,ASX:RHC,ASX:RHC,,TRUE,Unknown,Unknown,GSE580_theta_data.csv,2026-05-08,0.80,parent relationships not resolved in v0; company_name missing; used ticker fallback; country unknown
ENT000311,ASX:SEK,ASX:SEK,ASX:SEK,,TRUE,Unknown,Unknown,GSE580_theta_data.csv,2026-05-08,0.80,parent relationships not resolved in v0; company_name missing; used ticker fallback; country unknown
ENT000312,ASX:SHL,ASX:SHL,ASX:SHL,,TRUE,Unknown,Unknown,GSE580_theta_data.csv,2026-05-08,0.80,parent relationships not resolved in v0; company_name missing; used ticker fallback; country unknown
ENT000313,ASX:STO,ASX:STO,ASX:STO,,TRUE,Unknown,Unknown,GSE580_theta_data.csv,2026-05-08,0.80,parent relationships not resolved in v0; company_name missing; used ticker fallback; country unknown
ENT000314,ASX:TCL,ASX:TCL,ASX:TCL,,TRUE,Unknown,Unknown,GSE580_theta_data.csv,2026-05-08,0.80,parent relationships not resolved in v0; company_name missing; used ticker fallback; country unknown
ENT000315,ASX:TLS,ASX:TLS,ASX:TLS,,TRUE,Unknown,Unknown,GSE580_theta_data.csv,2026-05-08,0.80,parent relationships not resolved in v0; company_name missing; used ticker fallback; country unknown
ENT000316,ASX:TLX,ASX:TLX,ASX:TLX,,TRUE,Unknown,Unknown,GSE580_theta_data.csv,2026-05-08,0.80,parent relationships not resolved in v0; company_name missing; used ticker fallback; country unknown
ENT000317,ASX:TNE,ASX:TNE,ASX:TNE,,TRUE,Unknown,Unknown,GSE580_theta_data.csv,2026-05-08,0.80,parent relationships not resolved in v0; company_name missing; used ticker fallback; country unknown
ENT000318,ASX:TWE,ASX:TWE,ASX:TWE,,TRUE,Unknown,Unknown,GSE580_theta_data.csv,2026-05-08,0.80,parent relationships not resolved in v0; company_name missing; used ticker fallback; country unknown
ENT000319,ASX:VNT,ASX:VNT,ASX:VNT,,TRUE,Unknown,Unknown,GSE580_theta_data.csv,2026-05-08,0.80,parent relationships not resolved in v0; company_name missing; used ticker fallback; country unknown
ENT000320,ASX:WDS,ASX:WDS,ASX:WDS,,TRUE,Unknown,Unknown,GSE580_theta_data.csv,2026-05-08,0.80,parent relationships not resolved in v0; company_name missing; used ticker fallback; country unknown
ENT000321,ASX:WES,ASX:WES,ASX:WES,,TRUE,Unknown,Unknown,GSE580_theta_data.csv,2026-05-08,0.80,parent relationships not resolved in v0; company_name missing; used ticker fallback; country unknown
ENT000322,ASX:WHC,ASX:WHC,ASX:WHC,,TRUE,Unknown,Unknown,GSE580_theta_data.csv,2026-05-08,0.80,parent relationships not resolved in v0; company_name missing; used ticker fallback; country unknown
ENT000323,ASX:WOW,ASX:WOW,ASX:WOW,,TRUE,Unknown,Unknown,GSE580_theta_data.csv,2026-05-08,0.80,parent relationships not resolved in v0; company_name missing; used ticker fallback; country unknown
ENT000324,ASX:WTC,ASX:WTC,ASX:WTC,,TRUE,Unknown,Unknown,GSE580_theta_data.csv,2026-05-08,0.80,parent relationships not resolved in v0; company_name missing; used ticker fallback; country unknown
ENT000325,ASX:XRO,ASX:XRO,ASX:XRO,,TRUE,Unknown,Unknown,GSE580_theta_data.csv,2026-05-08,0.80,parent relationships not resolved in v0; company_name missing; used ticker fallback; country unknown
ENT000326,ASX:ZIP,ASX:ZIP,ASX:ZIP,,TRUE,Unknown,Unknown,GSE580_theta_data.csv,2026-05-08,0.80,parent relationships not resolved in v0; company_name missing; used ticker fallback; country unknown
ENT000327,ASYS,ASYS,ASYS,,TRUE,Unknown,Unknown,GSE580_theta_data.csv,2026-05-08,0.80,parent relationships not resolved in v0; company_name missing; used ticker fallback; country unknown
ENT000328,ATAI,ATAI,ATAI,,TRUE,Unknown,Unknown,GSE580_theta_data.csv,2026-05-08,0.80,parent relationships not resolved in v0; company_name missing; used ticker fallback; country unknown
ENT000329,ATAT,ATAT,ATAT,,TRUE,Unknown,Unknown,GSE580_theta_data.csv,2026-05-08,0.80,parent relationships not resolved in v0; company_name missing; used ticker fallback; country unknown
ENT000330,ATEC,ATEC,ATEC,,TRUE,United States,North America,GSE580_theta_data.csv,2026-05-08,0.80,parent relationships not resolved in v0; company_name missing; used ticker fallback
ENT000331,ATEN,ATEN,ATEN,,TRUE,Unknown,Unknown,GSE580_theta_data.csv,2026-05-08,0.80,parent relationships not resolved in v0; company_name missing; used ticker fallback; country unknown
ENT000332,ATEX,ATEX,ATEX,,TRUE,Unknown,Unknown,GSE580_theta_data.csv,2026-05-08,0.80,parent relationships not resolved in v0; company_name missing; used ticker fallback; country unknown
ENT000333,ATGE,ATGE,ATGE,,TRUE,Unknown,Unknown,GSE580_theta_data.csv,2026-05-08,0.80,parent relationships not resolved in v0; company_name missing; used ticker fallback; country unknown
ENT000334,ATGL,ATGL,ATGL,,TRUE,Unknown,Unknown,GSE580_theta_data.csv,2026-05-08,0.80,parent relationships not resolved in v0; company_name missing; used ticker fallback; country unknown
ENT000335,ATHM,ATHM,ATHM,,TRUE,Unknown,Unknown,GSE580_theta_data.csv,2026-05-08,0.80,parent relationships not resolved in v0; company_name missing; used ticker fallback; country unknown
ENT000336,ATI,ATI,ATI,,TRUE,Unknown,Unknown,GSE580_theta_data.csv,2026-05-08,0.80,parent relationships not resolved in v0; company_name missing; used ticker fallback; country unknown
ENT000337,ATKR,ATKR,ATKR,,TRUE,Unknown,Unknown,GSE580_theta_data.csv,2026-05-08,0.80,parent relationships not resolved in v0; company_name missing; used ticker fallback; country unknown
ENT000338,ATLC,ATLC,ATLC,,TRUE,Unknown,Unknown,GSE580_theta_data.csv,2026-05-08,0.80,parent relationships not resolved in v0; company_name missing; used ticker fallback; country unknown
ENT000339,ATLN,ATLN,ATLN,,TRUE,Unknown,Unknown,GSE580_theta_data.csv,2026-05-08,0.80,parent relationships not resolved in v0; company_name missing; used ticker fallback; country unknown
ENT000340,ATMU,ATMU,ATMU,,TRUE,Unknown,Unknown,GSE580_theta_data.csv,2026-05-08,0.80,parent relationships not resolved in v0; company_name missing; used ticker fallback; country unknown
ENT000341,ATNI,ATNI,ATNI,,TRUE,Unknown,Unknown,GSE580_theta_data.csv,2026-05-08,0.80,parent relationships not resolved in v0; company_name missing; used ticker fallback; country unknown
ENT000342,ATO,ATO,ATO,,TRUE,Unknown,Unknown,GSE580_theta_data.csv,2026-05-08,0.80,parent relationships not resolved in v0; company_name missing; used ticker fallback; country unknown
ENT000343,ATR,ATR,ATR,,TRUE,Unknown,Unknown,GSE580_theta_data.csv,2026-05-08,0.80,parent relationships not resolved in v0; company_name missing; used ticker fallback; country unknown
ENT000344,ATRC,ATRC,ATRC,,TRUE,Unknown,Unknown,GSE580_theta_data.csv,2026-05-08,0.80,parent relationships not resolved in v0; company_name missing; used ticker fallback; country unknown
ENT000345,ATRO,ATRO,ATRO,,TRUE,Unknown,Unknown,GSE580_theta_data.csv,2026-05-08,0.80,parent relationships not resolved in v0; company_name missing; used ticker fallback; country unknown
ENT000346,ATS,ATS,ATS,,TRUE,Unknown,Unknown,GSE580_theta_data.csv,2026-05-08,0.80,parent relationships not resolved in v0; company_name missing; used ticker fallback; country unknown
ENT000347,AU,AU,AU,,TRUE,Unknown,Unknown,GSE580_theta_data.csv,2026-05-08,0.80,parent relationships not resolved in v0; company_name missing; used ticker fallback; country unknown
ENT000348,AUDC,AUDC,AUDC,,TRUE,Unknown,Unknown,GSE580_theta_data.csv,2026-05-08,0.80,parent relationships not resolved in v0; company_name missing; used ticker fallback; country unknown
ENT000349,AUGO,AUGO,AUGO,,TRUE,Unknown,Unknown,GSE580_theta_data.csv,2026-05-08,0.80,parent relationships not resolved in v0; company_name missing; used ticker fallback; country unknown
ENT000350,AUNA,AUNA,AUNA,,TRUE,Unknown,Unknown,GSE580_theta_data.csv,2026-05-08,0.80,parent relationships not resolved in v0; company_name missing; used ticker fallback; country unknown
ENT000351,AUR,AUR,AUR,,TRUE,Unknown,Unknown,GSE580_theta_data.csv,2026-05-08,0.80,parent relationships not resolved in v0; company_name missing; used ticker fallback; country unknown
ENT000352,AVA,AVA,AVA,,TRUE,Unknown,Unknown,GSE580_theta_data.csv,2026-05-08,0.80,parent relationships not resolved in v0; company_name missing; used ticker fallback; country unknown
ENT000353,AVAH,AVAH,AVAH,,TRUE,Unknown,Unknown,GSE580_theta_data.csv,2026-05-08,0.80,parent relationships not resolved in v0; company_name missing; used ticker fallback; country unknown
ENT000354,AVAL,AVAL,AVAL,,TRUE,Unknown,Unknown,GSE580_theta_data.csv,2026-05-08,0.80,parent relationships not resolved in v0; company_name missing; used ticker fallback; country unknown
ENT000355,AVAV,AVAV,AVAV,,TRUE,Unknown,Unknown,GSE580_theta_data.csv,2026-05-08,0.80,parent relationships not resolved in v0; company_name missing; used ticker fallback; country unknown
ENT000356,AVB,AVB,AVB,,TRUE,Unknown,Unknown,GSE580_theta_data.csv,2026-05-08,0.80,parent relationships not resolved in v0; company_name missing; used ticker fallback; country unknown
ENT000357,AVD,AVD,AVD,,TRUE,Unknown,Unknown,GSE580_theta_data.csv,2026-05-08,0.80,parent relationships not resolved in v0; company_name missing; used ticker fallback; country unknown
ENT000358,AVDL,AVDL,AVDL,,TRUE,Unknown,Unknown,GSE580_theta_data.csv,2026-05-08,0.80,parent relationships not resolved in v0; company_name missing; used ticker fallback; country unknown
ENT000359,AVGO,AVGO,AVGO,,TRUE,Unknown,Unknown,GSE580_theta_data.csv,2026-05-08,0.80,parent relationships not resolved in v0; company_name missing; used ticker fallback; country unknown
ENT000360,AVIR,AVIR,AVIR,,TRUE,Unknown,Unknown,GSE580_theta_data.csv,2026-05-08,0.80,parent relationships not resolved in v0; company_name missing; used ticker fallback; country unknown
ENT000361,AVNS,AVNS,AVNS,,TRUE,Unknown,Unknown,GSE580_theta_data.csv,2026-05-08,0.80,parent relationships not resolved in v0; company_name missing; used ticker fallback; country unknown
ENT000362,AVNT,AVNT,AVNT,,TRUE,Unknown,Unknown,GSE580_theta_data.csv,2026-05-08,0.80,parent relationships not resolved in v0; company_name missing; used ticker fallback; country unknown
ENT000363,AVNW,AVNW,AVNW,,TRUE,Unknown,Unknown,GSE580_theta_data.csv,2026-05-08,0.80,parent relationships not resolved in v0; company_name missing; used ticker fallback; country unknown
ENT000364,AVO,AVO,AVO,,TRUE,Unknown,Unknown,GSE580_theta_data.csv,2026-05-08,0.80,parent relationships not resolved in v0; company_name missing; used ticker fallback; country unknown
ENT000365,AVPT,AVPT,AVPT,,TRUE,Unknown,Unknown,GSE580_theta_data.csv,2026-05-08,0.80,parent relationships not resolved in v0; company_name missing; used ticker fallback; country unknown
ENT000366,AVR,AVR,AVR,,TRUE,Unknown,Unknown,GSE580_theta_data.csv,2026-05-08,0.80,parent relationships not resolved in v0; company_name missing; used ticker fallback; country unknown
ENT000367,AVT,AVT,AVT,,TRUE,Unknown,Unknown,GSE580_theta_data.csv,2026-05-08,0.80,parent relationships not resolved in v0; company_name missing; used ticker fallback; country unknown
ENT000368,AVTR,AVTR,AVTR,,TRUE,Unknown,Unknown,GSE580_theta_data.csv,2026-05-08,0.80,parent relationships not resolved in v0; company_name missing; used ticker fallback; country unknown
ENT000369,AVX,AVX,AVX,,TRUE,Unknown,Unknown,GSE580_theta_data.csv,2026-05-08,0.80,parent relationships not resolved in v0; company_name missing; used ticker fallback; country unknown
ENT000370,AVY,AVY,AVY,,TRUE,Unknown,Unknown,GSE580_theta_data.csv,2026-05-08,0.80,parent relationships not resolved in v0; company_name missing; used ticker fallback; country unknown
ENT000371,AWI,AWI,AWI,,TRUE,Unknown,Unknown,GSE580_theta_data.csv,2026-05-08,0.80,parent relationships not resolved in v0; company_name missing; used ticker fallback; country unknown
ENT000372,AWK,AWK,AWK,,TRUE,Unknown,Unknown,GSE580_theta_data.csv,2026-05-08,0.80,parent relationships not resolved in v0; company_name missing; used ticker fallback; country unknown
ENT000373,AWR,AWR,AWR,,TRUE,Unknown,Unknown,GSE580_theta_data.csv,2026-05-08,0.80,parent relationships not resolved in v0; company_name missing; used ticker fallback; country unknown
ENT000374,AX,AX,AX,,TRUE,Unknown,Unknown,GSE580_theta_data.csv,2026-05-08,0.80,parent relationships not resolved in v0; company_name missing; used ticker fallback; country unknown
ENT000375,AXG,AXG,AXG,,TRUE,Unknown,Unknown,GSE580_theta_data.csv,2026-05-08,0.80,parent relationships not resolved in v0; company_name missing; used ticker fallback; country unknown
ENT000376,AXGN,AXGN,AXGN,,TRUE,Unknown,Unknown,GSE580_theta_data.csv,2026-05-08,0.80,parent relationships not resolved in v0; company_name missing; used ticker fallback; country unknown
ENT000377,AXL,AXL,AXL,,TRUE,Unknown,Unknown,GSE580_theta_data.csv,2026-05-08,0.80,parent relationships not resolved in v0; company_name missing; used ticker fallback; country unknown
ENT000378,AXON,AXON,AXON,,TRUE,Unknown,Unknown,GSE580_theta_data.csv,2026-05-08,0.80,parent relationships not resolved in v0; company_name missing; used ticker fallback; country unknown
ENT000379,AXP,AXP,AXP,,TRUE,Unknown,Unknown,GSE580_theta_data.csv,2026-05-08,0.80,parent relationships not resolved in v0; company_name missing; used ticker fallback; country unknown
ENT000380,AXR,AXR,AXR,,TRUE,Unknown,Unknown,GSE580_theta_data.csv,2026-05-08,0.80,parent relationships not resolved in v0; company_name missing; used ticker fallback; country unknown
ENT000381,AXS,AXS,AXS,,TRUE,Unknown,Unknown,GSE580_theta_data.csv,2026-05-08,0.80,parent relationships not resolved in v0; company_name missing; used ticker fallback; country unknown
ENT000382,AXSM,AXSM,AXSM,,TRUE,Unknown,Unknown,GSE580_theta_data.csv,2026-05-08,0.80,parent relationships not resolved in v0; company_name missing; used ticker fallback; country unknown
ENT000383,AXTA,AXTA,AXTA,,TRUE,Unknown,Unknown,GSE580_theta_data.csv,2026-05-08,0.80,parent relationships not resolved in v0; company_name missing; used ticker fallback; country unknown
ENT000384,AXTI,AXTI,AXTI,,TRUE,Unknown,Unknown,GSE580_theta_data.csv,2026-05-08,0.80,parent relationships not resolved in v0; company_name missing; used ticker fallback; country unknown
ENT000385,AYI,AYI,AYI,,TRUE,Unknown,Unknown,GSE580_theta_data.csv,2026-05-08,0.80,parent relationships not resolved in v0; company_name missing; used ticker fallback; country unknown
ENT000386,AZ,AZ,AZ,,TRUE,Unknown,Unknown,GSE580_theta_data.csv,2026-05-08,0.80,parent relationships not resolved in v0; company_name missing; used ticker fallback; country unknown
ENT000387,AZEK,AZEK,AZEK,,TRUE,Unknown,Unknown,GSE580_theta_data.csv,2026-05-08,0.80,parent relationships not resolved in v0; company_name missing; used ticker fallback; country unknown
ENT000388,AZN,AZN,AZN,,TRUE,Unknown,Unknown,GSE580_theta_data.csv,2026-05-08,0.80,parent relationships not resolved in v0; company_name missing; used ticker fallback; country unknown
ENT000389,AZO,AZO,AZO,,TRUE,Unknown,Unknown,GSE580_theta_data.csv,2026-05-08,0.80,parent relationships not resolved in v0; company_name missing; used ticker fallback; country unknown
ENT000390,AZTA,AZTA,AZTA,,TRUE,Unknown,Unknown,GSE580_theta_data.csv,2026-05-08,0.80,parent relationships not resolved in v0; company_name missing; used ticker fallback; country unknown
ENT000391,AZZ,AZZ,AZZ,,TRUE,Unknown,Unknown,GSE580_theta_data.csv,2026-05-08,0.80,parent relationships not resolved in v0; company_name missing; used ticker fallback; country unknown
ENT000392,B3:BRFS3,B3:BRFS3,B3:BRFS3,,TRUE,Unknown,Unknown,GSE580_theta_data.csv,2026-05-08,0.80,parent relationships not resolved in v0; company_name missing; used ticker fallback; country unknown
ENT000393,BA,BA,BA,,TRUE,Unknown,Unknown,GSE580_theta_data.csv,2026-05-08,0.80,parent relationships not resolved in v0; company_name missing; used ticker fallback; country unknown
ENT000394,BABA,BABA,BABA,,TRUE,Unknown,Unknown,GSE580_theta_data.csv,2026-05-08,0.80,parent relationships not resolved in v0; company_name missing; used ticker fallback; country unknown
ENT000395,BAC,BAC,BAC,,TRUE,Unknown,Unknown,GSE580_theta_data.csv,2026-05-08,0.80,parent relationships not resolved in v0; company_name missing; used ticker fallback; country unknown
ENT000396,BAER,BAER,BAER,,TRUE,Unknown,Unknown,GSE580_theta_data.csv,2026-05-08,0.80,parent relationships not resolved in v0; company_name missing; used ticker fallback; country unknown
ENT000397,BAH,BAH,BAH,,TRUE,United States,North America,GSE580_theta_data.csv,2026-05-08,0.80,parent relationships not resolved in v0; company_name missing; used ticker fallback
ENT000398,BAK,BAK,BAK,,TRUE,Unknown,Unknown,GSE580_theta_data.csv,2026-05-08,0.80,parent relationships not resolved in v0; company_name missing; used ticker fallback; country unknown
ENT000399,BALL,BALL,BALL,,TRUE,Unknown,Unknown,GSE580_theta_data.csv,2026-05-08,0.80,parent relationships not resolved in v0; company_name missing; used ticker fallback; country unknown
ENT000400,BALY,BALY,BALY,,TRUE,Unknown,Unknown,GSE580_theta_data.csv,2026-05-08,0.80,parent relationships not resolved in v0; company_name missing; used ticker fallback; country unknown
ENT000401,BAM,BAM,BAM,,TRUE,Unknown,Unknown,GSE580_theta_data.csv,2026-05-08,0.80,parent relationships not resolved in v0; company_name missing; used ticker fallback; country unknown
ENT000402,BANC,BANC,BANC,,TRUE,Unknown,Unknown,GSE580_theta_data.csv,2026-05-08,0.80,parent relationships not resolved in v0; company_name missing; used ticker fallback; country unknown
ENT000403,BAND,BAND,BAND,,TRUE,United States,North America,GSE580_theta_data.csv,2026-05-08,0.80,parent relationships not resolved in v0; company_name missing; used ticker fallback
ENT000404,BANF,BANF,BANF,,TRUE,Unknown,Unknown,GSE580_theta_data.csv,2026-05-08,0.80,parent relationships not resolved in v0; company_name missing; used ticker fallback; country unknown
ENT000405,BAP,BAP,BAP,,TRUE,Unknown,Unknown,GSE580_theta_data.csv,2026-05-08,0.80,parent relationships not resolved in v0; company_name missing; used ticker fallback; country unknown
ENT000406,BARK,BARK,BARK,,TRUE,Unknown,Unknown,GSE580_theta_data.csv,2026-05-08,0.80,parent relationships not resolved in v0; company_name missing; used ticker fallback; country unknown
ENT000407,BATR.A,BATR.A,BATR.A,,TRUE,Unknown,Unknown,GSE580_theta_data.csv,2026-05-08,0.80,parent relationships not resolved in v0; company_name missing; used ticker fallback; country unknown
ENT000408,BATR.K,BATR.K,BATR.K,,TRUE,Unknown,Unknown,GSE580_theta_data.csv,2026-05-08,0.80,parent relationships not resolved in v0; company_name missing; used ticker fallback; country unknown
ENT000409,BAX,BAX,BAX,,TRUE,Unknown,Unknown,GSE580_theta_data.csv,2026-05-08,0.80,parent relationships not resolved in v0; company_name missing; used ticker fallback; country unknown
ENT000410,BB,BB,BB,,TRUE,Unknown,Unknown,GSE580_theta_data.csv,2026-05-08,0.80,parent relationships not resolved in v0; company_name missing; used ticker fallback; country unknown
ENT000411,BBAI,BBAI,BBAI,,TRUE,Unknown,Unknown,GSE580_theta_data.csv,2026-05-08,0.80,parent relationships not resolved in v0; company_name missing; used ticker fallback; country unknown
ENT000412,BBAR,BBAR,BBAR,,TRUE,Unknown,Unknown,GSE580_theta_data.csv,2026-05-08,0.80,parent relationships not resolved in v0; company_name missing; used ticker fallback; country unknown
ENT000413,BBCP,BBCP,BBCP,,TRUE,Unknown,Unknown,GSE580_theta_data.csv,2026-05-08,0.80,parent relationships not resolved in v0; company_name missing; used ticker fallback; country unknown
ENT000414,BBD,BBD,BBD,,TRUE,Unknown,Unknown,GSE580_theta_data.csv,2026-05-08,0.80,parent relationships not resolved in v0; company_name missing; used ticker fallback; country unknown
ENT000415,BBDO,BBDO,BBDO,,TRUE,Unknown,Unknown,GSE580_theta_data.csv,2026-05-08,0.80,parent relationships not resolved in v0; company_name missing; used ticker fallback; country unknown
ENT000416,BBNX,BBNX,BBNX,,TRUE,Unknown,Unknown,GSE580_theta_data.csv,2026-05-08,0.80,parent relationships not resolved in v0; company_name missing; used ticker fallback; country unknown
ENT000417,BBSI,BBSI,BBSI,,TRUE,Unknown,Unknown,GSE580_theta_data.csv,2026-05-08,0.80,parent relationships not resolved in v0; company_name missing; used ticker fallback; country unknown
ENT000418,BBU,BBU,BBU,,TRUE,Unknown,Unknown,GSE580_theta_data.csv,2026-05-08,0.80,parent relationships not resolved in v0; company_name missing; used ticker fallback; country unknown
ENT000419,BBUC,BBUC,BBUC,,TRUE,Unknown,Unknown,GSE580_theta_data.csv,2026-05-08,0.80,parent relationships not resolved in v0; company_name missing; used ticker fallback; country unknown
ENT000420,BBVA,BBVA,BBVA,,TRUE,Unknown,Unknown,GSE580_theta_data.csv,2026-05-08,0.80,parent relationships not resolved in v0; company_name missing; used ticker fallback; country unknown
ENT000421,BBW,BBW,BBW,,TRUE,Unknown,Unknown,GSE580_theta_data.csv,2026-05-08,0.80,parent relationships not resolved in v0; company_name missing; used ticker fallback; country unknown
ENT000422,BBWI,BBWI,BBWI,,TRUE,Unknown,Unknown,GSE580_theta_data.csv,2026-05-08,0.80,parent relationships not resolved in v0; company_name missing; used ticker fallback; country unknown
ENT000423,BBY,BBY,BBY,,TRUE,Unknown,Unknown,GSE580_theta_data.csv,2026-05-08,0.80,parent relationships not resolved in v0; company_name missing; used ticker fallback; country unknown
ENT000424,BC,BC,BC,,TRUE,Unknown,Unknown,GSE580_theta_data.csv,2026-05-08,0.80,parent relationships not resolved in v0; company_name missing; used ticker fallback; country unknown
ENT000425,BCC,BCC,BCC,,TRUE,United States,North America,GSE580_theta_data.csv,2026-05-08,0.80,parent relationships not resolved in v0; company_name missing; used ticker fallback
ENT000426,BCE,BCE,BCE,,TRUE,Unknown,Unknown,GSE580_theta_data.csv,2026-05-08,0.80,parent relationships not resolved in v0; company_name missing; used ticker fallback; country unknown
ENT000427,BCH,BCH,BCH,,TRUE,Unknown,Unknown,GSE580_theta_data.csv,2026-05-08,0.80,parent relationships not resolved in v0; company_name missing; used ticker fallback; country unknown
ENT000428,BCO,BCO,B,,TRUE,Unknown,Unknown,GSE580_theta_data.csv,2026-05-08,0.80,parent relationships not resolved in v0; company_name missing; used ticker fallback; country unknown
ENT000429,BCPC,BCPC,BCPC,,TRUE,Unknown,Unknown,GSE580_theta_data.csv,2026-05-08,0.80,parent relationships not resolved in v0; company_name missing; used ticker fallback; country unknown
ENT000430,BCRD,BCRD,BCRD,,TRUE,Unknown,Unknown,GSE580_theta_data.csv,2026-05-08,0.80,parent relationships not resolved in v0; company_name missing; used ticker fallback; country unknown
ENT000431,BCS,BCS,BCS,,TRUE,Unknown,Unknown,GSE580_theta_data.csv,2026-05-08,0.80,parent relationships not resolved in v0; company_name missing; used ticker fallback; country unknown
ENT000432,BDC,BDC,BDC,,TRUE,Unknown,Unknown,GSE580_theta_data.csv,2026-05-08,0.80,parent relationships not resolved in v0; company_name missing; used ticker fallback; country unknown
ENT000433,BDCI,BDCI,BDCI,,TRUE,Unknown,Unknown,GSE580_theta_data.csv,2026-05-08,0.80,parent relationships not resolved in v0; company_name missing; used ticker fallback; country unknown
ENT000434,BDN,BDN,BDN,,TRUE,Unknown,Unknown,GSE580_theta_data.csv,2026-05-08,0.80,parent relationships not resolved in v0; company_name missing; used ticker fallback; country unknown
ENT000435,BDX,BDX,BDX,,TRUE,Unknown,Unknown,GSE580_theta_data.csv,2026-05-08,0.80,parent relationships not resolved in v0; company_name missing; used ticker fallback; country unknown
ENT000436,BE,BE,BE,,TRUE,United States,North America,GSE580_theta_data.csv,2026-05-08,0.80,parent relationships not resolved in v0; company_name missing; used ticker fallback
ENT000437,BEEP,BEEP,BEEP,,TRUE,Unknown,Unknown,GSE580_theta_data.csv,2026-05-08,0.80,parent relationships not resolved in v0; company_name missing; used ticker fallback; country unknown
ENT000438,BEKE,BEKE,BEKE,,TRUE,Unknown,Unknown,GSE580_theta_data.csv,2026-05-08,0.80,parent relationships not resolved in v0; company_name missing; used ticker fallback; country unknown
ENT000439,BELF.B,BELF.B,BELF.B,,TRUE,Unknown,Unknown,GSE580_theta_data.csv,2026-05-08,0.80,parent relationships not resolved in v0; company_name missing; used ticker fallback; country unknown
ENT000440,BEN,BEN,BEN,,TRUE,Unknown,Unknown,GSE580_theta_data.csv,2026-05-08,0.80,parent relationships not resolved in v0; company_name missing; used ticker fallback; country unknown
ENT000441,BEP,BEP,BEP,,TRUE,Unknown,Unknown,GSE580_theta_data.csv,2026-05-08,0.80,parent relationships not resolved in v0; company_name missing; used ticker fallback; country unknown
ENT000442,BEPC,BEPC,BEPC,,TRUE,Unknown,Unknown,GSE580_theta_data.csv,2026-05-08,0.80,parent relationships not resolved in v0; company_name missing; used ticker fallback; country unknown
ENT000443,BETA,BETA,BETA,,TRUE,Unknown,Unknown,GSE580_theta_data.csv,2026-05-08,0.80,parent relationships not resolved in v0; company_name missing; used ticker fallback; country unknown
ENT000444,BETR,BETR,BETR,,TRUE,Unknown,Unknown,GSE580_theta_data.csv,2026-05-08,0.80,parent relationships not resolved in v0; company_name missing; used ticker fallback; country unknown
ENT000445,BF.A,BF.A,BF.A,,TRUE,Unknown,Unknown,GSE580_theta_data.csv,2026-05-08,0.80,parent relationships not resolved in v0; company_name missing; used ticker fallback; country unknown
ENT000446,BFAM,BFAM,BFAM,,TRUE,Unknown,Unknown,GSE580_theta_data.csv,2026-05-08,0.80,parent relationships not resolved in v0; company_name missing; used ticker fallback; country unknown
ENT000447,BFC,BFC,BFC,,TRUE,Unknown,Unknown,GSE580_theta_data.csv,2026-05-08,0.80,parent relationships not resolved in v0; company_name missing; used ticker fallback; country unknown
ENT000448,BFH,BFH,BFH,,TRUE,United States,North America,GSE580_theta_data.csv,2026-05-08,0.80,parent relationships not resolved in v0; company_name missing; used ticker fallback
ENT000449,BFLY,BFLY,BFLY,,TRUE,Unknown,Unknown,GSE580_theta_data.csv,2026-05-08,0.80,parent relationships not resolved in v0; company_name missing; used ticker fallback; country unknown
ENT000450,BFS,BFS,BFS,,TRUE,Unknown,Unknown,GSE580_theta_data.csv,2026-05-08,0.80,parent relationships not resolved in v0; company_name missing; used ticker fallback; country unknown
ENT000451,BG,BG,BG,,TRUE,Unknown,Unknown,GSE580_theta_data.csv,2026-05-08,0.80,parent relationships not resolved in v0; company_name missing; used ticker fallback; country unknown
ENT000452,BGC,BGC,BGC,,TRUE,Unknown,Unknown,GSE580_theta_data.csv,2026-05-08,0.80,parent relationships not resolved in v0; company_name missing; used ticker fallback; country unknown
ENT000453,BGIN,BGIN,BGIN,,TRUE,Unknown,Unknown,GSE580_theta_data.csv,2026-05-08,0.80,parent relationships not resolved in v0; company_name missing; used ticker fallback; country unknown
ENT000454,BGS,BGS,BGS,,TRUE,United States,North America,GSE580_theta_data.csv,2026-05-08,0.80,parent relationships not resolved in v0; company_name missing; used ticker fallback
ENT000455,BGSI,BGSI,BGSI,,TRUE,Unknown,Unknown,GSE580_theta_data.csv,2026-05-08,0.80,parent relationships not resolved in v0; company_name missing; used ticker fallback; country unknown
ENT000456,BH,BH,BH,,TRUE,Unknown,Unknown,GSE580_theta_data.csv,2026-05-08,0.80,parent relationships not resolved in v0; company_name missing; used ticker fallback; country unknown
ENT000457,BHC,BHC,BHC,,TRUE,Unknown,Unknown,GSE580_theta_data.csv,2026-05-08,0.80,parent relationships not resolved in v0; company_name missing; used ticker fallback; country unknown
ENT000458,BHE,BHE,BHE,,TRUE,Unknown,Unknown,GSE580_theta_data.csv,2026-05-08,0.80,parent relationships not resolved in v0; company_name missing; used ticker fallback; country unknown
ENT000459,BHF,BHF,BHF,,TRUE,Unknown,Unknown,GSE580_theta_data.csv,2026-05-08,0.80,parent relationships not resolved in v0; company_name missing; used ticker fallback; country unknown
ENT000460,BHR,BHR,BHR,,TRUE,Unknown,Unknown,GSE580_theta_data.csv,2026-05-08,0.80,parent relationships not resolved in v0; company_name missing; used ticker fallback; country unknown
ENT000461,BHST,BHST,BHST,,TRUE,Unknown,Unknown,GSE580_theta_data.csv,2026-05-08,0.80,parent relationships not resolved in v0; company_name missing; used ticker fallback; country unknown
ENT000462,BIDU,BIDU,BIDU,,TRUE,Unknown,Unknown,GSE580_theta_data.csv,2026-05-08,0.80,parent relationships not resolved in v0; company_name missing; used ticker fallback; country unknown
ENT000463,BILI,BILI,BILI,,TRUE,Unknown,Unknown,GSE580_theta_data.csv,2026-05-08,0.80,parent relationships not resolved in v0; company_name missing; used ticker fallback; country unknown
ENT000464,BILL,BILL,BILL,,TRUE,United States,North America,GSE580_theta_data.csv,2026-05-08,0.80,parent relationships not resolved in v0; company_name missing; used ticker fallback
ENT000465,BIO,BIO,BIO,,TRUE,Unknown,Unknown,GSE580_theta_data.csv,2026-05-08,0.80,parent relationships not resolved in v0; company_name missing; used ticker fallback; country unknown
ENT000466,BIO.B,BIO.B,BIO.B,,TRUE,Unknown,Unknown,GSE580_theta_data.csv,2026-05-08,0.80,parent relationships not resolved in v0; company_name missing; used ticker fallback; country unknown
ENT000467,BIOA,BIOA,BIOA,,TRUE,Unknown,Unknown,GSE580_theta_data.csv,2026-05-08,0.80,parent relationships not resolved in v0; company_name missing; used ticker fallback; country unknown
ENT000468,BIOX,BIOX,BIOX,,TRUE,Unknown,Unknown,GSE580_theta_data.csv,2026-05-08,0.80,parent relationships not resolved in v0; company_name missing; used ticker fallback; country unknown
ENT000469,BIP,BIP,BIP,,TRUE,Unknown,Unknown,GSE580_theta_data.csv,2026-05-08,0.80,parent relationships not resolved in v0; company_name missing; used ticker fallback; country unknown
ENT000470,BIPC,BIPC,BIPC,,TRUE,Unknown,Unknown,GSE580_theta_data.csv,2026-05-08,0.80,parent relationships not resolved in v0; company_name missing; used ticker fallback; country unknown
ENT000471,BIRK,BIRK,BIRK,,TRUE,Unknown,Unknown,GSE580_theta_data.csv,2026-05-08,0.80,parent relationships not resolved in v0; company_name missing; used ticker fallback; country unknown
ENT000472,BIT:AMP,BIT:AMP,BIT:AMP,,TRUE,Unknown,Unknown,GSE580_theta_data.csv,2026-05-08,0.80,parent relationships not resolved in v0; company_name missing; used ticker fallback; country unknown
ENT000473,BIT:BC,BIT:BC,BIT:BC,,TRUE,Unknown,Unknown,GSE580_theta_data.csv,2026-05-08,0.80,parent relationships not resolved in v0; company_name missing; used ticker fallback; country unknown
ENT000474,BIT:BMED,BIT:BMED,BIT:BMED,,TRUE,Unknown,Unknown,GSE580_theta_data.csv,2026-05-08,0.80,parent relationships not resolved in v0; company_name missing; used ticker fallback; country unknown
ENT000475,BIT:BRE,BIT:BRE,BIT:BRE,,TRUE,Unknown,Unknown,GSE580_theta_data.csv,2026-05-08,0.80,parent relationships not resolved in v0; company_name missing; used ticker fallback; country unknown
ENT000476,BIT:BZU,BIT:BZU,BIT:BZU,,TRUE,Unknown,Unknown,GSE580_theta_data.csv,2026-05-08,0.80,parent relationships not resolved in v0; company_name missing; used ticker fallback; country unknown
ENT000477,BIT:CLF,BIT:CLF,BIT:CLF,,TRUE,Unknown,Unknown,GSE580_theta_data.csv,2026-05-08,0.80,parent relationships not resolved in v0; company_name missing; used ticker fallback; country unknown
ENT000478,BIT:CPR,BIT:CPR,BIT:CPR,,TRUE,Unknown,Unknown,GSE580_theta_data.csv,2026-05-08,0.80,parent relationships not resolved in v0; company_name missing; used ticker fallback; country unknown
ENT000479,BIT:DAL,BIT:DAL,BIT:DAL,,TRUE,Unknown,Unknown,GSE580_theta_data.csv,2026-05-08,0.80,parent relationships not resolved in v0; company_name missing; used ticker fallback; country unknown
ENT000480,BIT:DIS,BIT:DIS,BIT:DIS,,TRUE,Unknown,Unknown,GSE580_theta_data.csv,2026-05-08,0.80,parent relationships not resolved in v0; company_name missing; used ticker fallback; country unknown
ENT000481,BIT:DLG,BIT:DLG,BIT:DLG,,TRUE,Unknown,Unknown,GSE580_theta_data.csv,2026-05-08,0.80,parent relationships not resolved in v0; company_name missing; used ticker fallback; country unknown
ENT000482,BIT:DOV,BIT:DOV,BIT:DOV,,TRUE,Unknown,Unknown,GSE580_theta_data.csv,2026-05-08,0.80,parent relationships not resolved in v0; company_name missing; used ticker fallback; country unknown
ENT000483,BIT:ENEL,BIT:ENEL,BIT:ENEL,,TRUE,Unknown,Unknown,GSE580_theta_data.csv,2026-05-08,0.80,parent relationships not resolved in v0; company_name missing; used ticker fallback; country unknown
ENT000484,BIT:ENI,BIT:ENI,BIT:ENI,,TRUE,Unknown,Unknown,GSE580_theta_data.csv,2026-05-08,0.80,parent relationships not resolved in v0; company_name missing; used ticker fallback; country unknown
ENT000485,BIT:ETH,BIT:ETH,BIT:ETH,,TRUE,Unknown,Unknown,GSE580_theta_data.csv,2026-05-08,0.80,parent relationships not resolved in v0; company_name missing; used ticker fallback; country unknown
ENT000486,BIT:FBK,BIT:FBK,BIT:FBK,,TRUE,Unknown,Unknown,GSE580_theta_data.csv,2026-05-08,0.80,parent relationships not resolved in v0; company_name missing; used ticker fallback; country unknown
ENT000487,BIT:FILA,BIT:FILA,BIT:FILA,,TRUE,Unknown,Unknown,GSE580_theta_data.csv,2026-05-08,0.80,parent relationships not resolved in v0; company_name missing; used ticker fallback; country unknown
ENT000488,BIT:G,BIT:G,BIT:G,,TRUE,Unknown,Unknown,GSE580_theta_data.csv,2026-05-08,0.80,parent relationships not resolved in v0; company_name missing; used ticker fallback; country unknown
ENT000489,BIT:ISP,BIT:ISP,BIT:ISP,,TRUE,Unknown,Unknown,GSE580_theta_data.csv,2026-05-08,0.80,parent relationships not resolved in v0; company_name missing; used ticker fallback; country unknown
ENT000490,BIT:KME,BIT:KME,BIT:KME,,TRUE,Unknown,Unknown,GSE580_theta_data.csv,2026-05-08,0.80,parent relationships not resolved in v0; company_name missing; used ticker fallback; country unknown
ENT000491,BIT:LDO,BIT:LDO,BIT:LDO,,TRUE,Unknown,Unknown,GSE580_theta_data.csv,2026-05-08,0.80,parent relationships not resolved in v0; company_name missing; used ticker fallback; country unknown
ENT000492,BIT:LTMC,BIT:LTMC,BIT:LTMC,,TRUE,Unknown,Unknown,GSE580_theta_data.csv,2026-05-08,0.80,parent relationships not resolved in v0; company_name missing; used ticker fallback; country unknown
ENT000493,BIT:MB,BIT:MB,BIT:MB,,TRUE,Unknown,Unknown,GSE580_theta_data.csv,2026-05-08,0.80,parent relationships not resolved in v0; company_name missing; used ticker fallback; country unknown
ENT000494,BIT:MONC,BIT:MONC,BIT:MONC,,TRUE,Unknown,Unknown,GSE580_theta_data.csv,2026-05-08,0.80,parent relationships not resolved in v0; company_name missing; used ticker fallback; country unknown
ENT000495,BIT:NEXI,BIT:NEXI,BIT:NEXI,,TRUE,Unknown,Unknown,GSE580_theta_data.csv,2026-05-08,0.80,parent relationships not resolved in v0; company_name missing; used ticker fallback; country unknown
ENT000496,BIT:PIRC,BIT:PIRC,BIT:PIRC,,TRUE,Unknown,Unknown,GSE580_theta_data.csv,2026-05-08,0.80,parent relationships not resolved in v0; company_name missing; used ticker fallback; country unknown
ENT000497,BIT:PRY,BIT:PRY,BIT:PRY,,TRUE,Unknown,Unknown,GSE580_theta_data.csv,2026-05-08,0.80,parent relationships not resolved in v0; company_name missing; used ticker fallback; country unknown
ENT000498,BIT:REC,BIT:REC,BIT:REC,,TRUE,Unknown,Unknown,GSE580_theta_data.csv,2026-05-08,0.80,parent relationships not resolved in v0; company_name missing; used ticker fallback; country unknown
ENT000499,BIT:SFER,BIT:SFER,BIT:SFER,,TRUE,Unknown,Unknown,GSE580_theta_data.csv,2026-05-08,0.80,parent relationships not resolved in v0; company_name missing; used ticker fallback; country unknown
ENT000500,BIT:SPM,BIT:SPM,BIT:SPM,,TRUE,Unknown,Unknown,GSE580_theta_data.csv,2026-05-08,0.80,parent relationships not resolved in v0; company_name missing; used ticker fallback; country unknown
ENT000501,BIT:TGYM,BIT:TGYM,BIT:TGYM,,TRUE,Unknown,Unknown,GSE580_theta_data.csv,2026-05-08,0.80,parent relationships not resolved in v0; company_name missing; used ticker fallback; country unknown
ENT000502,BIT:TIT,BIT:TIT,BIT:TIT,,TRUE,Unknown,Unknown,GSE580_theta_data.csv,2026-05-08,0.80,parent relationships not resolved in v0; company_name missing; used ticker fallback; country unknown
ENT000503,BIT:UCG,BIT:UCG,BIT:UCG,,TRUE,Unknown,Unknown,GSE580_theta_data.csv,2026-05-08,0.80,parent relationships not resolved in v0; company_name missing; used ticker fallback; country unknown
ENT000504,BIT:WBD,BIT:WBD,BIT:WBD,,TRUE,Unknown,Unknown,GSE580_theta_data.csv,2026-05-08,0.80,parent relationships not resolved in v0; company_name missing; used ticker fallback; country unknown
ENT000505,BIT:YACHT,BIT:YACHT,BIT:YACHT,,TRUE,Unknown,Unknown,GSE580_theta_data.csv,2026-05-08,0.80,parent relationships not resolved in v0; company_name missing; used ticker fallback; country unknown
ENT000506,BITF,BITF,BITF,,TRUE,Unknown,Unknown,GSE580_theta_data.csv,2026-05-08,0.80,parent relationships not resolved in v0; company_name missing; used ticker fallback; country unknown
ENT000507,BJ,BJ,BJ,,TRUE,Unknown,Unknown,GSE580_theta_data.csv,2026-05-08,0.80,parent relationships not resolved in v0; company_name missing; used ticker fallback; country unknown
ENT000508,BJRI,BJRI,BJRI,,TRUE,Unknown,Unknown,GSE580_theta_data.csv,2026-05-08,0.80,parent relationships not resolved in v0; company_name missing; used ticker fallback; country unknown
ENT000509,BK,BK,BK,,TRUE,Unknown,Unknown,GSE580_theta_data.csv,2026-05-08,0.80,parent relationships not resolved in v0; company_name missing; used ticker fallback; country unknown
ENT000510,BKD,BKD,BKD,,TRUE,Unknown,Unknown,GSE580_theta_data.csv,2026-05-08,0.80,parent relationships not resolved in v0; company_name missing; used ticker fallback; country unknown
ENT000511,BKE,BKE,BKE,,TRUE,Unknown,Unknown,GSE580_theta_data.csv,2026-05-08,0.80,parent relationships not resolved in v0; company_name missing; used ticker fallback; country unknown
ENT000512,BKH,BKH,BKH,,TRUE,Unknown,Unknown,GSE580_theta_data.csv,2026-05-08,0.80,parent relationships not resolved in v0; company_name missing; used ticker fallback; country unknown
ENT000513,BKKT,BKKT,BKKT,,TRUE,Unknown,Unknown,GSE580_theta_data.csv,2026-05-08,0.80,parent relationships not resolved in v0; company_name missing; used ticker fallback; country unknown
ENT000514,BKNG,BKNG,BKNG,,TRUE,Unknown,Unknown,GSE580_theta_data.csv,2026-05-08,0.80,parent relationships not resolved in v0; company_name missing; used ticker fallback; country unknown
ENT000515,BKR,BKR,BKR,,TRUE,Unknown,Unknown,GSE580_theta_data.csv,2026-05-08,0.80,parent relationships not resolved in v0; company_name missing; used ticker fallback; country unknown
ENT000516,BKSY,BKSY,BKSY,,TRUE,Unknown,Unknown,GSE580_theta_data.csv,2026-05-08,0.80,parent relationships not resolved in v0; company_name missing; used ticker fallback; country unknown
ENT000517,BKTI,BKTI,BKTI,,TRUE,Unknown,Unknown,GSE580_theta_data.csv,2026-05-08,0.80,parent relationships not resolved in v0; company_name missing; used ticker fallback; country unknown
ENT000518,BL,BL,BL,,TRUE,Unknown,Unknown,GSE580_theta_data.csv,2026-05-08,0.80,parent relationships not resolved in v0; company_name missing; used ticker fallback; country unknown
ENT000519,BLBD,BLBD,BLBD,,TRUE,Unknown,Unknown,GSE580_theta_data.csv,2026-05-08,0.80,parent relationships not resolved in v0; company_name missing; used ticker fallback; country unknown
ENT000520,BLCO,BLCO,BL,,TRUE,Unknown,Unknown,GSE580_theta_data.csv,2026-05-08,0.80,parent relationships not resolved in v0; company_name missing; used ticker fallback; country unknown
ENT000521,BLD,BLD,BLD,,TRUE,Unknown,Unknown,GSE580_theta_data.csv,2026-05-08,0.80,parent relationships not resolved in v0; company_name missing; used ticker fallback; country unknown
ENT000522,BLDP,BLDP,BLDP,,TRUE,Unknown,Unknown,GSE580_theta_data.csv,2026-05-08,0.80,parent relationships not resolved in v0; company_name missing; used ticker fallback; country unknown
ENT000523,BLDR,BLDR,BLDR,,TRUE,Unknown,Unknown,GSE580_theta_data.csv,2026-05-08,0.80,parent relationships not resolved in v0; company_name missing; used ticker fallback; country unknown
ENT000524,BLFS,BLFS,BLFS,,TRUE,Unknown,Unknown,GSE580_theta_data.csv,2026-05-08,0.80,parent relationships not resolved in v0; company_name missing; used ticker fallback; country unknown
ENT000525,BLFY,BLFY,BLFY,,TRUE,Unknown,Unknown,GSE580_theta_data.csv,2026-05-08,0.80,parent relationships not resolved in v0; company_name missing; used ticker fallback; country unknown
ENT000526,BLK,BLK,BLK,,TRUE,Unknown,Unknown,GSE580_theta_data.csv,2026-05-08,0.80,parent relationships not resolved in v0; company_name missing; used ticker fallback; country unknown
ENT000527,BLKB,BLKB,BLKB,,TRUE,Unknown,Unknown,GSE580_theta_data.csv,2026-05-08,0.80,parent relationships not resolved in v0; company_name missing; used ticker fallback; country unknown
ENT000528,BLLN,BLLN,BLLN,,TRUE,Unknown,Unknown,GSE580_theta_data.csv,2026-05-08,0.80,parent relationships not resolved in v0; company_name missing; used ticker fallback; country unknown
ENT000529,BLMN,BLMN,BLMN,,TRUE,Unknown,Unknown,GSE580_theta_data.csv,2026-05-08,0.80,parent relationships not resolved in v0; company_name missing; used ticker fallback; country unknown
ENT000530,BLND,BLND,BLND,,TRUE,United States,North America,GSE580_theta_data.csv,2026-05-08,0.80,parent relationships not resolved in v0; company_name missing; used ticker fallback
ENT000531,BLNK,BLNK,BLNK,,TRUE,Unknown,Unknown,GSE580_theta_data.csv,2026-05-08,0.80,parent relationships not resolved in v0; company_name missing; used ticker fallback; country unknown
ENT000532,BLSH,BLSH,BLSH,,TRUE,Unknown,Unknown,GSE580_theta_data.csv,2026-05-08,0.80,parent relationships not resolved in v0; company_name missing; used ticker fallback; country unknown
ENT000533,BLTE,BLTE,BLTE,,TRUE,Unknown,Unknown,GSE580_theta_data.csv,2026-05-08,0.80,parent relationships not resolved in v0; company_name missing; used ticker fallback; country unknown
ENT000534,BLX,BLX,BLX,,TRUE,Unknown,Unknown,GSE580_theta_data.csv,2026-05-08,0.80,parent relationships not resolved in v0; company_name missing; used ticker fallback; country unknown
ENT000535,BLZE,BLZE,BLZE,,TRUE,United States,North America,GSE580_theta_data.csv,2026-05-08,0.80,parent relationships not resolved in v0; company_name missing; used ticker fallback
ENT000536,BMA,BMA,BMA,,TRUE,Unknown,Unknown,GSE580_theta_data.csv,2026-05-08,0.80,parent relationships not resolved in v0; company_name missing; used ticker fallback; country unknown
ENT000537,BMBL,BMBL,BMBL,,TRUE,Unknown,Unknown,GSE580_theta_data.csv,2026-05-08,0.80,parent relationships not resolved in v0; company_name missing; used ticker fallback; country unknown
ENT000538,BME:ACS,BME:ACS,BME:ACS,,TRUE,United States,North America,GSE580_theta_data.csv,2026-05-08,0.80,parent relationships not resolved in v0; company_name missing; used ticker fallback
ENT000539,BME:AENA,BME:AENA,BME:AENA,,TRUE,Unknown,Unknown,GSE580_theta_data.csv,2026-05-08,0.80,parent relationships not resolved in v0; company_name missing; used ticker fallback; country unknown
ENT000540,BME:ALM,BME:ALM,BME:ALM,,TRUE,Unknown,Unknown,GSE580_theta_data.csv,2026-05-08,0.80,parent relationships not resolved in v0; company_name missing; used ticker fallback; country unknown
ENT000541,BME:AMS,BME:AMS,BME:AMS,,TRUE,Unknown,Unknown,GSE580_theta_data.csv,2026-05-08,0.80,parent relationships not resolved in v0; company_name missing; used ticker fallback; country unknown
ENT000542,BME:CABK,BME:CABK,BME:CABK,,TRUE,Unknown,Unknown,GSE580_theta_data.csv,2026-05-08,0.80,parent relationships not resolved in v0; company_name missing; used ticker fallback; country unknown
ENT000543,BME:CLNX,BME:CLNX,BME:CLNX,,TRUE,Unknown,Unknown,GSE580_theta_data.csv,2026-05-08,0.80,parent relationships not resolved in v0; company_name missing; used ticker fallback; country unknown
ENT000544,BME:ELE,BME:ELE,BME:ELE,,TRUE,Unknown,Unknown,GSE580_theta_data.csv,2026-05-08,0.80,parent relationships not resolved in v0; company_name missing; used ticker fallback; country unknown
ENT000545,BME:FER,BME:FER,BME:FER,,TRUE,Unknown,Unknown,GSE580_theta_data.csv,2026-05-08,0.80,parent relationships not resolved in v0; company_name missing; used ticker fallback; country unknown
ENT000546,BME:GRF,BME:GRF,BME:GRF,,TRUE,Unknown,Unknown,GSE580_theta_data.csv,2026-05-08,0.80,parent relationships not resolved in v0; company_name missing; used ticker fallback; country unknown
ENT000547,BME:IBE,BME:IBE,BME:IBE,,TRUE,Unknown,Unknown,GSE580_theta_data.csv,2026-05-08,0.80,parent relationships not resolved in v0; company_name missing; used ticker fallback; country unknown
ENT000548,BME:ITX,BME:ITX,BME:ITX,,TRUE,Unknown,Unknown,GSE580_theta_data.csv,2026-05-08,0.80,parent relationships not resolved in v0; company_name missing; used ticker fallback; country unknown
ENT000549,BME:MEL,BME:MEL,BME:MEL,,TRUE,Unknown,Unknown,GSE580_theta_data.csv,2026-05-08,0.80,parent relationships not resolved in v0; company_name missing; used ticker fallback; country unknown
ENT000550,BME:NTGY,BME:NTGY,BME:NTGY,,TRUE,Unknown,Unknown,GSE580_theta_data.csv,2026-05-08,0.80,parent relationships not resolved in v0; company_name missing; used ticker fallback; country unknown
ENT000551,BME:PSG,BME:PSG,BME:PSG,,TRUE,Unknown,Unknown,GSE580_theta_data.csv,2026-05-08,0.80,parent relationships not resolved in v0; company_name missing; used ticker fallback; country unknown
ENT000552,BME:PUIG,BME:PUIG,BME:PUIG,,TRUE,Unknown,Unknown,GSE580_theta_data.csv,2026-05-08,0.80,parent relationships not resolved in v0; company_name missing; used ticker fallback; country unknown
ENT000553,BME:RED,BME:RED,BME:RED,,TRUE,Unknown,Unknown,GSE580_theta_data.csv,2026-05-08,0.80,parent relationships not resolved in v0; company_name missing; used ticker fallback; country unknown
ENT000554,BME:REP,BME:REP,BME:REP,,TRUE,Unknown,Unknown,GSE580_theta_data.csv,2026-05-08,0.80,parent relationships not resolved in v0; company_name missing; used ticker fallback; country unknown
ENT000555,BME:SOL,BME:SOL,BME:SOL,,TRUE,Unknown,Unknown,GSE580_theta_data.csv,2026-05-08,0.80,parent relationships not resolved in v0; company_name missing; used ticker fallback; country unknown
ENT000556,BME:TEF,BME:TEF,BME:TEF,,TRUE,Unknown,Unknown,GSE580_theta_data.csv,2026-05-08,0.80,parent relationships not resolved in v0; company_name missing; used ticker fallback; country unknown
ENT000557,BME:VID,BME:VID,BME:VID,,TRUE,Unknown,Unknown,GSE580_theta_data.csv,2026-05-08,0.80,parent relationships not resolved in v0; company_name missing; used ticker fallback; country unknown
ENT000558,BME:VIS,BME:VIS,BME:VIS,,TRUE,Unknown,Unknown,GSE580_theta_data.csv,2026-05-08,0.80,parent relationships not resolved in v0; company_name missing; used ticker fallback; country unknown
ENT000559,BMI,BMI,BMI,,TRUE,Unknown,Unknown,GSE580_theta_data.csv,2026-05-08,0.80,parent relationships not resolved in v0; company_name missing; used ticker fallback; country unknown
ENT000560,BMNR,BMNR,BMNR,,TRUE,Unknown,Unknown,GSE580_theta_data.csv,2026-05-08,0.80,parent relationships not resolved in v0; company_name missing; used ticker fallback; country unknown
ENT000561,BMO,BMO,BMO,,TRUE,Unknown,Unknown,GSE580_theta_data.csv,2026-05-08,0.80,parent relationships not resolved in v0; company_name missing; used ticker fallback; country unknown
ENT000562,BMV:AMXB,BMV:AMXB,BMV:AMXB,,TRUE,Unknown,Unknown,GSE580_theta_data.csv,2026-05-08,0.80,parent relationships not resolved in v0; company_name missing; used ticker fallback; country unknown
ENT000563,BMV:BIMBO A,BMV:BIMBO A,BMV:BIMBO A,,TRUE,Unknown,Unknown,GSE580_theta_data.csv,2026-05-08,0.80,parent relationships not resolved in v0; company_name missing; used ticker fallback; country unknown
ENT000564,BMV:FIBRAMQ 12,BMV:FIBRAMQ 12,BMV:FIBRAMQ 12,,TRUE,Unknown,Unknown,GSE580_theta_data.csv,2026-05-08,0.80,parent relationships not resolved in v0; company_name missing; used ticker fallback; country unknown
ENT000565,BMV:GAP B,BMV:GAP B,BMV:GAP B,,TRUE,Unknown,Unknown,GSE580_theta_data.csv,2026-05-08,0.80,parent relationships not resolved in v0; company_name missing; used ticker fallback; country unknown
ENT000566,BMV:GFNORTE O,BMV:GFNORTE O,BMV:GFNORTE O,,TRUE,Unknown,Unknown,GSE580_theta_data.csv,2026-05-08,0.80,parent relationships not resolved in v0; company_name missing; used ticker fallback; country unknown
ENT000567,BMV:GMEXICO B,BMV:GMEXICO B,BMV:GMEXICO B,,TRUE,Unknown,Unknown,GSE580_theta_data.csv,2026-05-08,0.80,parent relationships not resolved in v0; company_name missing; used ticker fallback; country unknown
ENT000568,BMV:LIVEPOL C-1,BMV:LIVEPOL C-1,BMV:LIVEPOL C-1,,TRUE,Unknown,Unknown,GSE580_theta_data.csv,2026-05-08,0.80,parent relationships not resolved in v0; company_name missing; used ticker fallback; country unknown
ENT000569,BMV:ORBIA,BMV:ORBIA,BMV:ORBIA,,TRUE,United States,North America,GSE580_theta_data.csv,2026-05-08,0.80,parent relationships not resolved in v0; company_name missing; used ticker fallback
ENT000570,BMV:VOLAR A,BMV:VOLAR A,BMV:VOLAR A,,TRUE,Unknown,Unknown,GSE580_theta_data.csv,2026-05-08,0.80,parent relationships not resolved in v0; company_name missing; used ticker fallback; country unknown
ENT000571,BMY,BMY,BMY,,TRUE,Unknown,Unknown,GSE580_theta_data.csv,2026-05-08,0.80,parent relationships not resolved in v0; company_name missing; used ticker fallback; country unknown
ENT000572,BN,BN,BN,,TRUE,Unknown,Unknown,GSE580_theta_data.csv,2026-05-08,0.80,parent relationships not resolved in v0; company_name missing; used ticker fallback; country unknown
ENT000573,BNC,BNC,BNC,,TRUE,Unknown,Unknown,GSE580_theta_data.csv,2026-05-08,0.80,parent relationships not resolved in v0; company_name missing; used ticker fallback; country unknown
ENT000574,BNED,BNED,BNED,,TRUE,Unknown,Unknown,GSE580_theta_data.csv,2026-05-08,0.80,parent relationships not resolved in v0; company_name missing; used ticker fallback; country unknown
ENT000575,BNL,BNL,BNL,,TRUE,Unknown,Unknown,GSE580_theta_data.csv,2026-05-08,0.80,parent relationships not resolved in v0; company_name missing; used ticker fallback; country unknown
ENT000576,BNS,BNS,BNS,,TRUE,Unknown,Unknown,GSE580_theta_data.csv,2026-05-08,0.80,parent relationships not resolved in v0; company_name missing; used ticker fallback; country unknown
ENT000577,BNT,BNT,BNT,,TRUE,Unknown,Unknown,GSE580_theta_data.csv,2026-05-08,0.80,parent relationships not resolved in v0; company_name missing; used ticker fallback; country unknown
ENT000578,BOC,BOC,BOC,,TRUE,Unknown,Unknown,GSE580_theta_data.csv,2026-05-08,0.80,parent relationships not resolved in v0; company_name missing; used ticker fallback; country unknown
ENT000579,BOKF,BOKF,BOKF,,TRUE,Unknown,Unknown,GSE580_theta_data.csv,2026-05-08,0.80,parent relationships not resolved in v0; company_name missing; used ticker fallback; country unknown
ENT000580,BOOM,BOOM,BOOM,,TRUE,United States,North America,GSE580_theta_data.csv,2026-05-08,0.80,parent relationships not resolved in v0; company_name missing; used ticker fallback
ENT000581,BOOT,BOOT,BOOT,,TRUE,Unknown,Unknown,GSE580_theta_data.csv,2026-05-08,0.80,parent relationships not resolved in v0; company_name missing; used ticker fallback; country unknown
ENT000582,BORR,BORR,BORR,,TRUE,Unknown,Unknown,GSE580_theta_data.csv,2026-05-08,0.80,parent relationships not resolved in v0; company_name missing; used ticker fallback; country unknown
ENT000583,BOVESPA:AGRO3,BOVESPA:AGRO3,BOVESPA:AGRO3,,TRUE,Unknown,Unknown,GSE580_theta_data.csv,2026-05-08,0.80,parent relationships not resolved in v0; company_name missing; used ticker fallback; country unknown
ENT000584,BOVESPA:BPAC11,BOVESPA:BPAC11,BOVESPA:BPAC11,,TRUE,Unknown,Unknown,GSE580_theta_data.csv,2026-05-08,0.80,parent relationships not resolved in v0; company_name missing; used ticker fallback; country unknown
ENT000585,BOVESPA:CSNA3,BOVESPA:CSNA3,BOVESPA:CSNA3,,TRUE,Unknown,Unknown,GSE580_theta_data.csv,2026-05-08,0.80,parent relationships not resolved in v0; company_name missing; used ticker fallback; country unknown
ENT000586,BOVESPA:EMBJ3,BOVESPA:EMBJ3,BOVESPA:EMBJ3,,TRUE,Unknown,Unknown,GSE580_theta_data.csv,2026-05-08,0.80,parent relationships not resolved in v0; company_name missing; used ticker fallback; country unknown
ENT000587,BOVESPA:GGBR4,BOVESPA:GGBR4,BOVESPA:GGBR4,,TRUE,Unknown,Unknown,GSE580_theta_data.csv,2026-05-08,0.80,parent relationships not resolved in v0; company_name missing; used ticker fallback; country unknown
ENT000588,BOVESPA:ITUB4,BOVESPA:ITUB4,BOVESPA:ITUB4,,TRUE,Unknown,Unknown,GSE580_theta_data.csv,2026-05-08,0.80,parent relationships not resolved in v0; company_name missing; used ticker fallback; country unknown
ENT000589,BOVESPA:JBSS3,BOVESPA:JBSS3,BOVESPA:JBSS3,,TRUE,Unknown,Unknown,GSE580_theta_data.csv,2026-05-08,0.80,parent relationships not resolved in v0; company_name missing; used ticker fallback; country unknown
ENT000590,BOVESPA:MBRF3,BOVESPA:MBRF3,BOVESPA:MBRF3,,TRUE,Unknown,Unknown,GSE580_theta_data.csv,2026-05-08,0.80,parent relationships not resolved in v0; company_name missing; used ticker fallback; country unknown
ENT000591,BOVESPA:NATU3,BOVESPA:NATU3,BOVESPA:NATU3,,TRUE,Unknown,Unknown,GSE580_theta_data.csv,2026-05-08,0.80,parent relationships not resolved in v0; company_name missing; used ticker fallback; country unknown
ENT000592,BOVESPA:PETR3,BOVESPA:PETR3,BOVESPA:PETR3,,TRUE,Unknown,Unknown,GSE580_theta_data.csv,2026-05-08,0.80,parent relationships not resolved in v0; company_name missing; used ticker fallback; country unknown
ENT000593,BOVESPA:RAIZ4,BOVESPA:RAIZ4,BOVESPA:RAIZ4,,TRUE,Unknown,Unknown,GSE580_theta_data.csv,2026-05-08,0.80,parent relationships not resolved in v0; company_name missing; used ticker fallback; country unknown
ENT000594,BOVESPA:RDOR3,BOVESPA:RDOR3,BOVESPA:RDOR3,,TRUE,Unknown,Unknown,GSE580_theta_data.csv,2026-05-08,0.80,parent relationships not resolved in v0; company_name missing; used ticker fallback; country unknown
ENT000595,BOVESPA:RENT3,BOVESPA:RENT3,BOVESPA:RENT3,,TRUE,Unknown,Unknown,GSE580_theta_data.csv,2026-05-08,0.80,parent relationships not resolved in v0; company_name missing; used ticker fallback; country unknown
ENT000596,BOVESPA:SANB11,BOVESPA:SANB11,BOVESPA:SANB11,,TRUE,Unknown,Unknown,GSE580_theta_data.csv,2026-05-08,0.80,parent relationships not resolved in v0; company_name missing; used ticker fallback; country unknown
ENT000597,BOVESPA:SLCE3,BOVESPA:SLCE3,BOVESPA:SLCE3,,TRUE,Unknown,Unknown,GSE580_theta_data.csv,2026-05-08,0.80,parent relationships not resolved in v0; company_name missing; used ticker fallback; country unknown
ENT000598,BOVESPA:TASA3,BOVESPA:TASA3,BOVESPA:TASA3,,TRUE,Unknown,Unknown,GSE580_theta_data.csv,2026-05-08,0.80,parent relationships not resolved in v0; company_name missing; used ticker fallback; country unknown
ENT000599,BOVESPA:TIMS3,BOVESPA:TIMS3,BOVESPA:TIMS3,,TRUE,Unknown,Unknown,GSE580_theta_data.csv,2026-05-08,0.80,parent relationships not resolved in v0; company_name missing; used ticker fallback; country unknown
ENT000600,BOVESPA:TOTS3,BOVESPA:TOTS3,BOVESPA:TOTS3,,TRUE,Unknown,Unknown,GSE580_theta_data.csv,2026-05-08,0.80,parent relationships not resolved in v0; company_name missing; used ticker fallback; country unknown
ENT000601,BOVESPA:VALE3,BOVESPA:VALE3,BOVESPA:VALE3,,TRUE,Unknown,Unknown,GSE580_theta_data.csv,2026-05-08,0.80,parent relationships not resolved in v0; company_name missing; used ticker fallback; country unknown
ENT000602,BOVESPA:WEGE3,BOVESPA:WEGE3,BOVESPA:WEGE3,,TRUE,Unknown,Unknown,GSE580_theta_data.csv,2026-05-08,0.80,parent relationships not resolved in v0; company_name missing; used ticker fallback; country unknown
ENT000603,BOW,BOW,BOW,,TRUE,United States,North America,GSE580_theta_data.csv,2026-05-08,0.80,parent relationships not resolved in v0; company_name missing; used ticker fallback
ENT000604,BOX,BOX,BOX,,TRUE,Unknown,Unknown,GSE580_theta_data.csv,2026-05-08,0.80,parent relationships not resolved in v0; company_name missing; used ticker fallback; country unknown
ENT000605,BR,BR,BR,,TRUE,United States,North America,GSE580_theta_data.csv,2026-05-08,0.80,parent relationships not resolved in v0; company_name missing; used ticker fallback
ENT000606,BRBI,BRBI,BRBI,,TRUE,Unknown,Unknown,GSE580_theta_data.csv,2026-05-08,0.80,parent relationships not resolved in v0; company_name missing; used ticker fallback; country unknown
ENT000607,BRBR,BRBR,BRBR,,TRUE,Unknown,Unknown,GSE580_theta_data.csv,2026-05-08,0.80,parent relationships not resolved in v0; company_name missing; used ticker fallback; country unknown
ENT000608,BRC,BRC,BRC,,TRUE,Unknown,Unknown,GSE580_theta_data.csv,2026-05-08,0.80,parent relationships not resolved in v0; company_name missing; used ticker fallback; country unknown
ENT000609,BRCB,BRCB,BRCB,,TRUE,Unknown,Unknown,GSE580_theta_data.csv,2026-05-08,0.80,parent relationships not resolved in v0; company_name missing; used ticker fallback; country unknown
ENT000610,BRCC,BRCC,BRCC,,TRUE,Unknown,Unknown,GSE580_theta_data.csv,2026-05-08,0.80,parent relationships not resolved in v0; company_name missing; used ticker fallback; country unknown
ENT000611,BRK.B,BRK.B,BRK.B,,TRUE,Unknown,Unknown,GSE580_theta_data.csv,2026-05-08,0.80,parent relationships not resolved in v0; company_name missing; used ticker fallback; country unknown
ENT000612,BRKR,BRKR,BRKR,,TRUE,Unknown,Unknown,GSE580_theta_data.csv,2026-05-08,0.80,parent relationships not resolved in v0; company_name missing; used ticker fallback; country unknown
ENT000613,BRLT,BRLT,BRLT,,TRUE,Unknown,Unknown,GSE580_theta_data.csv,2026-05-08,0.80,parent relationships not resolved in v0; company_name missing; used ticker fallback; country unknown
ENT000614,BRO,BRO,BRO,,TRUE,United States,North America,GSE580_theta_data.csv,2026-05-08,0.80,parent relationships not resolved in v0; company_name missing; used ticker fallback
ENT000615,BROS,BROS,BROS,,TRUE,United States,North America,GSE580_theta_data.csv,2026-05-08,0.80,parent relationships not resolved in v0; company_name missing; used ticker fallback
ENT000616,BRSL,BRSL,BRSL,,TRUE,Unknown,Unknown,GSE580_theta_data.csv,2026-05-08,0.80,parent relationships not resolved in v0; company_name missing; used ticker fallback; country unknown
ENT000617,BRSP,BRSP,BRSP,,TRUE,Unknown,Unknown,GSE580_theta_data.csv,2026-05-08,0.80,parent relationships not resolved in v0; company_name missing; used ticker fallback; country unknown
ENT000618,BRT,BRT,BRT,,TRUE,Unknown,Unknown,GSE580_theta_data.csv,2026-05-08,0.80,parent relationships not resolved in v0; company_name missing; used ticker fallback; country unknown
ENT000619,BRX,BRX,BRX,,TRUE,Unknown,Unknown,GSE580_theta_data.csv,2026-05-08,0.80,parent relationships not resolved in v0; company_name missing; used ticker fallback; country unknown
ENT000620,BRZE,BRZE,BRZE,,TRUE,Unknown,Unknown,GSE580_theta_data.csv,2026-05-08,0.80,parent relationships not resolved in v0; company_name missing; used ticker fallback; country unknown
ENT000621,BSAC,BSAC,BSAC,,TRUE,Unknown,Unknown,GSE580_theta_data.csv,2026-05-08,0.80,parent relationships not resolved in v0; company_name missing; used ticker fallback; country unknown
ENT000622,BSE:500570,BSE:500570,BSE:500570,,TRUE,Unknown,Unknown,GSE580_theta_data.csv,2026-05-08,0.80,parent relationships not resolved in v0; company_name missing; used ticker fallback; country unknown
ENT000623,BSE:500820,BSE:500820,BSE:500820,,TRUE,Unknown,Unknown,GSE580_theta_data.csv,2026-05-08,0.80,parent relationships not resolved in v0; company_name missing; used ticker fallback; country unknown
ENT000624,BSET,BSET,BSET,,TRUE,Unknown,Unknown,GSE580_theta_data.csv,2026-05-08,0.80,parent relationships not resolved in v0; company_name missing; used ticker fallback; country unknown
ENT000625,BSX,BSX,BSX,,TRUE,Unknown,Unknown,GSE580_theta_data.csv,2026-05-08,0.80,parent relationships not resolved in v0; company_name missing; used ticker fallback; country unknown
ENT000626,BSY,BSY,BSY,,TRUE,Unknown,Unknown,GSE580_theta_data.csv,2026-05-08,0.80,parent relationships not resolved in v0; company_name missing; used ticker fallback; country unknown
ENT000627,BTBT,BTBT,BTBT,,TRUE,Unknown,Unknown,GSE580_theta_data.csv,2026-05-08,0.80,parent relationships not resolved in v0; company_name missing; used ticker fallback; country unknown
ENT000628,BTCS,BTCS,BTCS,,TRUE,Unknown,Unknown,GSE580_theta_data.csv,2026-05-08,0.80,parent relationships not resolved in v0; company_name missing; used ticker fallback; country unknown
ENT000629,BTDR,BTDR,BTDR,,TRUE,Unknown,Unknown,GSE580_theta_data.csv,2026-05-08,0.80,parent relationships not resolved in v0; company_name missing; used ticker fallback; country unknown
ENT000630,BTI,BTI,BTI,,TRUE,Unknown,Unknown,GSE580_theta_data.csv,2026-05-08,0.80,parent relationships not resolved in v0; company_name missing; used ticker fallback; country unknown
ENT000631,BTM,BTM,BTM,,TRUE,Unknown,Unknown,GSE580_theta_data.csv,2026-05-08,0.80,parent relationships not resolved in v0; company_name missing; used ticker fallback; country unknown
ENT000632,BTMD,BTMD,BTMD,,TRUE,Unknown,Unknown,GSE580_theta_data.csv,2026-05-08,0.80,parent relationships not resolved in v0; company_name missing; used ticker fallback; country unknown
ENT000633,BTQ,BTQ,BTQ,,TRUE,Unknown,Unknown,GSE580_theta_data.csv,2026-05-08,0.80,parent relationships not resolved in v0; company_name missing; used ticker fallback; country unknown
ENT000634,BTSG,BTSG,BTSG,,TRUE,Unknown,Unknown,GSE580_theta_data.csv,2026-05-08,0.80,parent relationships not resolved in v0; company_name missing; used ticker fallback; country unknown
ENT000635,BTU,BTU,BTU,,TRUE,Unknown,Unknown,GSE580_theta_data.csv,2026-05-08,0.80,parent relationships not resolved in v0; company_name missing; used ticker fallback; country unknown
ENT000636,BUD,BUD,BUD,,TRUE,Unknown,Unknown,GSE580_theta_data.csv,2026-05-08,0.80,parent relationships not resolved in v0; company_name missing; used ticker fallback; country unknown
ENT000637,BUKS,BUKS,BUKS,,TRUE,Unknown,Unknown,GSE580_theta_data.csv,2026-05-08,0.80,parent relationships not resolved in v0; company_name missing; used ticker fallback; country unknown
ENT000638,BULL,BULL,BULL,,TRUE,Unknown,Unknown,GSE580_theta_data.csv,2026-05-08,0.80,parent relationships not resolved in v0; company_name missing; used ticker fallback; country unknown
ENT000639,BUR,BUR,BUR,,TRUE,Unknown,Unknown,GSE580_theta_data.csv,2026-05-08,0.80,parent relationships not resolved in v0; company_name missing; used ticker fallback; country unknown
ENT000640,BURL,BURL,BURL,,TRUE,Unknown,Unknown,GSE580_theta_data.csv,2026-05-08,0.80,parent relationships not resolved in v0; company_name missing; used ticker fallback; country unknown
ENT000641,BUUU,BUUU,BUUU,,TRUE,Unknown,Unknown,GSE580_theta_data.csv,2026-05-08,0.80,parent relationships not resolved in v0; company_name missing; used ticker fallback; country unknown
ENT000642,BV,BV,BV,,TRUE,Unknown,Unknown,GSE580_theta_data.csv,2026-05-08,0.80,parent relationships not resolved in v0; company_name missing; used ticker fallback; country unknown
ENT000643,BVN,BVN,BVN,,TRUE,Unknown,Unknown,GSE580_theta_data.csv,2026-05-08,0.80,parent relationships not resolved in v0; company_name missing; used ticker fallback; country unknown
ENT000644,BVS,BVS,BVS,,TRUE,Unknown,Unknown,GSE580_theta_data.csv,2026-05-08,0.80,parent relationships not resolved in v0; company_name missing; used ticker fallback; country unknown
ENT000645,BW,BW,BW,,TRUE,Unknown,Unknown,GSE580_theta_data.csv,2026-05-08,0.80,parent relationships not resolved in v0; company_name missing; used ticker fallback; country unknown
ENT000646,BWA,BWA,BWA,,TRUE,Unknown,Unknown,GSE580_theta_data.csv,2026-05-08,0.80,parent relationships not resolved in v0; company_name missing; used ticker fallback; country unknown
ENT000647,BWAY,BWAY,BWAY,,TRUE,Unknown,Unknown,GSE580_theta_data.csv,2026-05-08,0.80,parent relationships not resolved in v0; company_name missing; used ticker fallback; country unknown
ENT000648,BWIN,BWIN,BWIN,,TRUE,United States,North America,GSE580_theta_data.csv,2026-05-08,0.80,parent relationships not resolved in v0; company_name missing; used ticker fallback
ENT000649,BWMN,BWMN,BWMN,,TRUE,Unknown,Unknown,GSE580_theta_data.csv,2026-05-08,0.80,parent relationships not resolved in v0; company_name missing; used ticker fallback; country unknown
ENT000650,BWMX,BWMX,BWMX,,TRUE,Unknown,Unknown,GSE580_theta_data.csv,2026-05-08,0.80,parent relationships not resolved in v0; company_name missing; used ticker fallback; country unknown
ENT000651,BWXT,BWXT,BWXT,,TRUE,Unknown,Unknown,GSE580_theta_data.csv,2026-05-08,0.80,parent relationships not resolved in v0; company_name missing; used ticker fallback; country unknown
ENT000652,BX,BX,BX,,TRUE,Unknown,Unknown,GSE580_theta_data.csv,2026-05-08,0.80,parent relationships not resolved in v0; company_name missing; used ticker fallback; country unknown
ENT000653,BXC,BXC,BXC,,TRUE,Unknown,Unknown,GSE580_theta_data.csv,2026-05-08,0.80,parent relationships not resolved in v0; company_name missing; used ticker fallback; country unknown
ENT000654,BXMT,BXMT,BXMT,,TRUE,Unknown,Unknown,GSE580_theta_data.csv,2026-05-08,0.80,parent relationships not resolved in v0; company_name missing; used ticker fallback; country unknown
ENT000655,BXP,BXP,BXP,,TRUE,United States,North America,GSE580_theta_data.csv,2026-05-08,0.80,parent relationships not resolved in v0; company_name missing; used ticker fallback
ENT000656,BYD,BYD,BYD,,TRUE,Unknown,Unknown,GSE580_theta_data.csv,2026-05-08,0.80,parent relationships not resolved in v0; company_name missing; used ticker fallback; country unknown
ENT000657,BYND,BYND,BYND,,TRUE,Unknown,Unknown,GSE580_theta_data.csv,2026-05-08,0.80,parent relationships not resolved in v0; company_name missing; used ticker fallback; country unknown
ENT000658,BYRN,BYRN,BYRN,,TRUE,Unknown,Unknown,GSE580_theta_data.csv,2026-05-08,0.80,parent relationships not resolved in v0; company_name missing; used ticker fallback; country unknown
ENT000659,BZ,BZ,BZ,,TRUE,Unknown,Unknown,GSE580_theta_data.csv,2026-05-08,0.80,parent relationships not resolved in v0; company_name missing; used ticker fallback; country unknown
ENT000660,BZAI,BZAI,BZAI,,TRUE,Unknown,Unknown,GSE580_theta_data.csv,2026-05-08,0.80,parent relationships not resolved in v0; company_name missing; used ticker fallback; country unknown
ENT000661,BZH,BZH,BZH,,TRUE,Unknown,Unknown,GSE580_theta_data.csv,2026-05-08,0.80,parent relationships not resolved in v0; company_name missing; used ticker fallback; country unknown
ENT000662,BZUN,BZUN,BZUN,,TRUE,Unknown,Unknown,GSE580_theta_data.csv,2026-05-08,0.80,parent relationships not resolved in v0; company_name missing; used ticker fallback; country unknown
ENT000663,C,C,C,,TRUE,Unknown,Unknown,GSE580_theta_data.csv,2026-05-08,0.80,parent relationships not resolved in v0; company_name missing; used ticker fallback; country unknown
ENT000664,CAAP,CAAP,CAAP,,TRUE,Unknown,Unknown,GSE580_theta_data.csv,2026-05-08,0.80,parent relationships not resolved in v0; company_name missing; used ticker fallback; country unknown
ENT000665,CAAS,CAAS,CAAS,,TRUE,Unknown,Unknown,GSE580_theta_data.csv,2026-05-08,0.80,parent relationships not resolved in v0; company_name missing; used ticker fallback; country unknown
ENT000666,CABO,CABO,CABO,,TRUE,Unknown,Unknown,GSE580_theta_data.csv,2026-05-08,0.80,parent relationships not resolved in v0; company_name missing; used ticker fallback; country unknown
ENT000667,CAC,CAC,CAC,,TRUE,Unknown,Unknown,GSE580_theta_data.csv,2026-05-08,0.80,parent relationships not resolved in v0; company_name missing; used ticker fallback; country unknown
ENT000668,CACC,CACC,CACC,,TRUE,Unknown,Unknown,GSE580_theta_data.csv,2026-05-08,0.80,parent relationships not resolved in v0; company_name missing; used ticker fallback; country unknown
ENT000669,CACI,CACI,CACI,,TRUE,Unknown,Unknown,GSE580_theta_data.csv,2026-05-08,0.80,parent relationships not resolved in v0; company_name missing; used ticker fallback; country unknown
ENT000670,CAE,CAE,CAE,,TRUE,Unknown,Unknown,GSE580_theta_data.csv,2026-05-08,0.80,parent relationships not resolved in v0; company_name missing; used ticker fallback; country unknown
ENT000671,CAEP,CAEP,CAEP,,TRUE,Unknown,Unknown,GSE580_theta_data.csv,2026-05-08,0.80,parent relationships not resolved in v0; company_name missing; used ticker fallback; country unknown
ENT000672,CAG,CAG,CAG,,TRUE,Unknown,Unknown,GSE580_theta_data.csv,2026-05-08,0.80,parent relationships not resolved in v0; company_name missing; used ticker fallback; country unknown
ENT000673,CAH,CAH,CAH,,TRUE,Unknown,Unknown,GSE580_theta_data.csv,2026-05-08,0.80,parent relationships not resolved in v0; company_name missing; used ticker fallback; country unknown
ENT000674,CAKE,CAKE,CAKE,,TRUE,Unknown,Unknown,GSE580_theta_data.csv,2026-05-08,0.80,parent relationships not resolved in v0; company_name missing; used ticker fallback; country unknown
ENT000675,CAL,CAL,CAL,,TRUE,Unknown,Unknown,GSE580_theta_data.csv,2026-05-08,0.80,parent relationships not resolved in v0; company_name missing; used ticker fallback; country unknown
ENT000676,CALM,CALM,CALM,,TRUE,Unknown,Unknown,GSE580_theta_data.csv,2026-05-08,0.80,parent relationships not resolved in v0; company_name missing; used ticker fallback; country unknown
ENT000677,CALX,CALX,CALX,,TRUE,Unknown,Unknown,GSE580_theta_data.csv,2026-05-08,0.80,parent relationships not resolved in v0; company_name missing; used ticker fallback; country unknown
ENT000678,CALY,CALY,CALY,,TRUE,Unknown,Unknown,GSE580_theta_data.csv,2026-05-08,0.80,parent relationships not resolved in v0; company_name missing; used ticker fallback; country unknown
ENT000679,CAMT,CAMT,CAMT,,TRUE,Unknown,Unknown,GSE580_theta_data.csv,2026-05-08,0.80,parent relationships not resolved in v0; company_name missing; used ticker fallback; country unknown
ENT000680,CAN,CAN,CAN,,TRUE,Unknown,Unknown,GSE580_theta_data.csv,2026-05-08,0.80,parent relationships not resolved in v0; company_name missing; used ticker fallback; country unknown
ENT000681,CANG,CANG,CANG,,TRUE,Unknown,Unknown,GSE580_theta_data.csv,2026-05-08,0.80,parent relationships not resolved in v0; company_name missing; used ticker fallback; country unknown
ENT000682,CAPL,CAPL,CAPL,,TRUE,Unknown,Unknown,GSE580_theta_data.csv,2026-05-08,0.80,parent relationships not resolved in v0; company_name missing; used ticker fallback; country unknown
ENT000683,CAR,CAR,CAR,,TRUE,Unknown,Unknown,GSE580_theta_data.csv,2026-05-08,0.80,parent relationships not resolved in v0; company_name missing; used ticker fallback; country unknown
ENT000684,CARG,CARG,CARG,,TRUE,Unknown,Unknown,GSE580_theta_data.csv,2026-05-08,0.80,parent relationships not resolved in v0; company_name missing; used ticker fallback; country unknown
ENT000685,CARL,CARL,CARL,,TRUE,Unknown,Unknown,GSE580_theta_data.csv,2026-05-08,0.80,parent relationships not resolved in v0; company_name missing; used ticker fallback; country unknown
ENT000686,CARR,CARR,CARR,,TRUE,Unknown,Unknown,GSE580_theta_data.csv,2026-05-08,0.80,parent relationships not resolved in v0; company_name missing; used ticker fallback; country unknown
ENT000687,CARS,CARS,CARS,,TRUE,United States,North America,GSE580_theta_data.csv,2026-05-08,0.80,parent relationships not resolved in v0; company_name missing; used ticker fallback
ENT000688,CART,CART,CART,,TRUE,Unknown,Unknown,GSE580_theta_data.csv,2026-05-08,0.80,parent relationships not resolved in v0; company_name missing; used ticker fallback; country unknown
ENT000689,CASH,CASH,CASH,,TRUE,Unknown,Unknown,GSE580_theta_data.csv,2026-05-08,0.80,parent relationships not resolved in v0; company_name missing; used ticker fallback; country unknown
ENT000690,CASS,CASS,CASS,,TRUE,Unknown,Unknown,GSE580_theta_data.csv,2026-05-08,0.80,parent relationships not resolved in v0; company_name missing; used ticker fallback; country unknown
ENT000691,CASY,CASY,CASY,,TRUE,Unknown,Unknown,GSE580_theta_data.csv,2026-05-08,0.80,parent relationships not resolved in v0; company_name missing; used ticker fallback; country unknown
ENT000692,CAT,CAT,CAT,,TRUE,Unknown,Unknown,GSE580_theta_data.csv,2026-05-08,0.80,parent relationships not resolved in v0; company_name missing; used ticker fallback; country unknown
ENT000693,CAVA,CAVA,CAVA,,TRUE,Unknown,Unknown,GSE580_theta_data.csv,2026-05-08,0.80,parent relationships not resolved in v0; company_name missing; used ticker fallback; country unknown
ENT000694,CB,CB,CB,,TRUE,Unknown,Unknown,GSE580_theta_data.csv,2026-05-08,0.80,parent relationships not resolved in v0; company_name missing; used ticker fallback; country unknown
ENT000695,CBL,CBL,CBL,,TRUE,Unknown,Unknown,GSE580_theta_data.csv,2026-05-08,0.80,parent relationships not resolved in v0; company_name missing; used ticker fallback; country unknown
ENT000696,CBLL,CBLL,CBLL,,TRUE,Unknown,Unknown,GSE580_theta_data.csv,2026-05-08,0.80,parent relationships not resolved in v0; company_name missing; used ticker fallback; country unknown
ENT000697,CBRE,CBRE,CBRE,,TRUE,Unknown,Unknown,GSE580_theta_data.csv,2026-05-08,0.80,parent relationships not resolved in v0; company_name missing; used ticker fallback; country unknown
ENT000698,CBRL,CBRL,CBRL,,TRUE,Unknown,Unknown,GSE580_theta_data.csv,2026-05-08,0.80,parent relationships not resolved in v0; company_name missing; used ticker fallback; country unknown
ENT000699,CBSH,CBSH,CBSH,,TRUE,Unknown,Unknown,GSE580_theta_data.csv,2026-05-08,0.80,parent relationships not resolved in v0; company_name missing; used ticker fallback; country unknown
ENT000700,CBT,CBT,CBT,,TRUE,Unknown,Unknown,GSE580_theta_data.csv,2026-05-08,0.80,parent relationships not resolved in v0; company_name missing; used ticker fallback; country unknown
ENT000701,CBZ,CBZ,CBZ,,TRUE,United States,North America,GSE580_theta_data.csv,2026-05-08,0.80,parent relationships not resolved in v0; company_name missing; used ticker fallback
ENT000702,CC,CC,CC,,TRUE,Unknown,Unknown,GSE580_theta_data.csv,2026-05-08,0.80,parent relationships not resolved in v0; company_name missing; used ticker fallback; country unknown
ENT000703,CCBG,CCBG,CCBG,,TRUE,Unknown,Unknown,GSE580_theta_data.csv,2026-05-08,0.80,parent relationships not resolved in v0; company_name missing; used ticker fallback; country unknown
ENT000704,CCC,CCC,CCC,,TRUE,United States,North America,GSE580_theta_data.csv,2026-05-08,0.80,parent relationships not resolved in v0; company_name missing; used ticker fallback
ENT000705,CCEC,CCEC,CCEC,,TRUE,Unknown,Unknown,GSE580_theta_data.csv,2026-05-08,0.80,parent relationships not resolved in v0; company_name missing; used ticker fallback; country unknown
ENT000706,CCEP,CCEP,CCEP,,TRUE,Unknown,Unknown,GSE580_theta_data.csv,2026-05-08,0.80,parent relationships not resolved in v0; company_name missing; used ticker fallback; country unknown
ENT000707,CCI,CCI,CCI,,TRUE,Unknown,Unknown,GSE580_theta_data.csv,2026-05-08,0.80,parent relationships not resolved in v0; company_name missing; used ticker fallback; country unknown
ENT000708,CCIX,CCIX,CCIX,,TRUE,Unknown,Unknown,GSE580_theta_data.csv,2026-05-08,0.80,parent relationships not resolved in v0; company_name missing; used ticker fallback; country unknown
ENT000709,CCK,CCK,CCK,,TRUE,Unknown,Unknown,GSE580_theta_data.csv,2026-05-08,0.80,parent relationships not resolved in v0; company_name missing; used ticker fallback; country unknown
ENT000710,CCL,CCL,CCL,,TRUE,Unknown,Unknown,GSE580_theta_data.csv,2026-05-08,0.80,parent relationships not resolved in v0; company_name missing; used ticker fallback; country unknown
ENT000711,CCLD,CCLD,CCLD,,TRUE,Unknown,Unknown,GSE580_theta_data.csv,2026-05-08,0.80,parent relationships not resolved in v0; company_name missing; used ticker fallback; country unknown
ENT000712,CCO,CCO,C,,TRUE,Unknown,Unknown,GSE580_theta_data.csv,2026-05-08,0.80,parent relationships not resolved in v0; company_name missing; used ticker fallback; country unknown
ENT000713,CCOI,CCOI,CCOI,,TRUE,Unknown,Unknown,GSE580_theta_data.csv,2026-05-08,0.80,parent relationships not resolved in v0; company_name missing; used ticker fallback; country unknown
ENT000714,CCRN,CCRN,CCRN,,TRUE,Unknown,Unknown,GSE580_theta_data.csv,2026-05-08,0.80,parent relationships not resolved in v0; company_name missing; used ticker fallback; country unknown
ENT000715,CCS,CCS,CCS,,TRUE,Unknown,Unknown,GSE580_theta_data.csv,2026-05-08,0.80,parent relationships not resolved in v0; company_name missing; used ticker fallback; country unknown
ENT000716,CCSI,CCSI,CCSI,,TRUE,Unknown,Unknown,GSE580_theta_data.csv,2026-05-08,0.80,parent relationships not resolved in v0; company_name missing; used ticker fallback; country unknown
ENT000717,CCU,CCU,CCU,,TRUE,Unknown,Unknown,GSE580_theta_data.csv,2026-05-08,0.80,parent relationships not resolved in v0; company_name missing; used ticker fallback; country unknown
ENT000718,CDE,CDE,CDE,,TRUE,Unknown,Unknown,GSE580_theta_data.csv,2026-05-08,0.80,parent relationships not resolved in v0; company_name missing; used ticker fallback; country unknown
ENT000719,CDLR,CDLR,CDLR,,TRUE,Unknown,Unknown,GSE580_theta_data.csv,2026-05-08,0.80,parent relationships not resolved in v0; company_name missing; used ticker fallback; country unknown
ENT000720,CDNS,CDNS,CDNS,,TRUE,Unknown,Unknown,GSE580_theta_data.csv,2026-05-08,0.80,parent relationships not resolved in v0; company_name missing; used ticker fallback; country unknown
ENT000721,CDP,CDP,CDP,,TRUE,Unknown,Unknown,GSE580_theta_data.csv,2026-05-08,0.80,parent relationships not resolved in v0; company_name missing; used ticker fallback; country unknown
ENT000722,CDRE,CDRE,CDRE,,TRUE,Unknown,Unknown,GSE580_theta_data.csv,2026-05-08,0.80,parent relationships not resolved in v0; company_name missing; used ticker fallback; country unknown
ENT000723,CDRO,CDRO,CDRO,,TRUE,Unknown,Unknown,GSE580_theta_data.csv,2026-05-08,0.80,parent relationships not resolved in v0; company_name missing; used ticker fallback; country unknown
ENT000724,CDW,CDW,CDW,,TRUE,Unknown,Unknown,GSE580_theta_data.csv,2026-05-08,0.80,parent relationships not resolved in v0; company_name missing; used ticker fallback; country unknown
ENT000725,CDXS,CDXS,CDXS,,TRUE,Unknown,Unknown,GSE580_theta_data.csv,2026-05-08,0.80,parent relationships not resolved in v0; company_name missing; used ticker fallback; country unknown
ENT000726,CDZI,CDZI,CDZI,,TRUE,Unknown,Unknown,GSE580_theta_data.csv,2026-05-08,0.80,parent relationships not resolved in v0; company_name missing; used ticker fallback; country unknown
ENT000727,CE,CE,CE,,TRUE,Unknown,Unknown,GSE580_theta_data.csv,2026-05-08,0.80,parent relationships not resolved in v0; company_name missing; used ticker fallback; country unknown
ENT000728,CECO,CECO,CE,,TRUE,Unknown,Unknown,GSE580_theta_data.csv,2026-05-08,0.80,parent relationships not resolved in v0; company_name missing; used ticker fallback; country unknown
ENT000729,CEG,CEG,CEG,,TRUE,Unknown,Unknown,GSE580_theta_data.csv,2026-05-08,0.80,parent relationships not resolved in v0; company_name missing; used ticker fallback; country unknown
ENT000730,CELH,CELH,CELH,,TRUE,Unknown,Unknown,GSE580_theta_data.csv,2026-05-08,0.80,parent relationships not resolved in v0; company_name missing; used ticker fallback; country unknown
ENT000731,CENT,CENT,CENT,,TRUE,United States,North America,GSE580_theta_data.csv,2026-05-08,0.80,parent relationships not resolved in v0; company_name missing; used ticker fallback
ENT000732,CENX,CENX,CENX,,TRUE,Unknown,Unknown,GSE580_theta_data.csv,2026-05-08,0.80,parent relationships not resolved in v0; company_name missing; used ticker fallback; country unknown
ENT000733,CEPF,CEPF,CEPF,,TRUE,Unknown,Unknown,GSE580_theta_data.csv,2026-05-08,0.80,parent relationships not resolved in v0; company_name missing; used ticker fallback; country unknown
ENT000734,CEPO,CEPO,CEPO,,TRUE,Unknown,Unknown,GSE580_theta_data.csv,2026-05-08,0.80,parent relationships not resolved in v0; company_name missing; used ticker fallback; country unknown
ENT000735,CEPT,CEPT,CEPT,,TRUE,Unknown,Unknown,GSE580_theta_data.csv,2026-05-08,0.80,parent relationships not resolved in v0; company_name missing; used ticker fallback; country unknown
ENT000736,CEPU,CEPU,CEPU,,TRUE,Unknown,Unknown,GSE580_theta_data.csv,2026-05-08,0.80,parent relationships not resolved in v0; company_name missing; used ticker fallback; country unknown
ENT000737,CEPV,CEPV,CEPV,,TRUE,Unknown,Unknown,GSE580_theta_data.csv,2026-05-08,0.80,parent relationships not resolved in v0; company_name missing; used ticker fallback; country unknown
ENT000738,CERS,CERS,CERS,,TRUE,Unknown,Unknown,GSE580_theta_data.csv,2026-05-08,0.80,parent relationships not resolved in v0; company_name missing; used ticker fallback; country unknown
ENT000739,CERT,CERT,CERT,,TRUE,Unknown,Unknown,GSE580_theta_data.csv,2026-05-08,0.80,parent relationships not resolved in v0; company_name missing; used ticker fallback; country unknown
ENT000740,CEVA,CEVA,CEVA,,TRUE,Unknown,Unknown,GSE580_theta_data.csv,2026-05-08,0.80,parent relationships not resolved in v0; company_name missing; used ticker fallback; country unknown
ENT000741,CF,CF,CF,,TRUE,Unknown,Unknown,GSE580_theta_data.csv,2026-05-08,0.80,parent relationships not resolved in v0; company_name missing; used ticker fallback; country unknown
ENT000742,CFG,CFG,CFG,,TRUE,Unknown,Unknown,GSE580_theta_data.csv,2026-05-08,0.80,parent relationships not resolved in v0; company_name missing; used ticker fallback; country unknown
ENT000743,CFLT,CFLT,CFLT,,TRUE,Unknown,Unknown,GSE580_theta_data.csv,2026-05-08,0.80,parent relationships not resolved in v0; company_name missing; used ticker fallback; country unknown
ENT000744,CFNB,CFNB,CFNB,,TRUE,Unknown,Unknown,GSE580_theta_data.csv,2026-05-08,0.80,parent relationships not resolved in v0; company_name missing; used ticker fallback; country unknown
ENT000745,CG,CG,CG,,TRUE,Unknown,Unknown,GSE580_theta_data.csv,2026-05-08,0.80,parent relationships not resolved in v0; company_name missing; used ticker fallback; country unknown
ENT000746,CGC,CGC,CGC,,TRUE,Unknown,Unknown,GSE580_theta_data.csv,2026-05-08,0.80,parent relationships not resolved in v0; company_name missing; used ticker fallback; country unknown
ENT000747,CGCT,CGCT,CGCT,,TRUE,Unknown,Unknown,GSE580_theta_data.csv,2026-05-08,0.80,parent relationships not resolved in v0; company_name missing; used ticker fallback; country unknown
ENT000748,CGNT,CGNT,CGNT,,TRUE,Unknown,Unknown,GSE580_theta_data.csv,2026-05-08,0.80,parent relationships not resolved in v0; company_name missing; used ticker fallback; country unknown
ENT000749,CGNX,CGNX,CGNX,,TRUE,Unknown,Unknown,GSE580_theta_data.csv,2026-05-08,0.80,parent relationships not resolved in v0; company_name missing; used ticker fallback; country unknown
ENT000750,CGTX,CGTX,CGTX,,TRUE,Unknown,Unknown,GSE580_theta_data.csv,2026-05-08,0.80,parent relationships not resolved in v0; company_name missing; used ticker fallback; country unknown
ENT000751,CHA,CHA,CHA,,TRUE,Unknown,Unknown,GSE580_theta_data.csv,2026-05-08,0.80,parent relationships not resolved in v0; company_name missing; used ticker fallback; country unknown
ENT000752,CHCI,CHCI,CHCI,,TRUE,Unknown,Unknown,GSE580_theta_data.csv,2026-05-08,0.80,parent relationships not resolved in v0; company_name missing; used ticker fallback; country unknown
ENT000753,CHCT,CHCT,CHCT,,TRUE,Unknown,Unknown,GSE580_theta_data.csv,2026-05-08,0.80,parent relationships not resolved in v0; company_name missing; used ticker fallback; country unknown
ENT000754,CHD,CHD,CHD,,TRUE,Unknown,Unknown,GSE580_theta_data.csv,2026-05-08,0.80,parent relationships not resolved in v0; company_name missing; used ticker fallback; country unknown
ENT000755,CHDN,CHDN,CHDN,,TRUE,Unknown,Unknown,GSE580_theta_data.csv,2026-05-08,0.80,parent relationships not resolved in v0; company_name missing; used ticker fallback; country unknown
ENT000756,CHE,CHE,CHE,,TRUE,Unknown,Unknown,GSE580_theta_data.csv,2026-05-08,0.80,parent relationships not resolved in v0; company_name missing; used ticker fallback; country unknown
ENT000757,CHEF,CHEF,CHEF,,TRUE,United States,North America,GSE580_theta_data.csv,2026-05-08,0.80,parent relationships not resolved in v0; company_name missing; used ticker fallback
ENT000758,CHGG,CHGG,CHGG,,TRUE,United States,North America,GSE580_theta_data.csv,2026-05-08,0.80,parent relationships not resolved in v0; company_name missing; used ticker fallback
ENT000759,CHH,CHH,CHH,,TRUE,Unknown,Unknown,GSE580_theta_data.csv,2026-05-08,0.80,parent relationships not resolved in v0; company_name missing; used ticker fallback; country unknown
ENT000760,CHKP,CHKP,CHKP,,TRUE,Unknown,Unknown,GSE580_theta_data.csv,2026-05-08,0.80,parent relationships not resolved in v0; company_name missing; used ticker fallback; country unknown
ENT000761,CHOW,CHOW,CHOW,,TRUE,Unknown,Unknown,GSE580_theta_data.csv,2026-05-08,0.80,parent relationships not resolved in v0; company_name missing; used ticker fallback; country unknown
ENT000762,CHPT,CHPT,CHPT,,TRUE,Unknown,Unknown,GSE580_theta_data.csv,2026-05-08,0.80,parent relationships not resolved in v0; company_name missing; used ticker fallback; country unknown
ENT000763,CHRW,CHRW,CHRW,,TRUE,Unknown,Unknown,GSE580_theta_data.csv,2026-05-08,0.80,parent relationships not resolved in v0; company_name missing; used ticker fallback; country unknown
ENT000764,CHT,CHT,CHT,,TRUE,Unknown,Unknown,GSE580_theta_data.csv,2026-05-08,0.80,parent relationships not resolved in v0; company_name missing; used ticker fallback; country unknown
ENT000765,CHTH,CHTH,CHTH,,TRUE,Unknown,Unknown,GSE580_theta_data.csv,2026-05-08,0.80,parent relationships not resolved in v0; company_name missing; used ticker fallback; country unknown
ENT000766,CHTR,CHTR,CHTR,,TRUE,Unknown,Unknown,GSE580_theta_data.csv,2026-05-08,0.80,parent relationships not resolved in v0; company_name missing; used ticker fallback; country unknown
ENT000767,CHWY,CHWY,CHWY,,TRUE,Unknown,Unknown,GSE580_theta_data.csv,2026-05-08,0.80,parent relationships not resolved in v0; company_name missing; used ticker fallback; country unknown
ENT000768,CHYM,CHYM,CHYM,,TRUE,Unknown,Unknown,GSE580_theta_data.csv,2026-05-08,0.80,parent relationships not resolved in v0; company_name missing; used ticker fallback; country unknown
ENT000769,CI,CI,CI,,TRUE,Unknown,Unknown,GSE580_theta_data.csv,2026-05-08,0.80,parent relationships not resolved in v0; company_name missing; used ticker fallback; country unknown
ENT000770,CIA,CIA,CIA,,TRUE,Unknown,Unknown,GSE580_theta_data.csv,2026-05-08,0.80,parent relationships not resolved in v0; company_name missing; used ticker fallback; country unknown
ENT000771,CIB,CIB,CIB,,TRUE,Unknown,Unknown,GSE580_theta_data.csv,2026-05-08,0.80,parent relationships not resolved in v0; company_name missing; used ticker fallback; country unknown
ENT000772,CIEN,CIEN,CIEN,,TRUE,Unknown,Unknown,GSE580_theta_data.csv,2026-05-08,0.80,parent relationships not resolved in v0; company_name missing; used ticker fallback; country unknown
ENT000773,CIFR,CIFR,CIFR,,TRUE,Unknown,Unknown,GSE580_theta_data.csv,2026-05-08,0.80,parent relationships not resolved in v0; company_name missing; used ticker fallback; country unknown
ENT000774,CIGI,CIGI,CIGI,,TRUE,Unknown,Unknown,GSE580_theta_data.csv,2026-05-08,0.80,parent relationships not resolved in v0; company_name missing; used ticker fallback; country unknown
ENT000775,CIM,CIM,CIM,,TRUE,Unknown,Unknown,GSE580_theta_data.csv,2026-05-08,0.80,parent relationships not resolved in v0; company_name missing; used ticker fallback; country unknown
ENT000776,CINF,CINF,CINF,,TRUE,Unknown,Unknown,GSE580_theta_data.csv,2026-05-08,0.80,parent relationships not resolved in v0; company_name missing; used ticker fallback; country unknown
ENT000777,CINT,CINT,CINT,,TRUE,Unknown,Unknown,GSE580_theta_data.csv,2026-05-08,0.80,parent relationships not resolved in v0; company_name missing; used ticker fallback; country unknown
ENT000778,CION,CION,CION,,TRUE,United States,North America,GSE580_theta_data.csv,2026-05-08,0.80,parent relationships not resolved in v0; company_name missing; used ticker fallback
ENT000779,CIX,CIX,CIX,,TRUE,Unknown,Unknown,GSE580_theta_data.csv,2026-05-08,0.80,parent relationships not resolved in v0; company_name missing; used ticker fallback; country unknown
ENT000780,CL,CL,CL,,TRUE,Unknown,Unknown,GSE580_theta_data.csv,2026-05-08,0.80,parent relationships not resolved in v0; company_name missing; used ticker fallback; country unknown
ENT000781,CLAR,CLAR,CLAR,,TRUE,Unknown,Unknown,GSE580_theta_data.csv,2026-05-08,0.80,parent relationships not resolved in v0; company_name missing; used ticker fallback; country unknown
ENT000782,CLB,CLB,CLB,,TRUE,Unknown,Unknown,GSE580_theta_data.csv,2026-05-08,0.80,parent relationships not resolved in v0; company_name missing; used ticker fallback; country unknown
ENT000783,CLBT,CLBT,CLBT,,TRUE,Unknown,Unknown,GSE580_theta_data.csv,2026-05-08,0.80,parent relationships not resolved in v0; company_name missing; used ticker fallback; country unknown
ENT000784,CLDT,CLDT,CLDT,,TRUE,Unknown,Unknown,GSE580_theta_data.csv,2026-05-08,0.80,parent relationships not resolved in v0; company_name missing; used ticker fallback; country unknown
ENT000785,CLF,CLF,CLF,,TRUE,Unknown,Unknown,GSE580_theta_data.csv,2026-05-08,0.80,parent relationships not resolved in v0; company_name missing; used ticker fallback; country unknown
ENT000786,CLFD,CLFD,CLFD,,TRUE,Unknown,Unknown,GSE580_theta_data.csv,2026-05-08,0.80,parent relationships not resolved in v0; company_name missing; used ticker fallback; country unknown
ENT000787,CLH,CLH,CLH,,TRUE,Unknown,Unknown,GSE580_theta_data.csv,2026-05-08,0.80,parent relationships not resolved in v0; company_name missing; used ticker fallback; country unknown
ENT000788,CLMB,CLMB,CLMB,,TRUE,Unknown,Unknown,GSE580_theta_data.csv,2026-05-08,0.80,parent relationships not resolved in v0; company_name missing; used ticker fallback; country unknown
ENT000789,CLMT,CLMT,CLMT,,TRUE,Unknown,Unknown,GSE580_theta_data.csv,2026-05-08,0.80,parent relationships not resolved in v0; company_name missing; used ticker fallback; country unknown
ENT000790,CLNE,CLNE,CLNE,,TRUE,Unknown,Unknown,GSE580_theta_data.csv,2026-05-08,0.80,parent relationships not resolved in v0; company_name missing; used ticker fallback; country unknown
ENT000791,CLOV,CLOV,CLOV,,TRUE,Unknown,Unknown,GSE580_theta_data.csv,2026-05-08,0.80,parent relationships not resolved in v0; company_name missing; used ticker fallback; country unknown
ENT000792,CLPT,CLPT,CLPT,,TRUE,Unknown,Unknown,GSE580_theta_data.csv,2026-05-08,0.80,parent relationships not resolved in v0; company_name missing; used ticker fallback; country unknown
ENT000793,CLS,CLS,CLS,,TRUE,Unknown,Unknown,GSE580_theta_data.csv,2026-05-08,0.80,parent relationships not resolved in v0; company_name missing; used ticker fallback; country unknown
ENT000794,CLSK,CLSK,CLSK,,TRUE,Unknown,Unknown,GSE580_theta_data.csv,2026-05-08,0.80,parent relationships not resolved in v0; company_name missing; used ticker fallback; country unknown
ENT000795,CLVT,CLVT,CLVT,,TRUE,Unknown,Unknown,GSE580_theta_data.csv,2026-05-08,0.80,parent relationships not resolved in v0; company_name missing; used ticker fallback; country unknown
ENT000796,CLW,CLW,CLW,,TRUE,Unknown,Unknown,GSE580_theta_data.csv,2026-05-08,0.80,parent relationships not resolved in v0; company_name missing; used ticker fallback; country unknown
ENT000797,CLX,CLX,CLX,,TRUE,Unknown,Unknown,GSE580_theta_data.csv,2026-05-08,0.80,parent relationships not resolved in v0; company_name missing; used ticker fallback; country unknown
ENT000798,CM,CM,CM,,TRUE,Unknown,Unknown,GSE580_theta_data.csv,2026-05-08,0.80,parent relationships not resolved in v0; company_name missing; used ticker fallback; country unknown
ENT000799,CMA,CMA,CMA,,TRUE,Unknown,Unknown,GSE580_theta_data.csv,2026-05-08,0.80,parent relationships not resolved in v0; company_name missing; used ticker fallback; country unknown
ENT000800,CMC,CMC,CMC,,TRUE,Unknown,Unknown,GSE580_theta_data.csv,2026-05-08,0.80,parent relationships not resolved in v0; company_name missing; used ticker fallback; country unknown
ENT000801,CMCL,CMCL,CMCL,,TRUE,Unknown,Unknown,GSE580_theta_data.csv,2026-05-08,0.80,parent relationships not resolved in v0; company_name missing; used ticker fallback; country unknown
ENT000802,CMCM,CMCM,CMCM,,TRUE,Unknown,Unknown,GSE580_theta_data.csv,2026-05-08,0.80,parent relationships not resolved in v0; company_name missing; used ticker fallback; country unknown
ENT000803,CMCO,CMCO,CM,,TRUE,Unknown,Unknown,GSE580_theta_data.csv,2026-05-08,0.80,parent relationships not resolved in v0; company_name missing; used ticker fallback; country unknown
ENT000804,CMCSA,CMCSA,CMCSA,,TRUE,Unknown,Unknown,GSE580_theta_data.csv,2026-05-08,0.80,parent relationships not resolved in v0; company_name missing; used ticker fallback; country unknown
ENT000805,CMDB,CMDB,CMDB,,TRUE,Unknown,Unknown,GSE580_theta_data.csv,2026-05-08,0.80,parent relationships not resolved in v0; company_name missing; used ticker fallback; country unknown
ENT000806,CME,CME,CME,,TRUE,Unknown,Unknown,GSE580_theta_data.csv,2026-05-08,0.80,parent relationships not resolved in v0; company_name missing; used ticker fallback; country unknown
ENT000807,CMG,CMG,CMG,,TRUE,Unknown,Unknown,GSE580_theta_data.csv,2026-05-08,0.80,parent relationships not resolved in v0; company_name missing; used ticker fallback; country unknown
ENT000808,CMI,CMI,CMI,,TRUE,Unknown,Unknown,GSE580_theta_data.csv,2026-05-08,0.80,parent relationships not resolved in v0; company_name missing; used ticker fallback; country unknown
ENT000809,CMP,CMP,CMP,,TRUE,Unknown,Unknown,GSE580_theta_data.csv,2026-05-08,0.80,parent relationships not resolved in v0; company_name missing; used ticker fallback; country unknown
ENT000810,CMPR,CMPR,CMPR,,TRUE,Unknown,Unknown,GSE580_theta_data.csv,2026-05-08,0.80,parent relationships not resolved in v0; company_name missing; used ticker fallback; country unknown
ENT000811,CMRC,CMRC,CMRC,,TRUE,Unknown,Unknown,GSE580_theta_data.csv,2026-05-08,0.80,parent relationships not resolved in v0; company_name missing; used ticker fallback; country unknown
ENT000812,CMRE,CMRE,CMRE,,TRUE,Unknown,Unknown,GSE580_theta_data.csv,2026-05-08,0.80,parent relationships not resolved in v0; company_name missing; used ticker fallback; country unknown
ENT000813,CMRF,CMRF,CMRF,,TRUE,Unknown,Unknown,GSE580_theta_data.csv,2026-05-08,0.80,parent relationships not resolved in v0; company_name missing; used ticker fallback; country unknown
ENT000814,CMS,CMS,CMS,,TRUE,Unknown,Unknown,GSE580_theta_data.csv,2026-05-08,0.80,parent relationships not resolved in v0; company_name missing; used ticker fallback; country unknown
ENT000815,CMT,CMT,CMT,,TRUE,Unknown,Unknown,GSE580_theta_data.csv,2026-05-08,0.80,parent relationships not resolved in v0; company_name missing; used ticker fallback; country unknown
ENT000816,CMTG,CMTG,CMTG,,TRUE,Unknown,Unknown,GSE580_theta_data.csv,2026-05-08,0.80,parent relationships not resolved in v0; company_name missing; used ticker fallback; country unknown
ENT000817,CNA,CNA,CNA,,TRUE,Unknown,Unknown,GSE580_theta_data.csv,2026-05-08,0.80,parent relationships not resolved in v0; company_name missing; used ticker fallback; country unknown
ENT000818,CNC,CNC,CNC,,TRUE,United States,North America,GSE580_theta_data.csv,2026-05-08,0.80,parent relationships not resolved in v0; company_name missing; used ticker fallback
ENT000819,CNCK,CNCK,CNCK,,TRUE,Unknown,Unknown,GSE580_theta_data.csv,2026-05-08,0.80,parent relationships not resolved in v0; company_name missing; used ticker fallback; country unknown
ENT000820,CNDT,CNDT,CNDT,,TRUE,United States,North America,GSE580_theta_data.csv,2026-05-08,0.80,parent relationships not resolved in v0; company_name missing; used ticker fallback
ENT000821,CNH,CNH,CNH,,TRUE,Unknown,Unknown,GSE580_theta_data.csv,2026-05-08,0.80,parent relationships not resolved in v0; company_name missing; used ticker fallback; country unknown
ENT000822,CNHI,CNHI,CNHI,,TRUE,Unknown,Unknown,GSE580_theta_data.csv,2026-05-08,0.80,parent relationships not resolved in v0; company_name missing; used ticker fallback; country unknown
ENT000823,CNI,CNI,CNI,,TRUE,Unknown,Unknown,GSE580_theta_data.csv,2026-05-08,0.80,parent relationships not resolved in v0; company_name missing; used ticker fallback; country unknown
ENT000824,CNK,CNK,CNK,,TRUE,Unknown,Unknown,GSE580_theta_data.csv,2026-05-08,0.80,parent relationships not resolved in v0; company_name missing; used ticker fallback; country unknown
ENT000825,CNM,CNM,CNM,,TRUE,Unknown,Unknown,GSE580_theta_data.csv,2026-05-08,0.80,parent relationships not resolved in v0; company_name missing; used ticker fallback; country unknown
ENT000826,CNMD,CNMD,CNMD,,TRUE,Unknown,Unknown,GSE580_theta_data.csv,2026-05-08,0.80,parent relationships not resolved in v0; company_name missing; used ticker fallback; country unknown
ENT000827,CNNE,CNNE,CNNE,,TRUE,United States,North America,GSE580_theta_data.csv,2026-05-08,0.80,parent relationships not resolved in v0; company_name missing; used ticker fallback
ENT000828,CNO,CNO,CNO,,TRUE,Unknown,Unknown,GSE580_theta_data.csv,2026-05-08,0.80,parent relationships not resolved in v0; company_name missing; used ticker fallback; country unknown
ENT000829,CNP,CNP,CNP,,TRUE,Unknown,Unknown,GSE580_theta_data.csv,2026-05-08,0.80,parent relationships not resolved in v0; company_name missing; used ticker fallback; country unknown
ENT000830,CNR,CNR,CNR,,TRUE,Unknown,Unknown,GSE580_theta_data.csv,2026-05-08,0.80,parent relationships not resolved in v0; company_name missing; used ticker fallback; country unknown
ENT000831,CNRD,CNRD,CNRD,,TRUE,Unknown,Unknown,GSE580_theta_data.csv,2026-05-08,0.80,parent relationships not resolved in v0; company_name missing; used ticker fallback; country unknown
ENT000832,CNS,CNS,CNS,,TRUE,Unknown,Unknown,GSE580_theta_data.csv,2026-05-08,0.80,parent relationships not resolved in v0; company_name missing; used ticker fallback; country unknown
ENT000833,CNTX,CNTX,CNTX,,TRUE,Unknown,Unknown,GSE580_theta_data.csv,2026-05-08,0.80,parent relationships not resolved in v0; company_name missing; used ticker fallback; country unknown
ENT000834,CNXC,CNXC,CNXC,,TRUE,Unknown,Unknown,GSE580_theta_data.csv,2026-05-08,0.80,parent relationships not resolved in v0; company_name missing; used ticker fallback; country unknown
ENT000835,CNXN,CNXN,CNXN,,TRUE,United States,North America,GSE580_theta_data.csv,2026-05-08,0.80,parent relationships not resolved in v0; company_name missing; used ticker fallback
ENT000836,COCO,COCO,,,TRUE,Unknown,Unknown,GSE580_theta_data.csv,2026-05-08,0.80,parent relationships not resolved in v0; company_name missing; used ticker fallback; country unknown
ENT000837,CODI,CODI,CODI,,TRUE,Unknown,Unknown,GSE580_theta_data.csv,2026-05-08,0.80,parent relationships not resolved in v0; company_name missing; used ticker fallback; country unknown
ENT000838,COE,COE,COE,,TRUE,Unknown,Unknown,GSE580_theta_data.csv,2026-05-08,0.80,parent relationships not resolved in v0; company_name missing; used ticker fallback; country unknown
ENT000839,COF,COF,COF,,TRUE,Unknown,Unknown,GSE580_theta_data.csv,2026-05-08,0.80,parent relationships not resolved in v0; company_name missing; used ticker fallback; country unknown
ENT000840,COHR,COHR,COHR,,TRUE,Unknown,Unknown,GSE580_theta_data.csv,2026-05-08,0.80,parent relationships not resolved in v0; company_name missing; used ticker fallback; country unknown
ENT000841,COHU,COHU,COHU,,TRUE,Unknown,Unknown,GSE580_theta_data.csv,2026-05-08,0.80,parent relationships not resolved in v0; company_name missing; used ticker fallback; country unknown
ENT000842,COIN,COIN,COIN,,TRUE,United States,North America,GSE580_theta_data.csv,2026-05-08,0.80,parent relationships not resolved in v0; company_name missing; used ticker fallback
ENT000843,COKE,COKE,COKE,,TRUE,Unknown,Unknown,GSE580_theta_data.csv,2026-05-08,0.80,parent relationships not resolved in v0; company_name missing; used ticker fallback; country unknown
ENT000844,COLD,COLD,COLD,,TRUE,Unknown,Unknown,GSE580_theta_data.csv,2026-05-08,0.80,parent relationships not resolved in v0; company_name missing; used ticker fallback; country unknown
ENT000845,COLL,COLL,COLL,,TRUE,Unknown,Unknown,GSE580_theta_data.csv,2026-05-08,0.80,parent relationships not resolved in v0; company_name missing; used ticker fallback; country unknown
ENT000846,COLM,COLM,COLM,,TRUE,Unknown,Unknown,GSE580_theta_data.csv,2026-05-08,0.80,parent relationships not resolved in v0; company_name missing; used ticker fallback; country unknown
ENT000847,COMM,COMM,COMM,,TRUE,Unknown,Unknown,GSE580_theta_data.csv,2026-05-08,0.80,parent relationships not resolved in v0; company_name missing; used ticker fallback; country unknown
ENT000848,COMP,COMP,COMP,,TRUE,Unknown,Unknown,GSE580_theta_data.csv,2026-05-08,0.80,parent relationships not resolved in v0; company_name missing; used ticker fallback; country unknown
ENT000849,CON,CON,CON,,TRUE,Unknown,Unknown,GSE580_theta_data.csv,2026-05-08,0.80,parent relationships not resolved in v0; company_name missing; used ticker fallback; country unknown
ENT000850,COO,COO,COO,,TRUE,Unknown,Unknown,GSE580_theta_data.csv,2026-05-08,0.80,parent relationships not resolved in v0; company_name missing; used ticker fallback; country unknown
ENT000851,COOK,COOK,COOK,,TRUE,Unknown,Unknown,GSE580_theta_data.csv,2026-05-08,0.80,parent relationships not resolved in v0; company_name missing; used ticker fallback; country unknown
ENT000852,COP,COP,COP,,TRUE,Unknown,Unknown,GSE580_theta_data.csv,2026-05-08,0.80,parent relationships not resolved in v0; company_name missing; used ticker fallback; country unknown
ENT000853,COR,COR,COR,,TRUE,Unknown,Unknown,GSE580_theta_data.csv,2026-05-08,0.80,parent relationships not resolved in v0; company_name missing; used ticker fallback; country unknown
ENT000854,CORB.F,CORB.F,CORB.F,,TRUE,Unknown,Unknown,GSE580_theta_data.csv,2026-05-08,0.80,parent relationships not resolved in v0; company_name missing; used ticker fallback; country unknown
ENT000855,CORT,CORT,CORT,,TRUE,Unknown,Unknown,GSE580_theta_data.csv,2026-05-08,0.80,parent relationships not resolved in v0; company_name missing; used ticker fallback; country unknown
ENT000856,CORZ,CORZ,CORZ,,TRUE,Unknown,Unknown,GSE580_theta_data.csv,2026-05-08,0.80,parent relationships not resolved in v0; company_name missing; used ticker fallback; country unknown
ENT000857,COST,COST,COST,,TRUE,Unknown,Unknown,GSE580_theta_data.csv,2026-05-08,0.80,parent relationships not resolved in v0; company_name missing; used ticker fallback; country unknown
ENT000858,COTY,COTY,COTY,,TRUE,Unknown,Unknown,GSE580_theta_data.csv,2026-05-08,0.80,parent relationships not resolved in v0; company_name missing; used ticker fallback; country unknown
ENT000859,COUR,COUR,COUR,,TRUE,Unknown,Unknown,GSE580_theta_data.csv,2026-05-08,0.80,parent relationships not resolved in v0; company_name missing; used ticker fallback; country unknown
ENT000860,CP,CP,CP,,TRUE,Unknown,Unknown,GSE580_theta_data.csv,2026-05-08,0.80,parent relationships not resolved in v0; company_name missing; used ticker fallback; country unknown
ENT000861,CPA,CPA,CPA,,TRUE,Unknown,Unknown,GSE580_theta_data.csv,2026-05-08,0.80,parent relationships not resolved in v0; company_name missing; used ticker fallback; country unknown
ENT000862,CPAC,CPAC,CPAC,,TRUE,Unknown,Unknown,GSE580_theta_data.csv,2026-05-08,0.80,parent relationships not resolved in v0; company_name missing; used ticker fallback; country unknown
ENT000863,CPAY,CPAY,CPAY,,TRUE,Unknown,Unknown,GSE580_theta_data.csv,2026-05-08,0.80,parent relationships not resolved in v0; company_name missing; used ticker fallback; country unknown
ENT000864,CPB,CPB,CPB,,TRUE,United States,North America,GSE580_theta_data.csv,2026-05-08,0.80,parent relationships not resolved in v0; company_name missing; used ticker fallback
ENT000865,CPK,CPK,CPK,,TRUE,Unknown,Unknown,GSE580_theta_data.csv,2026-05-08,0.80,parent relationships not resolved in v0; company_name missing; used ticker fallback; country unknown
ENT000866,CPNG,CPNG,CPNG,,TRUE,Unknown,Unknown,GSE580_theta_data.csv,2026-05-08,0.80,parent relationships not resolved in v0; company_name missing; used ticker fallback; country unknown
ENT000867,CPRI,CPRI,CPRI,,TRUE,Unknown,Unknown,GSE580_theta_data.csv,2026-05-08,0.80,parent relationships not resolved in v0; company_name missing; used ticker fallback; country unknown
ENT000868,CPRT,CPRT,CPRT,,TRUE,Unknown,Unknown,GSE580_theta_data.csv,2026-05-08,0.80,parent relationships not resolved in v0; company_name missing; used ticker fallback; country unknown
ENT000869,CPS,CPS,CPS,,TRUE,Unknown,Unknown,GSE580_theta_data.csv,2026-05-08,0.80,parent relationships not resolved in v0; company_name missing; used ticker fallback; country unknown
ENT000870,CPSE:AMBU B,CPSE:AMBU B,CPSE:AMBU B,,TRUE,Unknown,Unknown,GSE580_theta_data.csv,2026-05-08,0.80,parent relationships not resolved in v0; company_name missing; used ticker fallback; country unknown
ENT000871,CPSE:BO,CPSE:BO,CPSE:BO,,TRUE,Unknown,Unknown,GSE580_theta_data.csv,2026-05-08,0.80,parent relationships not resolved in v0; company_name missing; used ticker fallback; country unknown
ENT000872,CPSE:CARL B,CPSE:CARL B,CPSE:CARL B,,TRUE,Unknown,Unknown,GSE580_theta_data.csv,2026-05-08,0.80,parent relationships not resolved in v0; company_name missing; used ticker fallback; country unknown
ENT000873,CPSE:COLO B,CPSE:COLO B,CPSE:COLO B,,TRUE,Unknown,Unknown,GSE580_theta_data.csv,2026-05-08,0.80,parent relationships not resolved in v0; company_name missing; used ticker fallback; country unknown
ENT000874,CPSE:DANSKE,CPSE:DANSKE,CPSE:DANSKE,,TRUE,Unknown,Unknown,GSE580_theta_data.csv,2026-05-08,0.80,parent relationships not resolved in v0; company_name missing; used ticker fallback; country unknown
ENT000875,CPSE:DEMANT,CPSE:DEMANT,CPSE:DEMANT,,TRUE,Unknown,Unknown,GSE580_theta_data.csv,2026-05-08,0.80,parent relationships not resolved in v0; company_name missing; used ticker fallback; country unknown
ENT000876,CPSE:DNORD,CPSE:DNORD,CPSE:DNORD,,TRUE,Unknown,Unknown,GSE580_theta_data.csv,2026-05-08,0.80,parent relationships not resolved in v0; company_name missing; used ticker fallback; country unknown
ENT000877,CPSE:DSV,CPSE:DSV,CPSE:DSV,,TRUE,Unknown,Unknown,GSE580_theta_data.csv,2026-05-08,0.80,parent relationships not resolved in v0; company_name missing; used ticker fallback; country unknown
ENT000878,CPSE:GMAB,CPSE:GMAB,CPSE:GMAB,,TRUE,Unknown,Unknown,GSE580_theta_data.csv,2026-05-08,0.80,parent relationships not resolved in v0; company_name missing; used ticker fallback; country unknown
ENT000879,CPSE:GN,CPSE:GN,CPSE:GN,,TRUE,Unknown,Unknown,GSE580_theta_data.csv,2026-05-08,0.80,parent relationships not resolved in v0; company_name missing; used ticker fallback; country unknown
ENT000880,CPSE:HLUN B,CPSE:HLUN B,CPSE:HLUN B,,TRUE,Unknown,Unknown,GSE580_theta_data.csv,2026-05-08,0.80,parent relationships not resolved in v0; company_name missing; used ticker fallback; country unknown
ENT000881,CPSE:ISS,CPSE:ISS,CPSE:ISS,,TRUE,Unknown,Unknown,GSE580_theta_data.csv,2026-05-08,0.80,parent relationships not resolved in v0; company_name missing; used ticker fallback; country unknown
ENT000882,CPSE:MAERSK B,CPSE:MAERSK B,CPSE:MAERSK B,,TRUE,Unknown,Unknown,GSE580_theta_data.csv,2026-05-08,0.80,parent relationships not resolved in v0; company_name missing; used ticker fallback; country unknown
ENT000883,CPSE:NLFSK,CPSE:NLFSK,CPSE:NLFSK,,TRUE,Unknown,Unknown,GSE580_theta_data.csv,2026-05-08,0.80,parent relationships not resolved in v0; company_name missing; used ticker fallback; country unknown
ENT000884,CPSE:ORSTED,CPSE:ORSTED,CPSE:ORSTED,,TRUE,Unknown,Unknown,GSE580_theta_data.csv,2026-05-08,0.80,parent relationships not resolved in v0; company_name missing; used ticker fallback; country unknown
ENT000885,CPSE:PNDORA,CPSE:PNDORA,CPSE:PNDORA,,TRUE,Unknown,Unknown,GSE580_theta_data.csv,2026-05-08,0.80,parent relationships not resolved in v0; company_name missing; used ticker fallback; country unknown
ENT000886,CPSE:ROCK B,CPSE:ROCK B,CPSE:ROCK B,,TRUE,Unknown,Unknown,GSE580_theta_data.csv,2026-05-08,0.80,parent relationships not resolved in v0; company_name missing; used ticker fallback; country unknown
ENT000887,CPSE:TRMD A,CPSE:TRMD A,CPSE:TRMD A,,TRUE,Unknown,Unknown,GSE580_theta_data.csv,2026-05-08,0.80,parent relationships not resolved in v0; company_name missing; used ticker fallback; country unknown
ENT000888,CPSE:TRYG,CPSE:TRYG,CPSE:TRYG,,TRUE,Unknown,Unknown,GSE580_theta_data.csv,2026-05-08,0.80,parent relationships not resolved in v0; company_name missing; used ticker fallback; country unknown
ENT000889,CPSE:VWS,CPSE:VWS,CPSE:VWS,,TRUE,Unknown,Unknown,GSE580_theta_data.csv,2026-05-08,0.80,parent relationships not resolved in v0; company_name missing; used ticker fallback; country unknown
ENT000890,CPSE:ZEAL,CPSE:ZEAL,CPSE:ZEAL,,TRUE,Unknown,Unknown,GSE580_theta_data.csv,2026-05-08,0.80,parent relationships not resolved in v0; company_name missing; used ticker fallback; country unknown
ENT000891,CPSS,CPSS,CPSS,,TRUE,Unknown,Unknown,GSE580_theta_data.csv,2026-05-08,0.80,parent relationships not resolved in v0; company_name missing; used ticker fallback; country unknown
ENT000892,CPT,CPT,CPT,,TRUE,Unknown,Unknown,GSE580_theta_data.csv,2026-05-08,0.80,parent relationships not resolved in v0; company_name missing; used ticker fallback; country unknown
ENT000893,CQP,CQP,CQP,,TRUE,Unknown,Unknown,GSE580_theta_data.csv,2026-05-08,0.80,parent relationships not resolved in v0; company_name missing; used ticker fallback; country unknown
ENT000894,CR,CR,CR,,TRUE,Unknown,Unknown,GSE580_theta_data.csv,2026-05-08,0.80,parent relationships not resolved in v0; company_name missing; used ticker fallback; country unknown
ENT000895,CRAI,CRAI,CRAI,,TRUE,Unknown,Unknown,GSE580_theta_data.csv,2026-05-08,0.80,parent relationships not resolved in v0; company_name missing; used ticker fallback; country unknown
ENT000896,CRAW.A,CRAW.A,CRAW.A,,TRUE,Unknown,Unknown,GSE580_theta_data.csv,2026-05-08,0.80,parent relationships not resolved in v0; company_name missing; used ticker fallback; country unknown
ENT000897,CRBG,CRBG,CRBG,,TRUE,United States,North America,GSE580_theta_data.csv,2026-05-08,0.80,parent relationships not resolved in v0; company_name missing; used ticker fallback
ENT000898,CRCL,CRCL,CRCL,,TRUE,Unknown,Unknown,GSE580_theta_data.csv,2026-05-08,0.80,parent relationships not resolved in v0; company_name missing; used ticker fallback; country unknown
ENT000899,CRCT,CRCT,CRCT,,TRUE,Unknown,Unknown,GSE580_theta_data.csv,2026-05-08,0.80,parent relationships not resolved in v0; company_name missing; used ticker fallback; country unknown
ENT000900,CRD.B,CRD.B,CRD.B,,TRUE,Unknown,Unknown,GSE580_theta_data.csv,2026-05-08,0.80,parent relationships not resolved in v0; company_name missing; used ticker fallback; country unknown
ENT000901,CRDO,CRDO,CRDO,,TRUE,Unknown,Unknown,GSE580_theta_data.csv,2026-05-08,0.80,parent relationships not resolved in v0; company_name missing; used ticker fallback; country unknown
ENT000902,CRES.Y,CRES.Y,CRES.Y,,TRUE,Unknown,Unknown,GSE580_theta_data.csv,2026-05-08,0.80,parent relationships not resolved in v0; company_name missing; used ticker fallback; country unknown
ENT000903,CRESY,CRESY,CRESY,,TRUE,Unknown,Unknown,GSE580_theta_data.csv,2026-05-08,0.80,parent relationships not resolved in v0; company_name missing; used ticker fallback; country unknown
ENT000904,CRGO,CRGO,CRGO,,TRUE,Unknown,Unknown,GSE580_theta_data.csv,2026-05-08,0.80,parent relationships not resolved in v0; company_name missing; used ticker fallback; country unknown
ENT000905,CRH,CRH,CRH,,TRUE,Unknown,Unknown,GSE580_theta_data.csv,2026-05-08,0.80,parent relationships not resolved in v0; company_name missing; used ticker fallback; country unknown
ENT000906,CRI,CRI,CRI,,TRUE,Unknown,Unknown,GSE580_theta_data.csv,2026-05-08,0.80,parent relationships not resolved in v0; company_name missing; used ticker fallback; country unknown
ENT000907,CRL,CRL,CRL,,TRUE,Unknown,Unknown,GSE580_theta_data.csv,2026-05-08,0.80,parent relationships not resolved in v0; company_name missing; used ticker fallback; country unknown
ENT000908,CRM,CRM,CRM,,TRUE,Unknown,Unknown,GSE580_theta_data.csv,2026-05-08,0.80,parent relationships not resolved in v0; company_name missing; used ticker fallback; country unknown
ENT000909,CRMD,CRMD,CRMD,,TRUE,Unknown,Unknown,GSE580_theta_data.csv,2026-05-08,0.80,parent relationships not resolved in v0; company_name missing; used ticker fallback; country unknown
ENT000910,CRML,CRML,CRML,,TRUE,Unknown,Unknown,GSE580_theta_data.csv,2026-05-08,0.80,parent relationships not resolved in v0; company_name missing; used ticker fallback; country unknown
ENT000911,CRMT,CRMT,CRMT,,TRUE,Unknown,Unknown,GSE580_theta_data.csv,2026-05-08,0.80,parent relationships not resolved in v0; company_name missing; used ticker fallback; country unknown
ENT000912,CRNC,CRNC,CRNC,,TRUE,Unknown,Unknown,GSE580_theta_data.csv,2026-05-08,0.80,parent relationships not resolved in v0; company_name missing; used ticker fallback; country unknown
ENT000913,CRNT,CRNT,CRNT,,TRUE,Unknown,Unknown,GSE580_theta_data.csv,2026-05-08,0.80,parent relationships not resolved in v0; company_name missing; used ticker fallback; country unknown
ENT000914,CRNX,CRNX,CRNX,,TRUE,Unknown,Unknown,GSE580_theta_data.csv,2026-05-08,0.80,parent relationships not resolved in v0; company_name missing; used ticker fallback; country unknown
ENT000915,CRON,CRON,CRON,,TRUE,Unknown,Unknown,GSE580_theta_data.csv,2026-05-08,0.80,parent relationships not resolved in v0; company_name missing; used ticker fallback; country unknown
ENT000916,CROX,CROX,CROX,,TRUE,Unknown,Unknown,GSE580_theta_data.csv,2026-05-08,0.80,parent relationships not resolved in v0; company_name missing; used ticker fallback; country unknown
ENT000917,CRS,CRS,CRS,,TRUE,Unknown,Unknown,GSE580_theta_data.csv,2026-05-08,0.80,parent relationships not resolved in v0; company_name missing; used ticker fallback; country unknown
ENT000918,CRSF,CRSF,CRSF,,TRUE,United States,North America,GSE580_theta_data.csv,2026-05-08,0.80,parent relationships not resolved in v0; company_name missing; used ticker fallback
ENT000919,CRSR,CRSR,CRSR,,TRUE,Unknown,Unknown,GSE580_theta_data.csv,2026-05-08,0.80,parent relationships not resolved in v0; company_name missing; used ticker fallback; country unknown
ENT000920,CRTO,CRTO,CRTO,,TRUE,Unknown,Unknown,GSE580_theta_data.csv,2026-05-08,0.80,parent relationships not resolved in v0; company_name missing; used ticker fallback; country unknown
ENT000921,CRUS,CRUS,CRUS,,TRUE,Unknown,Unknown,GSE580_theta_data.csv,2026-05-08,0.80,parent relationships not resolved in v0; company_name missing; used ticker fallback; country unknown
ENT000922,CRVL,CRVL,CRVL,,TRUE,Unknown,Unknown,GSE580_theta_data.csv,2026-05-08,0.80,parent relationships not resolved in v0; company_name missing; used ticker fallback; country unknown
ENT000923,CRWD,CRWD,CRWD,,TRUE,Unknown,Unknown,GSE580_theta_data.csv,2026-05-08,0.80,parent relationships not resolved in v0; company_name missing; used ticker fallback; country unknown
ENT000924,CRWV,CRWV,CRWV,,TRUE,Unknown,Unknown,GSE580_theta_data.csv,2026-05-08,0.80,parent relationships not resolved in v0; company_name missing; used ticker fallback; country unknown
ENT000925,CSAN,CSAN,CSAN,,TRUE,Unknown,Unknown,GSE580_theta_data.csv,2026-05-08,0.80,parent relationships not resolved in v0; company_name missing; used ticker fallback; country unknown
ENT000926,CSCO,CSCO,CS,,TRUE,Unknown,Unknown,GSE580_theta_data.csv,2026-05-08,0.80,parent relationships not resolved in v0; company_name missing; used ticker fallback; country unknown
ENT000927,CSGP,CSGP,CSGP,,TRUE,United States,North America,GSE580_theta_data.csv,2026-05-08,0.80,parent relationships not resolved in v0; company_name missing; used ticker fallback
ENT000928,CSGS,CSGS,CSGS,,TRUE,Unknown,Unknown,GSE580_theta_data.csv,2026-05-08,0.80,parent relationships not resolved in v0; company_name missing; used ticker fallback; country unknown
ENT000929,CSIQ,CSIQ,CSIQ,,TRUE,Unknown,Unknown,GSE580_theta_data.csv,2026-05-08,0.80,parent relationships not resolved in v0; company_name missing; used ticker fallback; country unknown
ENT000930,CSL,CSL,CSL,,TRUE,Unknown,Unknown,GSE580_theta_data.csv,2026-05-08,0.80,parent relationships not resolved in v0; company_name missing; used ticker fallback; country unknown
ENT000931,CSPI,CSPI,CSPI,,TRUE,Unknown,Unknown,GSE580_theta_data.csv,2026-05-08,0.80,parent relationships not resolved in v0; company_name missing; used ticker fallback; country unknown
ENT000932,CSR,CSR,CSR,,TRUE,United States,North America,GSE580_theta_data.csv,2026-05-08,0.80,parent relationships not resolved in v0; company_name missing; used ticker fallback
ENT000933,CSTL,CSTL,CSTL,,TRUE,Unknown,Unknown,GSE580_theta_data.csv,2026-05-08,0.80,parent relationships not resolved in v0; company_name missing; used ticker fallback; country unknown
ENT000934,CSTM,CSTM,CSTM,,TRUE,Unknown,Unknown,GSE580_theta_data.csv,2026-05-08,0.80,parent relationships not resolved in v0; company_name missing; used ticker fallback; country unknown
ENT000935,CSV,CSV,CSV,,TRUE,United States,North America,GSE580_theta_data.csv,2026-05-08,0.80,parent relationships not resolved in v0; company_name missing; used ticker fallback
ENT000936,CSW,CSW,CSW,,TRUE,United States,North America,GSE580_theta_data.csv,2026-05-08,0.80,parent relationships not resolved in v0; company_name missing; used ticker fallback
ENT000937,CSX,CSX,CSX,,TRUE,United States,North America,GSE580_theta_data.csv,2026-05-08,0.80,parent relationships not resolved in v0; company_name missing; used ticker fallback
ENT000938,CTAS,CTAS,CTAS,,TRUE,Unknown,Unknown,GSE580_theta_data.csv,2026-05-08,0.80,parent relationships not resolved in v0; company_name missing; used ticker fallback; country unknown
ENT000939,CTEV,CTEV,CTEV,,TRUE,Unknown,Unknown,GSE580_theta_data.csv,2026-05-08,0.80,parent relationships not resolved in v0; company_name missing; used ticker fallback; country unknown
ENT000940,CTGL,CTGL,CTGL,,TRUE,Unknown,Unknown,GSE580_theta_data.csv,2026-05-08,0.80,parent relationships not resolved in v0; company_name missing; used ticker fallback; country unknown
ENT000941,CTGO,CTGO,CTGO,,TRUE,Unknown,Unknown,GSE580_theta_data.csv,2026-05-08,0.80,parent relationships not resolved in v0; company_name missing; used ticker fallback; country unknown
ENT000942,CTKB,CTKB,CTKB,,TRUE,Unknown,Unknown,GSE580_theta_data.csv,2026-05-08,0.80,parent relationships not resolved in v0; company_name missing; used ticker fallback; country unknown
ENT000943,CTLP,CTLP,CTLP,,TRUE,Unknown,Unknown,GSE580_theta_data.csv,2026-05-08,0.80,parent relationships not resolved in v0; company_name missing; used ticker fallback; country unknown
ENT000944,CTM,CTM,CTM,,TRUE,Unknown,Unknown,GSE580_theta_data.csv,2026-05-08,0.80,parent relationships not resolved in v0; company_name missing; used ticker fallback; country unknown
ENT000945,CTNM,CTNM,CTNM,,TRUE,Unknown,Unknown,GSE580_theta_data.csv,2026-05-08,0.80,parent relationships not resolved in v0; company_name missing; used ticker fallback; country unknown
ENT000946,CTO,CTO,CTO,,TRUE,Unknown,Unknown,GSE580_theta_data.csv,2026-05-08,0.80,parent relationships not resolved in v0; company_name missing; used ticker fallback; country unknown
ENT000947,CTOS,CTOS,CTOS,,TRUE,Unknown,Unknown,GSE580_theta_data.csv,2026-05-08,0.80,parent relationships not resolved in v0; company_name missing; used ticker fallback; country unknown
ENT000948,CTRA,CTRA,CTRA,,TRUE,Unknown,Unknown,GSE580_theta_data.csv,2026-05-08,0.80,parent relationships not resolved in v0; company_name missing; used ticker fallback; country unknown
ENT000949,CTRE,CTRE,CTRE,,TRUE,United States,North America,GSE580_theta_data.csv,2026-05-08,0.80,parent relationships not resolved in v0; company_name missing; used ticker fallback
ENT000950,CTRI,CTRI,CTRI,,TRUE,Unknown,Unknown,GSE580_theta_data.csv,2026-05-08,0.80,parent relationships not resolved in v0; company_name missing; used ticker fallback; country unknown
ENT000951,CTRN,CTRN,CTRN,,TRUE,Unknown,Unknown,GSE580_theta_data.csv,2026-05-08,0.80,parent relationships not resolved in v0; company_name missing; used ticker fallback; country unknown
ENT000952,CTS,CTS,CTS,,TRUE,Unknown,Unknown,GSE580_theta_data.csv,2026-05-08,0.80,parent relationships not resolved in v0; company_name missing; used ticker fallback; country unknown
ENT000953,CTSH,CTSH,CTSH,,TRUE,Unknown,Unknown,GSE580_theta_data.csv,2026-05-08,0.80,parent relationships not resolved in v0; company_name missing; used ticker fallback; country unknown
ENT000954,CTVA,CTVA,CTVA,,TRUE,Unknown,Unknown,GSE580_theta_data.csv,2026-05-08,0.80,parent relationships not resolved in v0; company_name missing; used ticker fallback; country unknown
ENT000955,CTW,CTW,CTW,,TRUE,Unknown,Unknown,GSE580_theta_data.csv,2026-05-08,0.80,parent relationships not resolved in v0; company_name missing; used ticker fallback; country unknown
ENT000956,CUB,CUB,CUB,,TRUE,Unknown,Unknown,GSE580_theta_data.csv,2026-05-08,0.80,parent relationships not resolved in v0; company_name missing; used ticker fallback; country unknown
ENT000957,CUBE,CUBE,CUBE,,TRUE,Unknown,Unknown,GSE580_theta_data.csv,2026-05-08,0.80,parent relationships not resolved in v0; company_name missing; used ticker fallback; country unknown
ENT000958,CUBI,CUBI,CUBI,,TRUE,United States,North America,GSE580_theta_data.csv,2026-05-08,0.80,parent relationships not resolved in v0; company_name missing; used ticker fallback
ENT000959,CUK,CUK,CUK,,TRUE,Unknown,Unknown,GSE580_theta_data.csv,2026-05-08,0.80,parent relationships not resolved in v0; company_name missing; used ticker fallback; country unknown
ENT000960,CURB,CURB,CURB,,TRUE,Unknown,Unknown,GSE580_theta_data.csv,2026-05-08,0.80,parent relationships not resolved in v0; company_name missing; used ticker fallback; country unknown
ENT000961,CURI,CURI,CURI,,TRUE,Unknown,Unknown,GSE580_theta_data.csv,2026-05-08,0.80,parent relationships not resolved in v0; company_name missing; used ticker fallback; country unknown
ENT000962,CURR,CURR,CURR,,TRUE,Unknown,Unknown,GSE580_theta_data.csv,2026-05-08,0.80,parent relationships not resolved in v0; company_name missing; used ticker fallback; country unknown
ENT000963,CURV,CURV,CURV,,TRUE,Unknown,Unknown,GSE580_theta_data.csv,2026-05-08,0.80,parent relationships not resolved in v0; company_name missing; used ticker fallback; country unknown
ENT000964,CUSI,CUSI,CUSI,,TRUE,Unknown,Unknown,GSE580_theta_data.csv,2026-05-08,0.80,parent relationships not resolved in v0; company_name missing; used ticker fallback; country unknown
ENT000965,CUZ,CUZ,CUZ,,TRUE,Unknown,Unknown,GSE580_theta_data.csv,2026-05-08,0.80,parent relationships not resolved in v0; company_name missing; used ticker fallback; country unknown
ENT000966,CV,CV,CV,,TRUE,Unknown,Unknown,GSE580_theta_data.csv,2026-05-08,0.80,parent relationships not resolved in v0; company_name missing; used ticker fallback; country unknown
ENT000967,CVCO,CVCO,CV,,TRUE,Unknown,Unknown,GSE580_theta_data.csv,2026-05-08,0.80,parent relationships not resolved in v0; company_name missing; used ticker fallback; country unknown
ENT000968,CVEO,CVEO,CVEO,,TRUE,Unknown,Unknown,GSE580_theta_data.csv,2026-05-08,0.80,parent relationships not resolved in v0; company_name missing; used ticker fallback; country unknown
ENT000969,CVGW,CVGW,CVGW,,TRUE,United States,North America,GSE580_theta_data.csv,2026-05-08,0.80,parent relationships not resolved in v0; company_name missing; used ticker fallback
ENT000970,CVI,CVI,CVI,,TRUE,Unknown,Unknown,GSE580_theta_data.csv,2026-05-08,0.80,parent relationships not resolved in v0; company_name missing; used ticker fallback; country unknown
ENT000971,CVLG,CVLG,CVLG,,TRUE,Unknown,Unknown,GSE580_theta_data.csv,2026-05-08,0.80,parent relationships not resolved in v0; company_name missing; used ticker fallback; country unknown
ENT000972,CVLT,CVLT,CVLT,,TRUE,Unknown,Unknown,GSE580_theta_data.csv,2026-05-08,0.80,parent relationships not resolved in v0; company_name missing; used ticker fallback; country unknown
ENT000973,CVNA,CVNA,CVNA,,TRUE,Unknown,Unknown,GSE580_theta_data.csv,2026-05-08,0.80,parent relationships not resolved in v0; company_name missing; used ticker fallback; country unknown
ENT000974,CVRX,CVRX,CVRX,,TRUE,Unknown,Unknown,GSE580_theta_data.csv,2026-05-08,0.80,parent relationships not resolved in v0; company_name missing; used ticker fallback; country unknown
ENT000975,CVS,CVS,CVS,,TRUE,Unknown,Unknown,GSE580_theta_data.csv,2026-05-08,0.80,parent relationships not resolved in v0; company_name missing; used ticker fallback; country unknown
ENT000976,CVX,CVX,CVX,,TRUE,Unknown,Unknown,GSE580_theta_data.csv,2026-05-08,0.80,parent relationships not resolved in v0; company_name missing; used ticker fallback; country unknown
ENT000977,CW,CW,CW,,TRUE,Unknown,Unknown,GSE580_theta_data.csv,2026-05-08,0.80,parent relationships not resolved in v0; company_name missing; used ticker fallback; country unknown
ENT000978,CWAN,CWAN,CWAN,,TRUE,Unknown,Unknown,GSE580_theta_data.csv,2026-05-08,0.80,parent relationships not resolved in v0; company_name missing; used ticker fallback; country unknown
ENT000979,CWCO,CWCO,CW,,TRUE,Unknown,Unknown,GSE580_theta_data.csv,2026-05-08,0.80,parent relationships not resolved in v0; company_name missing; used ticker fallback; country unknown
ENT000980,CWEN,CWEN,CWEN,,TRUE,Unknown,Unknown,GSE580_theta_data.csv,2026-05-08,0.80,parent relationships not resolved in v0; company_name missing; used ticker fallback; country unknown
ENT000981,CWGL,CWGL,CWGL,,TRUE,Unknown,Unknown,GSE580_theta_data.csv,2026-05-08,0.80,parent relationships not resolved in v0; company_name missing; used ticker fallback; country unknown
ENT000982,CWH,CWH,CWH,,TRUE,Unknown,Unknown,GSE580_theta_data.csv,2026-05-08,0.80,parent relationships not resolved in v0; company_name missing; used ticker fallback; country unknown
ENT000983,CWK,CWK,CWK,,TRUE,Unknown,Unknown,GSE580_theta_data.csv,2026-05-08,0.80,parent relationships not resolved in v0; company_name missing; used ticker fallback; country unknown
ENT000984,CWST,CWST,CWST,,TRUE,Unknown,Unknown,GSE580_theta_data.csv,2026-05-08,0.80,parent relationships not resolved in v0; company_name missing; used ticker fallback; country unknown
ENT000985,CWT,CWT,CWT,,TRUE,United States,North America,GSE580_theta_data.csv,2026-05-08,0.80,parent relationships not resolved in v0; company_name missing; used ticker fallback
ENT000986,CX,CX,CX,,TRUE,Unknown,Unknown,GSE580_theta_data.csv,2026-05-08,0.80,parent relationships not resolved in v0; company_name missing; used ticker fallback; country unknown
ENT000987,CXDO,CXDO,CXDO,,TRUE,Unknown,Unknown,GSE580_theta_data.csv,2026-05-08,0.80,parent relationships not resolved in v0; company_name missing; used ticker fallback; country unknown
ENT000988,CXM,CXM,CXM,,TRUE,Unknown,Unknown,GSE580_theta_data.csv,2026-05-08,0.80,parent relationships not resolved in v0; company_name missing; used ticker fallback; country unknown
ENT000989,CXT,CXT,CXT,,TRUE,Unknown,Unknown,GSE580_theta_data.csv,2026-05-08,0.80,parent relationships not resolved in v0; company_name missing; used ticker fallback; country unknown
ENT000990,CXW,CXW,CXW,,TRUE,Unknown,Unknown,GSE580_theta_data.csv,2026-05-08,0.80,parent relationships not resolved in v0; company_name missing; used ticker fallback; country unknown
ENT000991,CYBN,CYBN,CYBN,,TRUE,Unknown,Unknown,GSE580_theta_data.csv,2026-05-08,0.80,parent relationships not resolved in v0; company_name missing; used ticker fallback; country unknown
ENT000992,CYBR,CYBR,CYBR,,TRUE,Unknown,Unknown,GSE580_theta_data.csv,2026-05-08,0.80,parent relationships not resolved in v0; company_name missing; used ticker fallback; country unknown
ENT000993,CYD,CYD,CYD,,TRUE,Unknown,Unknown,GSE580_theta_data.csv,2026-05-08,0.80,parent relationships not resolved in v0; company_name missing; used ticker fallback; country unknown
ENT000994,CYH,CYH,CYH,,TRUE,Unknown,Unknown,GSE580_theta_data.csv,2026-05-08,0.80,parent relationships not resolved in v0; company_name missing; used ticker fallback; country unknown
ENT000995,CYRX,CYRX,CYRX,,TRUE,Unknown,Unknown,GSE580_theta_data.csv,2026-05-08,0.80,parent relationships not resolved in v0; company_name missing; used ticker fallback; country unknown
ENT000996,CZR,CZR,CZR,,TRUE,United States,North America,GSE580_theta_data.csv,2026-05-08,0.80,parent relationships not resolved in v0; company_name missing; used ticker fallback
ENT000997,D,D,D,,TRUE,Unknown,Unknown,GSE580_theta_data.csv,2026-05-08,0.80,parent relationships not resolved in v0; company_name missing; used ticker fallback; country unknown
ENT000998,DAC,DAC,DAC,,TRUE,Unknown,Unknown,GSE580_theta_data.csv,2026-05-08,0.80,parent relationships not resolved in v0; company_name missing; used ticker fallback; country unknown
ENT000999,DAKT,DAKT,DAKT,,TRUE,Unknown,Unknown,GSE580_theta_data.csv,2026-05-08,0.80,parent relationships not resolved in v0; company_name missing; used ticker fallback; country unknown
ENT001000,DAL,DAL,DAL,,TRUE,Unknown,Unknown,GSE580_theta_data.csv,2026-05-08,0.80,parent relationships not resolved in v0; company_name missing; used ticker fallback; country unknown
ENT001001,DAN,DAN,DAN,,TRUE,Unknown,Unknown,GSE580_theta_data.csv,2026-05-08,0.80,parent relationships not resolved in v0; company_name missing; used ticker fallback; country unknown
ENT001002,DAO,DAO,DAO,,TRUE,Unknown,Unknown,GSE580_theta_data.csv,2026-05-08,0.80,parent relationships not resolved in v0; company_name missing; used ticker fallback; country unknown
ENT001003,DAR,DAR,DAR,,TRUE,Unknown,Unknown,GSE580_theta_data.csv,2026-05-08,0.80,parent relationships not resolved in v0; company_name missing; used ticker fallback; country unknown
ENT001004,DASH,DASH,DASH,,TRUE,Unknown,Unknown,GSE580_theta_data.csv,2026-05-08,0.80,parent relationships not resolved in v0; company_name missing; used ticker fallback; country unknown
ENT001005,DAVA,DAVA,DAVA,,TRUE,Unknown,Unknown,GSE580_theta_data.csv,2026-05-08,0.80,parent relationships not resolved in v0; company_name missing; used ticker fallback; country unknown
ENT001006,DAVE,DAVE,DAVE,,TRUE,Unknown,Unknown,GSE580_theta_data.csv,2026-05-08,0.80,parent relationships not resolved in v0; company_name missing; used ticker fallback; country unknown
ENT001007,DAY,DAY,DAY,,TRUE,Unknown,Unknown,GSE580_theta_data.csv,2026-05-08,0.80,parent relationships not resolved in v0; company_name missing; used ticker fallback; country unknown
ENT001008,DB:DB1,DB:DB1,DB:DB1,,TRUE,Unknown,Unknown,GSE580_theta_data.csv,2026-05-08,0.80,parent relationships not resolved in v0; company_name missing; used ticker fallback; country unknown
ENT001009,DB:DBK,DB:DBK,DB:DBK,,TRUE,Unknown,Unknown,GSE580_theta_data.csv,2026-05-08,0.80,parent relationships not resolved in v0; company_name missing; used ticker fallback; country unknown
ENT001010,DB:DHL,DB:DHL,DB:DHL,,TRUE,Unknown,Unknown,GSE580_theta_data.csv,2026-05-08,0.80,parent relationships not resolved in v0; company_name missing; used ticker fallback; country unknown
ENT001011,DB:EUZ,DB:EUZ,DB:EUZ,,TRUE,Unknown,Unknown,GSE580_theta_data.csv,2026-05-08,0.80,parent relationships not resolved in v0; company_name missing; used ticker fallback; country unknown
ENT001012,DB:HEI,DB:HEI,DB:HEI,,TRUE,Unknown,Unknown,GSE580_theta_data.csv,2026-05-08,0.80,parent relationships not resolved in v0; company_name missing; used ticker fallback; country unknown
ENT001013,DB:MBG,DB:MBG,DB:MBG,,TRUE,Unknown,Unknown,GSE580_theta_data.csv,2026-05-08,0.80,parent relationships not resolved in v0; company_name missing; used ticker fallback; country unknown
ENT001014,DB:NB2,DB:NB2,DB:NB2,,TRUE,Unknown,Unknown,GSE580_theta_data.csv,2026-05-08,0.80,parent relationships not resolved in v0; company_name missing; used ticker fallback; country unknown
ENT001015,DB:SIE,DB:SIE,DB:SIE,,TRUE,Unknown,Unknown,GSE580_theta_data.csv,2026-05-08,0.80,parent relationships not resolved in v0; company_name missing; used ticker fallback; country unknown
ENT001016,DB:SRT,DB:SRT,DB:SRT,,TRUE,Unknown,Unknown,GSE580_theta_data.csv,2026-05-08,0.80,parent relationships not resolved in v0; company_name missing; used ticker fallback; country unknown
ENT001017,DBD,DBD,DBD,,TRUE,Unknown,Unknown,GSE580_theta_data.csv,2026-05-08,0.80,parent relationships not resolved in v0; company_name missing; used ticker fallback; country unknown
ENT001018,DBI,DBI,DBI,,TRUE,Unknown,Unknown,GSE580_theta_data.csv,2026-05-08,0.80,parent relationships not resolved in v0; company_name missing; used ticker fallback; country unknown
ENT001019,DBRG,DBRG,DBRG,,TRUE,Unknown,Unknown,GSE580_theta_data.csv,2026-05-08,0.80,parent relationships not resolved in v0; company_name missing; used ticker fallback; country unknown
ENT001020,DBX,DBX,DBX,,TRUE,Unknown,Unknown,GSE580_theta_data.csv,2026-05-08,0.80,parent relationships not resolved in v0; company_name missing; used ticker fallback; country unknown
ENT001021,DC,DC,DC,,TRUE,Unknown,Unknown,GSE580_theta_data.csv,2026-05-08,0.80,parent relationships not resolved in v0; company_name missing; used ticker fallback; country unknown
ENT001022,DCBO,DCBO,DCBO,,TRUE,Unknown,Unknown,GSE580_theta_data.csv,2026-05-08,0.80,parent relationships not resolved in v0; company_name missing; used ticker fallback; country unknown
ENT001023,DCGO,DCGO,DCGO,,TRUE,Unknown,Unknown,GSE580_theta_data.csv,2026-05-08,0.80,parent relationships not resolved in v0; company_name missing; used ticker fallback; country unknown
ENT001024,DCI,DCI,DCI,,TRUE,Unknown,Unknown,GSE580_theta_data.csv,2026-05-08,0.80,parent relationships not resolved in v0; company_name missing; used ticker fallback; country unknown
ENT001025,DCO,DCO,D,,TRUE,Unknown,Unknown,GSE580_theta_data.csv,2026-05-08,0.80,parent relationships not resolved in v0; company_name missing; used ticker fallback; country unknown
ENT001026,DCTH,DCTH,DCTH,,TRUE,Unknown,Unknown,GSE580_theta_data.csv,2026-05-08,0.80,parent relationships not resolved in v0; company_name missing; used ticker fallback; country unknown
ENT001027,DD,DD,DD,,TRUE,Unknown,Unknown,GSE580_theta_data.csv,2026-05-08,0.80,parent relationships not resolved in v0; company_name missing; used ticker fallback; country unknown
ENT001028,DDC,DDC,DDC,,TRUE,Unknown,Unknown,GSE580_theta_data.csv,2026-05-08,0.80,parent relationships not resolved in v0; company_name missing; used ticker fallback; country unknown
ENT001029,DDD,DDD,DDD,,TRUE,Unknown,Unknown,GSE580_theta_data.csv,2026-05-08,0.80,parent relationships not resolved in v0; company_name missing; used ticker fallback; country unknown
ENT001030,DDI,DDI,DDI,,TRUE,Unknown,Unknown,GSE580_theta_data.csv,2026-05-08,0.80,parent relationships not resolved in v0; company_name missing; used ticker fallback; country unknown
ENT001031,DDL,DDL,DDL,,TRUE,Unknown,Unknown,GSE580_theta_data.csv,2026-05-08,0.80,parent relationships not resolved in v0; company_name missing; used ticker fallback; country unknown
ENT001032,DDOG,DDOG,DDOG,,TRUE,Unknown,Unknown,GSE580_theta_data.csv,2026-05-08,0.80,parent relationships not resolved in v0; company_name missing; used ticker fallback; country unknown
ENT001033,DDS,DDS,DDS,,TRUE,Unknown,Unknown,GSE580_theta_data.csv,2026-05-08,0.80,parent relationships not resolved in v0; company_name missing; used ticker fallback; country unknown
ENT001034,DE,DE,DE,,TRUE,Unknown,Unknown,GSE580_theta_data.csv,2026-05-08,0.80,parent relationships not resolved in v0; company_name missing; used ticker fallback; country unknown
ENT001035,DEA,DEA,DEA,,TRUE,Unknown,Unknown,GSE580_theta_data.csv,2026-05-08,0.80,parent relationships not resolved in v0; company_name missing; used ticker fallback; country unknown
ENT001036,DECK,DECK,DECK,,TRUE,Unknown,Unknown,GSE580_theta_data.csv,2026-05-08,0.80,parent relationships not resolved in v0; company_name missing; used ticker fallback; country unknown
ENT001037,DEFT,DEFT,DEFT,,TRUE,Unknown,Unknown,GSE580_theta_data.csv,2026-05-08,0.80,parent relationships not resolved in v0; company_name missing; used ticker fallback; country unknown
ENT001038,DEI,DEI,DEI,,TRUE,Unknown,Unknown,GSE580_theta_data.csv,2026-05-08,0.80,parent relationships not resolved in v0; company_name missing; used ticker fallback; country unknown
ENT001039,DELL,DELL,DELL,,TRUE,Unknown,Unknown,GSE580_theta_data.csv,2026-05-08,0.80,parent relationships not resolved in v0; company_name missing; used ticker fallback; country unknown
ENT001040,DEO,DEO,DEO,,TRUE,Unknown,Unknown,GSE580_theta_data.csv,2026-05-08,0.80,parent relationships not resolved in v0; company_name missing; used ticker fallback; country unknown
ENT001041,DERM,DERM,DERM,,TRUE,Unknown,Unknown,GSE580_theta_data.csv,2026-05-08,0.80,parent relationships not resolved in v0; company_name missing; used ticker fallback; country unknown
ENT001042,DFDV,DFDV,DFDV,,TRUE,Unknown,Unknown,GSE580_theta_data.csv,2026-05-08,0.80,parent relationships not resolved in v0; company_name missing; used ticker fallback; country unknown
ENT001043,DFH,DFH,DFH,,TRUE,Unknown,Unknown,GSE580_theta_data.csv,2026-05-08,0.80,parent relationships not resolved in v0; company_name missing; used ticker fallback; country unknown
ENT001044,DFIN,DFIN,DFIN,,TRUE,United States,North America,GSE580_theta_data.csv,2026-05-08,0.80,parent relationships not resolved in v0; company_name missing; used ticker fallback
ENT001045,DFLI,DFLI,DFLI,,TRUE,United States,North America,GSE580_theta_data.csv,2026-05-08,0.80,parent relationships not resolved in v0; company_name missing; used ticker fallback
ENT001046,DFM:EMIRATESNBD,DFM:EMIRATESNBD,DFM:EMIRATESNBD,,TRUE,Unknown,Unknown,GSE580_theta_data.csv,2026-05-08,0.80,parent relationships not resolved in v0; company_name missing; used ticker fallback; country unknown
ENT001047,DFPH,DFPH,DFPH,,TRUE,Unknown,Unknown,GSE580_theta_data.csv,2026-05-08,0.80,parent relationships not resolved in v0; company_name missing; used ticker fallback; country unknown
ENT001048,DG,DG,DG,,TRUE,Unknown,Unknown,GSE580_theta_data.csv,2026-05-08,0.80,parent relationships not resolved in v0; company_name missing; used ticker fallback; country unknown
ENT001049,DGIC.A,DGIC.A,DGIC.A,,TRUE,Unknown,Unknown,GSE580_theta_data.csv,2026-05-08,0.80,parent relationships not resolved in v0; company_name missing; used ticker fallback; country unknown
ENT001050,DGII,DGII,DGII,,TRUE,Unknown,Unknown,GSE580_theta_data.csv,2026-05-08,0.80,parent relationships not resolved in v0; company_name missing; used ticker fallback; country unknown
ENT001051,DGNX,DGNX,DGNX,,TRUE,Unknown,Unknown,GSE580_theta_data.csv,2026-05-08,0.80,parent relationships not resolved in v0; company_name missing; used ticker fallback; country unknown
ENT001052,DGX,DGX,DGX,,TRUE,Unknown,Unknown,GSE580_theta_data.csv,2026-05-08,0.80,parent relationships not resolved in v0; company_name missing; used ticker fallback; country unknown
ENT001053,DGXX,DGXX,DGXX,,TRUE,Unknown,Unknown,GSE580_theta_data.csv,2026-05-08,0.80,parent relationships not resolved in v0; company_name missing; used ticker fallback; country unknown
ENT001054,DH,DH,DH,,TRUE,United States,North America,GSE580_theta_data.csv,2026-05-08,0.80,parent relationships not resolved in v0; company_name missing; used ticker fallback
ENT001055,DHC,DHC,DHC,,TRUE,Unknown,Unknown,GSE580_theta_data.csv,2026-05-08,0.80,parent relationships not resolved in v0; company_name missing; used ticker fallback; country unknown
ENT001056,DHI,DHI,DHI,,TRUE,Unknown,Unknown,GSE580_theta_data.csv,2026-05-08,0.80,parent relationships not resolved in v0; company_name missing; used ticker fallback; country unknown
ENT001057,DHIL,DHIL,DHIL,,TRUE,United States,North America,GSE580_theta_data.csv,2026-05-08,0.80,parent relationships not resolved in v0; company_name missing; used ticker fallback
ENT001058,DHR,DHR,DHR,,TRUE,Unknown,Unknown,GSE580_theta_data.csv,2026-05-08,0.80,parent relationships not resolved in v0; company_name missing; used ticker fallback; country unknown
ENT001059,DHT,DHT,DHT,,TRUE,Unknown,Unknown,GSE580_theta_data.csv,2026-05-08,0.80,parent relationships not resolved in v0; company_name missing; used ticker fallback; country unknown
ENT001060,DIBS,DIBS,DIBS,,TRUE,Unknown,Unknown,GSE580_theta_data.csv,2026-05-08,0.80,parent relationships not resolved in v0; company_name missing; used ticker fallback; country unknown
ENT001061,DIDI.Y,DIDI.Y,DIDI.Y,,TRUE,Unknown,Unknown,GSE580_theta_data.csv,2026-05-08,0.80,parent relationships not resolved in v0; company_name missing; used ticker fallback; country unknown
ENT001062,DIN,DIN,DIN,,TRUE,United States,North America,GSE580_theta_data.csv,2026-05-08,0.80,parent relationships not resolved in v0; company_name missing; used ticker fallback
ENT001063,DINO,DINO,DINO,,TRUE,Unknown,Unknown,GSE580_theta_data.csv,2026-05-08,0.80,parent relationships not resolved in v0; company_name missing; used ticker fallback; country unknown
ENT001064,DIOD,DIOD,DIOD,,TRUE,Unknown,Unknown,GSE580_theta_data.csv,2026-05-08,0.80,parent relationships not resolved in v0; company_name missing; used ticker fallback; country unknown
ENT001065,DIS,DIS,DIS,,TRUE,Unknown,Unknown,GSE580_theta_data.csv,2026-05-08,0.80,parent relationships not resolved in v0; company_name missing; used ticker fallback; country unknown
ENT001066,DJCO,DJCO,DJ,,TRUE,Unknown,Unknown,GSE580_theta_data.csv,2026-05-08,0.80,parent relationships not resolved in v0; company_name missing; used ticker fallback; country unknown
ENT001067,DJT,DJT,DJT,,TRUE,United States,North America,GSE580_theta_data.csv,2026-05-08,0.80,parent relationships not resolved in v0; company_name missing; used ticker fallback
ENT001068,DK,DK,DK,,TRUE,Unknown,Unknown,GSE580_theta_data.csv,2026-05-08,0.80,parent relationships not resolved in v0; company_name missing; used ticker fallback; country unknown
ENT001069,DKL,DKL,DKL,,TRUE,Unknown,Unknown,GSE580_theta_data.csv,2026-05-08,0.80,parent relationships not resolved in v0; company_name missing; used ticker fallback; country unknown
ENT001070,DKNG,DKNG,DKNG,,TRUE,United States,North America,GSE580_theta_data.csv,2026-05-08,0.80,parent relationships not resolved in v0; company_name missing; used ticker fallback
ENT001071,DKS,DKS,DKS,,TRUE,Unknown,Unknown,GSE580_theta_data.csv,2026-05-08,0.80,parent relationships not resolved in v0; company_name missing; used ticker fallback; country unknown
ENT001072,DLB,DLB,DLB,,TRUE,Unknown,Unknown,GSE580_theta_data.csv,2026-05-08,0.80,parent relationships not resolved in v0; company_name missing; used ticker fallback; country unknown
ENT001073,DLO,DLO,DLO,,TRUE,Unknown,Unknown,GSE580_theta_data.csv,2026-05-08,0.80,parent relationships not resolved in v0; company_name missing; used ticker fallback; country unknown
ENT001074,DLR,DLR,DLR,,TRUE,Unknown,Unknown,GSE580_theta_data.csv,2026-05-08,0.80,parent relationships not resolved in v0; company_name missing; used ticker fallback; country unknown
ENT001075,DLTH,DLTH,DLTH,,TRUE,Unknown,Unknown,GSE580_theta_data.csv,2026-05-08,0.80,parent relationships not resolved in v0; company_name missing; used ticker fallback; country unknown
ENT001076,DLTR,DLTR,DLTR,,TRUE,Unknown,Unknown,GSE580_theta_data.csv,2026-05-08,0.80,parent relationships not resolved in v0; company_name missing; used ticker fallback; country unknown
ENT001077,DLX,DLX,DLX,,TRUE,United States,North America,GSE580_theta_data.csv,2026-05-08,0.80,parent relationships not resolved in v0; company_name missing; used ticker fallback
ENT001078,DMRC,DMRC,DMRC,,TRUE,Unknown,Unknown,GSE580_theta_data.csv,2026-05-08,0.80,parent relationships not resolved in v0; company_name missing; used ticker fallback; country unknown
ENT001079,DNA,DNA,DNA,,TRUE,Unknown,Unknown,GSE580_theta_data.csv,2026-05-08,0.80,parent relationships not resolved in v0; company_name missing; used ticker fallback; country unknown
ENT001080,DNOW,DNOW,DNOW,,TRUE,Unknown,Unknown,GSE580_theta_data.csv,2026-05-08,0.80,parent relationships not resolved in v0; company_name missing; used ticker fallback; country unknown
ENT001081,DNUT,DNUT,DNUT,,TRUE,Unknown,Unknown,GSE580_theta_data.csv,2026-05-08,0.80,parent relationships not resolved in v0; company_name missing; used ticker fallback; country unknown
ENT001082,DOC,DOC,DOC,,TRUE,Unknown,Unknown,GSE580_theta_data.csv,2026-05-08,0.80,parent relationships not resolved in v0; company_name missing; used ticker fallback; country unknown
ENT001083,DOCN,DOCN,DOCN,,TRUE,Unknown,Unknown,GSE580_theta_data.csv,2026-05-08,0.80,parent relationships not resolved in v0; company_name missing; used ticker fallback; country unknown
ENT001084,DOCS,DOCS,DOCS,,TRUE,Unknown,Unknown,GSE580_theta_data.csv,2026-05-08,0.80,parent relationships not resolved in v0; company_name missing; used ticker fallback; country unknown
ENT001085,DOCU,DOCU,DOCU,,TRUE,Unknown,Unknown,GSE580_theta_data.csv,2026-05-08,0.80,parent relationships not resolved in v0; company_name missing; used ticker fallback; country unknown
ENT001086,DOGZ,DOGZ,DOGZ,,TRUE,Unknown,Unknown,GSE580_theta_data.csv,2026-05-08,0.80,parent relationships not resolved in v0; company_name missing; used ticker fallback; country unknown
ENT001087,DOLE,DOLE,DOLE,,TRUE,Unknown,Unknown,GSE580_theta_data.csv,2026-05-08,0.80,parent relationships not resolved in v0; company_name missing; used ticker fallback; country unknown
ENT001088,DOMO,DOMO,DOMO,,TRUE,Unknown,Unknown,GSE580_theta_data.csv,2026-05-08,0.80,parent relationships not resolved in v0; company_name missing; used ticker fallback; country unknown
ENT001089,DOO,DOO,DOO,,TRUE,Unknown,Unknown,GSE580_theta_data.csv,2026-05-08,0.80,parent relationships not resolved in v0; company_name missing; used ticker fallback; country unknown
ENT001090,DORM,DORM,DORM,,TRUE,Unknown,Unknown,GSE580_theta_data.csv,2026-05-08,0.80,parent relationships not resolved in v0; company_name missing; used ticker fallback; country unknown
ENT001091,DOUG,DOUG,DOUG,,TRUE,Unknown,Unknown,GSE580_theta_data.csv,2026-05-08,0.80,parent relationships not resolved in v0; company_name missing; used ticker fallback; country unknown
ENT001092,DOV,DOV,DOV,,TRUE,Unknown,Unknown,GSE580_theta_data.csv,2026-05-08,0.80,parent relationships not resolved in v0; company_name missing; used ticker fallback; country unknown
ENT001093,DOW,DOW,DOW,,TRUE,Unknown,Unknown,GSE580_theta_data.csv,2026-05-08,0.80,parent relationships not resolved in v0; company_name missing; used ticker fallback; country unknown
ENT001094,DOX,DOX,DOX,,TRUE,Unknown,Unknown,GSE580_theta_data.csv,2026-05-08,0.80,parent relationships not resolved in v0; company_name missing; used ticker fallback; country unknown
ENT001095,DOYU,DOYU,DOYU,,TRUE,Unknown,Unknown,GSE580_theta_data.csv,2026-05-08,0.80,parent relationships not resolved in v0; company_name missing; used ticker fallback; country unknown
ENT001096,DPRO,DPRO,DPRO,,TRUE,Unknown,Unknown,GSE580_theta_data.csv,2026-05-08,0.80,parent relationships not resolved in v0; company_name missing; used ticker fallback; country unknown
ENT001097,DPZ,DPZ,DPZ,,TRUE,Unknown,Unknown,GSE580_theta_data.csv,2026-05-08,0.80,parent relationships not resolved in v0; company_name missing; used ticker fallback; country unknown
ENT001098,DQ,DQ,DQ,,TRUE,Unknown,Unknown,GSE580_theta_data.csv,2026-05-08,0.80,parent relationships not resolved in v0; company_name missing; used ticker fallback; country unknown
ENT001099,DRD,DRD,DRD,,TRUE,Unknown,Unknown,GSE580_theta_data.csv,2026-05-08,0.80,parent relationships not resolved in v0; company_name missing; used ticker fallback; country unknown
ENT001100,DRH,DRH,DRH,,TRUE,Unknown,Unknown,GSE580_theta_data.csv,2026-05-08,0.80,parent relationships not resolved in v0; company_name missing; used ticker fallback; country unknown
ENT001101,DRI,DRI,DRI,,TRUE,Unknown,Unknown,GSE580_theta_data.csv,2026-05-08,0.80,parent relationships not resolved in v0; company_name missing; used ticker fallback; country unknown
ENT001102,DRS,DRS,DRS,,TRUE,Unknown,Unknown,GSE580_theta_data.csv,2026-05-08,0.80,parent relationships not resolved in v0; company_name missing; used ticker fallback; country unknown
ENT001103,DRTS,DRTS,DRTS,,TRUE,Unknown,Unknown,GSE580_theta_data.csv,2026-05-08,0.80,parent relationships not resolved in v0; company_name missing; used ticker fallback; country unknown
ENT001104,DRVN,DRVN,DRVN,,TRUE,Unknown,Unknown,GSE580_theta_data.csv,2026-05-08,0.80,parent relationships not resolved in v0; company_name missing; used ticker fallback; country unknown
ENT001105,DSGR,DSGR,DSGR,,TRUE,Unknown,Unknown,GSE580_theta_data.csv,2026-05-08,0.80,parent relationships not resolved in v0; company_name missing; used ticker fallback; country unknown
ENT001106,DSGX,DSGX,DSGX,,TRUE,Canada,North America,GSE580_theta_data.csv,2026-05-08,0.80,parent relationships not resolved in v0; company_name missing; used ticker fallback
ENT001107,DSP,DSP,DSP,,TRUE,United States,North America,GSE580_theta_data.csv,2026-05-08,0.80,parent relationships not resolved in v0; company_name missing; used ticker fallback
ENT001108,DSX,DSX,DSX,,TRUE,Unknown,Unknown,GSE580_theta_data.csv,2026-05-08,0.80,parent relationships not resolved in v0; company_name missing; used ticker fallback; country unknown
ENT001109,DT,DT,DT,,TRUE,Unknown,Unknown,GSE580_theta_data.csv,2026-05-08,0.80,parent relationships not resolved in v0; company_name missing; used ticker fallback; country unknown
ENT001110,DTE,DTE,DTE,,TRUE,Unknown,Unknown,GSE580_theta_data.csv,2026-05-08,0.80,parent relationships not resolved in v0; company_name missing; used ticker fallback; country unknown
ENT001111,DTM,DTM,DTM,,TRUE,Unknown,Unknown,GSE580_theta_data.csv,2026-05-08,0.80,parent relationships not resolved in v0; company_name missing; used ticker fallback; country unknown
ENT001112,DUK,DUK,DUK,,TRUE,Unknown,Unknown,GSE580_theta_data.csv,2026-05-08,0.80,parent relationships not resolved in v0; company_name missing; used ticker fallback; country unknown
ENT001113,DUOL,DUOL,DUOL,,TRUE,Unknown,Unknown,GSE580_theta_data.csv,2026-05-08,0.80,parent relationships not resolved in v0; company_name missing; used ticker fallback; country unknown
ENT001114,DUOT,DUOT,DUOT,,TRUE,Unknown,Unknown,GSE580_theta_data.csv,2026-05-08,0.80,parent relationships not resolved in v0; company_name missing; used ticker fallback; country unknown
ENT001115,DV,DV,DV,,TRUE,United States,North America,GSE580_theta_data.csv,2026-05-08,0.80,parent relationships not resolved in v0; company_name missing; used ticker fallback
ENT001116,DVA,DVA,DVA,,TRUE,Unknown,Unknown,GSE580_theta_data.csv,2026-05-08,0.80,parent relationships not resolved in v0; company_name missing; used ticker fallback; country unknown
ENT001117,DVLT,DVLT,DVLT,,TRUE,Unknown,Unknown,GSE580_theta_data.csv,2026-05-08,0.80,parent relationships not resolved in v0; company_name missing; used ticker fallback; country unknown
ENT001118,DX,DX,DX,,TRUE,United States,North America,GSE580_theta_data.csv,2026-05-08,0.80,parent relationships not resolved in v0; company_name missing; used ticker fallback
ENT001119,DXC,DXC,DXC,,TRUE,Unknown,Unknown,GSE580_theta_data.csv,2026-05-08,0.80,parent relationships not resolved in v0; company_name missing; used ticker fallback; country unknown
ENT001120,DXCM,DXCM,DXCM,,TRUE,Unknown,Unknown,GSE580_theta_data.csv,2026-05-08,0.80,parent relationships not resolved in v0; company_name missing; used ticker fallback; country unknown
ENT001121,DXPE,DXPE,DXPE,,TRUE,United States,North America,GSE580_theta_data.csv,2026-05-08,0.80,parent relationships not resolved in v0; company_name missing; used ticker fallback
ENT001122,DY,DY,DY,,TRUE,Unknown,Unknown,GSE580_theta_data.csv,2026-05-08,0.80,parent relationships not resolved in v0; company_name missing; used ticker fallback; country unknown
ENT001123,EA,EA,EA,,TRUE,Unknown,Unknown,GSE580_theta_data.csv,2026-05-08,0.80,parent relationships not resolved in v0; company_name missing; used ticker fallback; country unknown
ENT001124,EACO,EACO,EA,,TRUE,Unknown,Unknown,GSE580_theta_data.csv,2026-05-08,0.80,parent relationships not resolved in v0; company_name missing; used ticker fallback; country unknown
ENT001125,EAF,EAF,EAF,,TRUE,Unknown,Unknown,GSE580_theta_data.csv,2026-05-08,0.80,parent relationships not resolved in v0; company_name missing; used ticker fallback; country unknown
ENT001126,EAT,EAT,EAT,,TRUE,Unknown,Unknown,GSE580_theta_data.csv,2026-05-08,0.80,parent relationships not resolved in v0; company_name missing; used ticker fallback; country unknown
ENT001127,EB,EB,EB,,TRUE,Unknown,Unknown,GSE580_theta_data.csv,2026-05-08,0.80,parent relationships not resolved in v0; company_name missing; used ticker fallback; country unknown
ENT001128,EBAY,EBAY,EBAY,,TRUE,Unknown,Unknown,GSE580_theta_data.csv,2026-05-08,0.80,parent relationships not resolved in v0; company_name missing; used ticker fallback; country unknown
ENT001129,EBF,EBF,EBF,,TRUE,Unknown,Unknown,GSE580_theta_data.csv,2026-05-08,0.80,parent relationships not resolved in v0; company_name missing; used ticker fallback; country unknown
ENT001130,EBFI,EBFI,EBFI,,TRUE,Unknown,Unknown,GSE580_theta_data.csv,2026-05-08,0.80,parent relationships not resolved in v0; company_name missing; used ticker fallback; country unknown
ENT001131,ECG,ECG,ECG,,TRUE,Unknown,Unknown,GSE580_theta_data.csv,2026-05-08,0.80,parent relationships not resolved in v0; company_name missing; used ticker fallback; country unknown
ENT001132,ECL,ECL,ECL,,TRUE,Unknown,Unknown,GSE580_theta_data.csv,2026-05-08,0.80,parent relationships not resolved in v0; company_name missing; used ticker fallback; country unknown
ENT001133,ECPG,ECPG,ECPG,,TRUE,Unknown,Unknown,GSE580_theta_data.csv,2026-05-08,0.80,parent relationships not resolved in v0; company_name missing; used ticker fallback; country unknown
ENT001134,ECVT,ECVT,ECVT,,TRUE,Unknown,Unknown,GSE580_theta_data.csv,2026-05-08,0.80,parent relationships not resolved in v0; company_name missing; used ticker fallback; country unknown
ENT001135,ECX,ECX,ECX,,TRUE,Unknown,Unknown,GSE580_theta_data.csv,2026-05-08,0.80,parent relationships not resolved in v0; company_name missing; used ticker fallback; country unknown
ENT001136,ECXJ,ECXJ,ECXJ,,TRUE,Unknown,Unknown,GSE580_theta_data.csv,2026-05-08,0.80,parent relationships not resolved in v0; company_name missing; used ticker fallback; country unknown
ENT001137,ED,ED,ED,,TRUE,Unknown,Unknown,GSE580_theta_data.csv,2026-05-08,0.80,parent relationships not resolved in v0; company_name missing; used ticker fallback; country unknown
ENT001138,EDU,EDU,EDU,,TRUE,Unknown,Unknown,GSE580_theta_data.csv,2026-05-08,0.80,parent relationships not resolved in v0; company_name missing; used ticker fallback; country unknown
ENT001139,EE,EE,EE,,TRUE,Unknown,Unknown,GSE580_theta_data.csv,2026-05-08,0.80,parent relationships not resolved in v0; company_name missing; used ticker fallback; country unknown
ENT001140,EEFT,EEFT,EEFT,,TRUE,Unknown,Unknown,GSE580_theta_data.csv,2026-05-08,0.80,parent relationships not resolved in v0; company_name missing; used ticker fallback; country unknown
ENT001141,EEX,EEX,EEX,,TRUE,Unknown,Unknown,GSE580_theta_data.csv,2026-05-08,0.80,parent relationships not resolved in v0; company_name missing; used ticker fallback; country unknown
ENT001142,EFC,EFC,EFC,,TRUE,Unknown,Unknown,GSE580_theta_data.csv,2026-05-08,0.80,parent relationships not resolved in v0; company_name missing; used ticker fallback; country unknown
ENT001143,EFX,EFX,EFX,,TRUE,Unknown,Unknown,GSE580_theta_data.csv,2026-05-08,0.80,parent relationships not resolved in v0; company_name missing; used ticker fallback; country unknown
ENT001144,EFXT,EFXT,EFXT,,TRUE,Unknown,Unknown,GSE580_theta_data.csv,2026-05-08,0.80,parent relationships not resolved in v0; company_name missing; used ticker fallback; country unknown
ENT001145,EG,EG,EG,,TRUE,Unknown,Unknown,GSE580_theta_data.csv,2026-05-08,0.80,parent relationships not resolved in v0; company_name missing; used ticker fallback; country unknown
ENT001146,EGAN,EGAN,EGAN,,TRUE,Unknown,Unknown,GSE580_theta_data.csv,2026-05-08,0.80,parent relationships not resolved in v0; company_name missing; used ticker fallback; country unknown
ENT001147,EGG,EGG,EGG,,TRUE,Unknown,Unknown,GSE580_theta_data.csv,2026-05-08,0.80,parent relationships not resolved in v0; company_name missing; used ticker fallback; country unknown
ENT001148,EGHT,EGHT,EGHT,,TRUE,Unknown,Unknown,GSE580_theta_data.csv,2026-05-08,0.80,parent relationships not resolved in v0; company_name missing; used ticker fallback; country unknown
ENT001149,EGP,EGP,EGP,,TRUE,Unknown,Unknown,GSE580_theta_data.csv,2026-05-08,0.80,parent relationships not resolved in v0; company_name missing; used ticker fallback; country unknown
ENT001150,EH,EH,EH,,TRUE,Unknown,Unknown,GSE580_theta_data.csv,2026-05-08,0.80,parent relationships not resolved in v0; company_name missing; used ticker fallback; country unknown
ENT001151,EHAB,EHAB,EHAB,,TRUE,Unknown,Unknown,GSE580_theta_data.csv,2026-05-08,0.80,parent relationships not resolved in v0; company_name missing; used ticker fallback; country unknown
ENT001152,EHC,EHC,EHC,,TRUE,Unknown,Unknown,GSE580_theta_data.csv,2026-05-08,0.80,parent relationships not resolved in v0; company_name missing; used ticker fallback; country unknown
ENT001153,EHTH,EHTH,EHTH,,TRUE,Unknown,Unknown,GSE580_theta_data.csv,2026-05-08,0.80,parent relationships not resolved in v0; company_name missing; used ticker fallback; country unknown
ENT001154,EIG,EIG,EIG,,TRUE,Unknown,Unknown,GSE580_theta_data.csv,2026-05-08,0.80,parent relationships not resolved in v0; company_name missing; used ticker fallback; country unknown
ENT001155,EIX,EIX,EIX,,TRUE,Unknown,Unknown,GSE580_theta_data.csv,2026-05-08,0.80,parent relationships not resolved in v0; company_name missing; used ticker fallback; country unknown
ENT001156,EL,EL,EL,,TRUE,Unknown,Unknown,GSE580_theta_data.csv,2026-05-08,0.80,parent relationships not resolved in v0; company_name missing; used ticker fallback; country unknown
ENT001157,ELA,ELA,ELA,,TRUE,Unknown,Unknown,GSE580_theta_data.csv,2026-05-08,0.80,parent relationships not resolved in v0; company_name missing; used ticker fallback; country unknown
ENT001158,ELAN,ELAN,ELAN,,TRUE,Unknown,Unknown,GSE580_theta_data.csv,2026-05-08,0.80,parent relationships not resolved in v0; company_name missing; used ticker fallback; country unknown
ENT001159,ELF,ELF,ELF,,TRUE,Unknown,Unknown,GSE580_theta_data.csv,2026-05-08,0.80,parent relationships not resolved in v0; company_name missing; used ticker fallback; country unknown
ENT001160,ELLO,ELLO,ELLO,,TRUE,Unknown,Unknown,GSE580_theta_data.csv,2026-05-08,0.80,parent relationships not resolved in v0; company_name missing; used ticker fallback; country unknown
ENT001161,ELMD,ELMD,ELMD,,TRUE,Unknown,Unknown,GSE580_theta_data.csv,2026-05-08,0.80,parent relationships not resolved in v0; company_name missing; used ticker fallback; country unknown
ENT001162,ELS,ELS,ELS,,TRUE,Unknown,Unknown,GSE580_theta_data.csv,2026-05-08,0.80,parent relationships not resolved in v0; company_name missing; used ticker fallback; country unknown
ENT001163,ELTP,ELTP,ELTP,,TRUE,Unknown,Unknown,GSE580_theta_data.csv,2026-05-08,0.80,parent relationships not resolved in v0; company_name missing; used ticker fallback; country unknown
ENT001164,ELV,ELV,ELV,,TRUE,Unknown,Unknown,GSE580_theta_data.csv,2026-05-08,0.80,parent relationships not resolved in v0; company_name missing; used ticker fallback; country unknown
ENT001165,ELVA,ELVA,ELVA,,TRUE,Unknown,Unknown,GSE580_theta_data.csv,2026-05-08,0.80,parent relationships not resolved in v0; company_name missing; used ticker fallback; country unknown
ENT001166,ELVN,ELVN,ELVN,,TRUE,Unknown,Unknown,GSE580_theta_data.csv,2026-05-08,0.80,parent relationships not resolved in v0; company_name missing; used ticker fallback; country unknown
ENT001167,EM,EM,EM,,TRUE,Unknown,Unknown,GSE580_theta_data.csv,2026-05-08,0.80,parent relationships not resolved in v0; company_name missing; used ticker fallback; country unknown
ENT001168,EMBC,EMBC,EMBC,,TRUE,Unknown,Unknown,GSE580_theta_data.csv,2026-05-08,0.80,parent relationships not resolved in v0; company_name missing; used ticker fallback; country unknown
ENT001169,EMBJ,EMBJ,EMBJ,,TRUE,Unknown,Unknown,GSE580_theta_data.csv,2026-05-08,0.80,parent relationships not resolved in v0; company_name missing; used ticker fallback; country unknown
ENT001170,EME,EME,EME,,TRUE,Unknown,Unknown,GSE580_theta_data.csv,2026-05-08,0.80,parent relationships not resolved in v0; company_name missing; used ticker fallback; country unknown
ENT001171,EML,EML,EML,,TRUE,Unknown,Unknown,GSE580_theta_data.csv,2026-05-08,0.80,parent relationships not resolved in v0; company_name missing; used ticker fallback; country unknown
ENT001172,EMN,EMN,EMN,,TRUE,Unknown,Unknown,GSE580_theta_data.csv,2026-05-08,0.80,parent relationships not resolved in v0; company_name missing; used ticker fallback; country unknown
ENT001173,EMPD,EMPD,EMPD,,TRUE,Unknown,Unknown,GSE580_theta_data.csv,2026-05-08,0.80,parent relationships not resolved in v0; company_name missing; used ticker fallback; country unknown
ENT001174,EMR,EMR,EMR,,TRUE,Unknown,Unknown,GSE580_theta_data.csv,2026-05-08,0.80,parent relationships not resolved in v0; company_name missing; used ticker fallback; country unknown
ENT001175,ENDI,ENDI,ENDI,,TRUE,Unknown,Unknown,GSE580_theta_data.csv,2026-05-08,0.80,parent relationships not resolved in v0; company_name missing; used ticker fallback; country unknown
ENT001176,ENLT,ENLT,ENLT,,TRUE,Unknown,Unknown,GSE580_theta_data.csv,2026-05-08,0.80,parent relationships not resolved in v0; company_name missing; used ticker fallback; country unknown
ENT001177,ENOV,ENOV,ENOV,,TRUE,Unknown,Unknown,GSE580_theta_data.csv,2026-05-08,0.80,parent relationships not resolved in v0; company_name missing; used ticker fallback; country unknown
ENT001178,ENPH,ENPH,ENPH,,TRUE,Unknown,Unknown,GSE580_theta_data.csv,2026-05-08,0.80,parent relationships not resolved in v0; company_name missing; used ticker fallback; country unknown
ENT001179,ENR,ENR,ENR,,TRUE,Unknown,Unknown,GSE580_theta_data.csv,2026-05-08,0.80,parent relationships not resolved in v0; company_name missing; used ticker fallback; country unknown
ENT001180,ENS,ENS,ENS,,TRUE,Unknown,Unknown,GSE580_theta_data.csv,2026-05-08,0.80,parent relationships not resolved in v0; company_name missing; used ticker fallback; country unknown
ENT001181,ENSG,ENSG,ENSG,,TRUE,Unknown,Unknown,GSE580_theta_data.csv,2026-05-08,0.80,parent relationships not resolved in v0; company_name missing; used ticker fallback; country unknown
ENT001182,ENTG,ENTG,ENTG,,TRUE,Unknown,Unknown,GSE580_theta_data.csv,2026-05-08,0.80,parent relationships not resolved in v0; company_name missing; used ticker fallback; country unknown
ENT001183,ENVA,ENVA,ENVA,,TRUE,Unknown,Unknown,GSE580_theta_data.csv,2026-05-08,0.80,parent relationships not resolved in v0; company_name missing; used ticker fallback; country unknown
ENT001184,ENVX,ENVX,ENVX,,TRUE,Unknown,Unknown,GSE580_theta_data.csv,2026-05-08,0.80,parent relationships not resolved in v0; company_name missing; used ticker fallback; country unknown
ENT001185,ENXTAM:AALB,ENXTAM:AALB,ENXTAM:AALB,,TRUE,Unknown,Unknown,GSE580_theta_data.csv,2026-05-08,0.80,parent relationships not resolved in v0; company_name missing; used ticker fallback; country unknown
ENT001186,ENXTAM:ABN,ENXTAM:ABN,ENXTAM:ABN,,TRUE,Unknown,Unknown,GSE580_theta_data.csv,2026-05-08,0.80,parent relationships not resolved in v0; company_name missing; used ticker fallback; country unknown
ENT001187,ENXTAM:AD,ENXTAM:AD,ENXTAM:AD,,TRUE,Unknown,Unknown,GSE580_theta_data.csv,2026-05-08,0.80,parent relationships not resolved in v0; company_name missing; used ticker fallback; country unknown
ENT001188,ENXTAM:ADYEN,ENXTAM:ADYEN,ENXTAM:ADYEN,,TRUE,Unknown,Unknown,GSE580_theta_data.csv,2026-05-08,0.80,parent relationships not resolved in v0; company_name missing; used ticker fallback; country unknown
ENT001189,ENXTAM:AKZA,ENXTAM:AKZA,ENXTAM:AKZA,,TRUE,Unknown,Unknown,GSE580_theta_data.csv,2026-05-08,0.80,parent relationships not resolved in v0; company_name missing; used ticker fallback; country unknown
ENT001190,ENXTAM:ARCAD,ENXTAM:ARCAD,ENXTAM:ARCAD,,TRUE,Unknown,Unknown,GSE580_theta_data.csv,2026-05-08,0.80,parent relationships not resolved in v0; company_name missing; used ticker fallback; country unknown
ENT001191,ENXTAM:ASM,ENXTAM:ASM,ENXTAM:ASM,,TRUE,Unknown,Unknown,GSE580_theta_data.csv,2026-05-08,0.80,parent relationships not resolved in v0; company_name missing; used ticker fallback; country unknown
ENT001192,ENXTAM:ASRNL,ENXTAM:ASRNL,ENXTAM:ASRNL,,TRUE,Unknown,Unknown,GSE580_theta_data.csv,2026-05-08,0.80,parent relationships not resolved in v0; company_name missing; used ticker fallback; country unknown
ENT001193,ENXTAM:BESI,ENXTAM:BESI,ENXTAM:BESI,,TRUE,Unknown,Unknown,GSE580_theta_data.csv,2026-05-08,0.80,parent relationships not resolved in v0; company_name missing; used ticker fallback; country unknown
ENT001194,ENXTAM:BFIT,ENXTAM:BFIT,ENXTAM:BFIT,,TRUE,Unknown,Unknown,GSE580_theta_data.csv,2026-05-08,0.80,parent relationships not resolved in v0; company_name missing; used ticker fallback; country unknown
ENT001195,ENXTAM:BNJ,ENXTAM:BNJ,ENXTAM:BNJ,,TRUE,Unknown,Unknown,GSE580_theta_data.csv,2026-05-08,0.80,parent relationships not resolved in v0; company_name missing; used ticker fallback; country unknown
ENT001196,ENXTAM:CTPNV,ENXTAM:CTPNV,ENXTAM:CTPNV,,TRUE,Unknown,Unknown,GSE580_theta_data.csv,2026-05-08,0.80,parent relationships not resolved in v0; company_name missing; used ticker fallback; country unknown
ENT001197,ENXTAM:DSFIR,ENXTAM:DSFIR,ENXTAM:DSFIR,,TRUE,Unknown,Unknown,GSE580_theta_data.csv,2026-05-08,0.80,parent relationships not resolved in v0; company_name missing; used ticker fallback; country unknown
ENT001198,ENXTAM:FAST,ENXTAM:FAST,ENXTAM:FAST,,TRUE,Unknown,Unknown,GSE580_theta_data.csv,2026-05-08,0.80,parent relationships not resolved in v0; company_name missing; used ticker fallback; country unknown
ENT001199,ENXTAM:FLOW,ENXTAM:FLOW,ENXTAM:FLOW,,TRUE,Unknown,Unknown,GSE580_theta_data.csv,2026-05-08,0.80,parent relationships not resolved in v0; company_name missing; used ticker fallback; country unknown
ENT001200,ENXTAM:GLPG,ENXTAM:GLPG,ENXTAM:GLPG,,TRUE,Unknown,Unknown,GSE580_theta_data.csv,2026-05-08,0.80,parent relationships not resolved in v0; company_name missing; used ticker fallback; country unknown
ENT001201,ENXTAM:HAVAS,ENXTAM:HAVAS,ENXTAM:HAVAS,,TRUE,Unknown,Unknown,GSE580_theta_data.csv,2026-05-08,0.80,parent relationships not resolved in v0; company_name missing; used ticker fallback; country unknown
ENT001202,ENXTAM:HEIA,ENXTAM:HEIA,ENXTAM:HEIA,,TRUE,Unknown,Unknown,GSE580_theta_data.csv,2026-05-08,0.80,parent relationships not resolved in v0; company_name missing; used ticker fallback; country unknown
ENT001203,ENXTAM:IMCD,ENXTAM:IMCD,ENXTAM:IMCD,,TRUE,Unknown,Unknown,GSE580_theta_data.csv,2026-05-08,0.80,parent relationships not resolved in v0; company_name missing; used ticker fallback; country unknown
ENT001204,ENXTAM:JDEP,ENXTAM:JDEP,ENXTAM:JDEP,,TRUE,Unknown,Unknown,GSE580_theta_data.csv,2026-05-08,0.80,parent relationships not resolved in v0; company_name missing; used ticker fallback; country unknown
ENT001205,ENXTAM:LIGHT,ENXTAM:LIGHT,ENXTAM:LIGHT,,TRUE,Unknown,Unknown,GSE580_theta_data.csv,2026-05-08,0.80,parent relationships not resolved in v0; company_name missing; used ticker fallback; country unknown
ENT001206,ENXTAM:MT,ENXTAM:MT,ENXTAM:MT,,TRUE,Unknown,Unknown,GSE580_theta_data.csv,2026-05-08,0.80,parent relationships not resolved in v0; company_name missing; used ticker fallback; country unknown
ENT001207,ENXTAM:NN,ENXTAM:NN,ENXTAM:NN,,TRUE,Unknown,Unknown,GSE580_theta_data.csv,2026-05-08,0.80,parent relationships not resolved in v0; company_name missing; used ticker fallback; country unknown
ENT001208,ENXTAM:OCI,ENXTAM:OCI,ENXTAM:OCI,,TRUE,Unknown,Unknown,GSE580_theta_data.csv,2026-05-08,0.80,parent relationships not resolved in v0; company_name missing; used ticker fallback; country unknown
ENT001209,ENXTAM:PRX,ENXTAM:PRX,ENXTAM:PRX,,TRUE,Unknown,Unknown,GSE580_theta_data.csv,2026-05-08,0.80,parent relationships not resolved in v0; company_name missing; used ticker fallback; country unknown
ENT001210,ENXTAM:RAND,ENXTAM:RAND,ENXTAM:RAND,,TRUE,Unknown,Unknown,GSE580_theta_data.csv,2026-05-08,0.80,parent relationships not resolved in v0; company_name missing; used ticker fallback; country unknown
ENT001211,ENXTAM:UMG,ENXTAM:UMG,ENXTAM:UMG,,TRUE,Unknown,Unknown,GSE580_theta_data.csv,2026-05-08,0.80,parent relationships not resolved in v0; company_name missing; used ticker fallback; country unknown
ENT001212,ENXTAM:WKL,ENXTAM:WKL,ENXTAM:WKL,,TRUE,Unknown,Unknown,GSE580_theta_data.csv,2026-05-08,0.80,parent relationships not resolved in v0; company_name missing; used ticker fallback; country unknown
ENT001213,ENXTBR:094124352,ENXTBR:094124352,ENXTBR:094124352,,TRUE,Unknown,Unknown,GSE580_theta_data.csv,2026-05-08,0.80,parent relationships not resolved in v0; company_name missing; used ticker fallback; country unknown
ENT001214,ENXTBR:ABI,ENXTBR:ABI,ENXTBR:ABI,,TRUE,Unknown,Unknown,GSE580_theta_data.csv,2026-05-08,0.80,parent relationships not resolved in v0; company_name missing; used ticker fallback; country unknown
ENT001215,ENXTBR:AED,ENXTBR:AED,ENXTBR:AED,,TRUE,Unknown,Unknown,GSE580_theta_data.csv,2026-05-08,0.80,parent relationships not resolved in v0; company_name missing; used ticker fallback; country unknown
ENT001216,ENXTBR:AGFB,ENXTBR:AGFB,ENXTBR:AGFB,,TRUE,Unknown,Unknown,GSE580_theta_data.csv,2026-05-08,0.80,parent relationships not resolved in v0; company_name missing; used ticker fallback; country unknown
ENT001217,ENXTBR:AGS,ENXTBR:AGS,ENXTBR:AGS,,TRUE,Unknown,Unknown,GSE580_theta_data.csv,2026-05-08,0.80,parent relationships not resolved in v0; company_name missing; used ticker fallback; country unknown
ENT001218,ENXTBR:BAR,ENXTBR:BAR,ENXTBR:BAR,,TRUE,Unknown,Unknown,GSE580_theta_data.csv,2026-05-08,0.80,parent relationships not resolved in v0; company_name missing; used ticker fallback; country unknown
ENT001219,ENXTBR:CMBT,ENXTBR:CMBT,ENXTBR:CMBT,,TRUE,Unknown,Unknown,GSE580_theta_data.csv,2026-05-08,0.80,parent relationships not resolved in v0; company_name missing; used ticker fallback; country unknown
ENT001220,ENXTBR:DECB,ENXTBR:DECB,ENXTBR:DECB,,TRUE,Unknown,Unknown,GSE580_theta_data.csv,2026-05-08,0.80,parent relationships not resolved in v0; company_name missing; used ticker fallback; country unknown
ENT001221,ENXTBR:DEME,ENXTBR:DEME,ENXTBR:DEME,,TRUE,Unknown,Unknown,GSE580_theta_data.csv,2026-05-08,0.80,parent relationships not resolved in v0; company_name missing; used ticker fallback; country unknown
ENT001222,ENXTBR:JEN,ENXTBR:JEN,ENXTBR:JEN,,TRUE,Unknown,Unknown,GSE580_theta_data.csv,2026-05-08,0.80,parent relationships not resolved in v0; company_name missing; used ticker fallback; country unknown
ENT001223,ENXTBR:KBC,ENXTBR:KBC,ENXTBR:KBC,,TRUE,Unknown,Unknown,GSE580_theta_data.csv,2026-05-08,0.80,parent relationships not resolved in v0; company_name missing; used ticker fallback; country unknown
ENT001224,ENXTBR:LOTB,ENXTBR:LOTB,ENXTBR:LOTB,,TRUE,Unknown,Unknown,GSE580_theta_data.csv,2026-05-08,0.80,parent relationships not resolved in v0; company_name missing; used ticker fallback; country unknown
ENT001225,ENXTBR:MELE,ENXTBR:MELE,ENXTBR:MELE,,TRUE,Unknown,Unknown,GSE580_theta_data.csv,2026-05-08,0.80,parent relationships not resolved in v0; company_name missing; used ticker fallback; country unknown
ENT001226,ENXTBR:SHUR,ENXTBR:SHUR,ENXTBR:SHUR,,TRUE,Unknown,Unknown,GSE580_theta_data.csv,2026-05-08,0.80,parent relationships not resolved in v0; company_name missing; used ticker fallback; country unknown
ENT001227,ENXTBR:SOF,ENXTBR:SOF,ENXTBR:SOF,,TRUE,Unknown,Unknown,GSE580_theta_data.csv,2026-05-08,0.80,parent relationships not resolved in v0; company_name missing; used ticker fallback; country unknown
ENT001228,ENXTBR:SOLB,ENXTBR:SOLB,ENXTBR:SOLB,,TRUE,Unknown,Unknown,GSE580_theta_data.csv,2026-05-08,0.80,parent relationships not resolved in v0; company_name missing; used ticker fallback; country unknown
ENT001229,ENXTBR:UCB,ENXTBR:UCB,ENXTBR:UCB,,TRUE,Unknown,Unknown,GSE580_theta_data.csv,2026-05-08,0.80,parent relationships not resolved in v0; company_name missing; used ticker fallback; country unknown
ENT001230,ENXTLS:JMT,ENXTLS:JMT,ENXTLS:JMT,,TRUE,Unknown,Unknown,GSE580_theta_data.csv,2026-05-08,0.80,parent relationships not resolved in v0; company_name missing; used ticker fallback; country unknown
ENT001231,ENXTPA:AC,ENXTPA:AC,ENXTPA:AC,,TRUE,Unknown,Unknown,GSE580_theta_data.csv,2026-05-08,0.80,parent relationships not resolved in v0; company_name missing; used ticker fallback; country unknown
ENT001232,ENXTPA:ADP,ENXTPA:ADP,ENXTPA:ADP,,TRUE,Unknown,Unknown,GSE580_theta_data.csv,2026-05-08,0.80,parent relationships not resolved in v0; company_name missing; used ticker fallback; country unknown
ENT001233,ENXTPA:AF,ENXTPA:AF,ENXTPA:AF,,TRUE,Unknown,Unknown,GSE580_theta_data.csv,2026-05-08,0.80,parent relationships not resolved in v0; company_name missing; used ticker fallback; country unknown
ENT001234,ENXTPA:AI,ENXTPA:AI,ENXTPA:AI,,TRUE,Unknown,Unknown,GSE580_theta_data.csv,2026-05-08,0.80,parent relationships not resolved in v0; company_name missing; used ticker fallback; country unknown
ENT001235,ENXTPA:AIR,ENXTPA:AIR,ENXTPA:AIR,,TRUE,Unknown,Unknown,GSE580_theta_data.csv,2026-05-08,0.80,parent relationships not resolved in v0; company_name missing; used ticker fallback; country unknown
ENT001236,ENXTPA:AKE,ENXTPA:AKE,ENXTPA:AKE,,TRUE,Unknown,Unknown,GSE580_theta_data.csv,2026-05-08,0.80,parent relationships not resolved in v0; company_name missing; used ticker fallback; country unknown
ENT001237,ENXTPA:ALO,ENXTPA:ALO,ENXTPA:ALO,,TRUE,Unknown,Unknown,GSE580_theta_data.csv,2026-05-08,0.80,parent relationships not resolved in v0; company_name missing; used ticker fallback; country unknown
ENT001238,ENXTPA:AM,ENXTPA:AM,ENXTPA:AM,,TRUE,Unknown,Unknown,GSE580_theta_data.csv,2026-05-08,0.80,parent relationships not resolved in v0; company_name missing; used ticker fallback; country unknown
ENT001239,ENXTPA:AMUN,ENXTPA:AMUN,ENXTPA:AMUN,,TRUE,Unknown,Unknown,GSE580_theta_data.csv,2026-05-08,0.80,parent relationships not resolved in v0; company_name missing; used ticker fallback; country unknown
ENT001240,ENXTPA:ATO,ENXTPA:ATO,ENXTPA:ATO,,TRUE,Unknown,Unknown,GSE580_theta_data.csv,2026-05-08,0.80,parent relationships not resolved in v0; company_name missing; used ticker fallback; country unknown
ENT001241,ENXTPA:BB,ENXTPA:BB,ENXTPA:BB,,TRUE,Unknown,Unknown,GSE580_theta_data.csv,2026-05-08,0.80,parent relationships not resolved in v0; company_name missing; used ticker fallback; country unknown
ENT001242,ENXTPA:BEN,ENXTPA:BEN,ENXTPA:BEN,,TRUE,Unknown,Unknown,GSE580_theta_data.csv,2026-05-08,0.80,parent relationships not resolved in v0; company_name missing; used ticker fallback; country unknown
ENT001243,ENXTPA:BIM,ENXTPA:BIM,ENXTPA:BIM,,TRUE,Unknown,Unknown,GSE580_theta_data.csv,2026-05-08,0.80,parent relationships not resolved in v0; company_name missing; used ticker fallback; country unknown
ENT001244,ENXTPA:BN,ENXTPA:BN,ENXTPA:BN,,TRUE,Unknown,Unknown,GSE580_theta_data.csv,2026-05-08,0.80,parent relationships not resolved in v0; company_name missing; used ticker fallback; country unknown
ENT001245,ENXTPA:BNP,ENXTPA:BNP,ENXTPA:BNP,,TRUE,Unknown,Unknown,GSE580_theta_data.csv,2026-05-08,0.80,parent relationships not resolved in v0; company_name missing; used ticker fallback; country unknown
ENT001246,ENXTPA:BON,ENXTPA:BON,ENXTPA:BON,,TRUE,Unknown,Unknown,GSE580_theta_data.csv,2026-05-08,0.80,parent relationships not resolved in v0; company_name missing; used ticker fallback; country unknown
ENT001247,ENXTPA:BVI,ENXTPA:BVI,ENXTPA:BVI,,TRUE,Unknown,Unknown,GSE580_theta_data.csv,2026-05-08,0.80,parent relationships not resolved in v0; company_name missing; used ticker fallback; country unknown
ENT001248,ENXTPA:CA,ENXTPA:CA,ENXTPA:CA,,TRUE,Unknown,Unknown,GSE580_theta_data.csv,2026-05-08,0.80,parent relationships not resolved in v0; company_name missing; used ticker fallback; country unknown
ENT001249,ENXTPA:CAP,ENXTPA:CAP,ENXTPA:CAP,,TRUE,Unknown,Unknown,GSE580_theta_data.csv,2026-05-08,0.80,parent relationships not resolved in v0; company_name missing; used ticker fallback; country unknown
ENT001250,ENXTPA:CDA,ENXTPA:CDA,ENXTPA:CDA,,TRUE,Unknown,Unknown,GSE580_theta_data.csv,2026-05-08,0.80,parent relationships not resolved in v0; company_name missing; used ticker fallback; country unknown
ENT001251,ENXTPA:CS,ENXTPA:CS,ENXTPA:CS,,TRUE,Unknown,Unknown,GSE580_theta_data.csv,2026-05-08,0.80,parent relationships not resolved in v0; company_name missing; used ticker fallback; country unknown
ENT001252,ENXTPA:DEC,ENXTPA:DEC,ENXTPA:DEC,,TRUE,Unknown,Unknown,GSE580_theta_data.csv,2026-05-08,0.80,parent relationships not resolved in v0; company_name missing; used ticker fallback; country unknown
ENT001253,ENXTPA:DEEZR,ENXTPA:DEEZR,ENXTPA:DEEZR,,TRUE,Unknown,Unknown,GSE580_theta_data.csv,2026-05-08,0.80,parent relationships not resolved in v0; company_name missing; used ticker fallback; country unknown
ENT001254,ENXTPA:DG,ENXTPA:DG,ENXTPA:DG,,TRUE,Unknown,Unknown,GSE580_theta_data.csv,2026-05-08,0.80,parent relationships not resolved in v0; company_name missing; used ticker fallback; country unknown
ENT001255,ENXTPA:DIM,ENXTPA:DIM,ENXTPA:DIM,,TRUE,Unknown,Unknown,GSE580_theta_data.csv,2026-05-08,0.80,parent relationships not resolved in v0; company_name missing; used ticker fallback; country unknown
ENT001256,ENXTPA:DSY,ENXTPA:DSY,ENXTPA:DSY,,TRUE,Unknown,Unknown,GSE580_theta_data.csv,2026-05-08,0.80,parent relationships not resolved in v0; company_name missing; used ticker fallback; country unknown
ENT001257,ENXTPA:EDEN,ENXTPA:EDEN,ENXTPA:EDEN,,TRUE,Unknown,Unknown,GSE580_theta_data.csv,2026-05-08,0.80,parent relationships not resolved in v0; company_name missing; used ticker fallback; country unknown
ENT001258,ENXTPA:EL,ENXTPA:EL,ENXTPA:EL,,TRUE,Unknown,Unknown,GSE580_theta_data.csv,2026-05-08,0.80,parent relationships not resolved in v0; company_name missing; used ticker fallback; country unknown
ENT001259,ENXTPA:ELIOR,ENXTPA:ELIOR,ENXTPA:ELIOR,,TRUE,Unknown,Unknown,GSE580_theta_data.csv,2026-05-08,0.80,parent relationships not resolved in v0; company_name missing; used ticker fallback; country unknown
ENT001260,ENXTPA:ELIS,ENXTPA:ELIS,ENXTPA:ELIS,,TRUE,Unknown,Unknown,GSE580_theta_data.csv,2026-05-08,0.80,parent relationships not resolved in v0; company_name missing; used ticker fallback; country unknown
ENT001261,ENXTPA:EMEIS,ENXTPA:EMEIS,ENXTPA:EMEIS,,TRUE,Unknown,Unknown,GSE580_theta_data.csv,2026-05-08,0.80,parent relationships not resolved in v0; company_name missing; used ticker fallback; country unknown
ENT001262,ENXTPA:EN,ENXTPA:EN,ENXTPA:EN,,TRUE,Unknown,Unknown,GSE580_theta_data.csv,2026-05-08,0.80,parent relationships not resolved in v0; company_name missing; used ticker fallback; country unknown
ENT001263,ENXTPA:ENGI,ENXTPA:ENGI,ENXTPA:ENGI,,TRUE,Unknown,Unknown,GSE580_theta_data.csv,2026-05-08,0.80,parent relationships not resolved in v0; company_name missing; used ticker fallback; country unknown
ENT001264,ENXTPA:ENX,ENXTPA:ENX,ENXTPA:ENX,,TRUE,Unknown,Unknown,GSE580_theta_data.csv,2026-05-08,0.80,parent relationships not resolved in v0; company_name missing; used ticker fallback; country unknown
ENT001265,ENXTPA:ERA,ENXTPA:ERA,ENXTPA:ERA,,TRUE,Unknown,Unknown,GSE580_theta_data.csv,2026-05-08,0.80,parent relationships not resolved in v0; company_name missing; used ticker fallback; country unknown
ENT001266,ENXTPA:ERF,ENXTPA:ERF,ENXTPA:ERF,,TRUE,Unknown,Unknown,GSE580_theta_data.csv,2026-05-08,0.80,parent relationships not resolved in v0; company_name missing; used ticker fallback; country unknown
ENT001267,ENXTPA:ETL,ENXTPA:ETL,ENXTPA:ETL,,TRUE,Unknown,Unknown,GSE580_theta_data.csv,2026-05-08,0.80,parent relationships not resolved in v0; company_name missing; used ticker fallback; country unknown
ENT001268,ENXTPA:FDJU,ENXTPA:FDJU,ENXTPA:FDJU,,TRUE,Unknown,Unknown,GSE580_theta_data.csv,2026-05-08,0.80,parent relationships not resolved in v0; company_name missing; used ticker fallback; country unknown
ENT001269,ENXTPA:FR,ENXTPA:FR,ENXTPA:FR,,TRUE,Unknown,Unknown,GSE580_theta_data.csv,2026-05-08,0.80,parent relationships not resolved in v0; company_name missing; used ticker fallback; country unknown
ENT001270,ENXTPA:FRVIA,ENXTPA:FRVIA,ENXTPA:FRVIA,,TRUE,Unknown,Unknown,GSE580_theta_data.csv,2026-05-08,0.80,parent relationships not resolved in v0; company_name missing; used ticker fallback; country unknown
ENT001271,ENXTPA:HO,ENXTPA:HO,ENXTPA:HO,,TRUE,Unknown,Unknown,GSE580_theta_data.csv,2026-05-08,0.80,parent relationships not resolved in v0; company_name missing; used ticker fallback; country unknown
ENT001272,ENXTPA:IPN,ENXTPA:IPN,ENXTPA:IPN,,TRUE,Unknown,Unknown,GSE580_theta_data.csv,2026-05-08,0.80,parent relationships not resolved in v0; company_name missing; used ticker fallback; country unknown
ENT001273,ENXTPA:IPS,ENXTPA:IPS,ENXTPA:IPS,,TRUE,Unknown,Unknown,GSE580_theta_data.csv,2026-05-08,0.80,parent relationships not resolved in v0; company_name missing; used ticker fallback; country unknown
ENT001274,ENXTPA:KER,ENXTPA:KER,ENXTPA:KER,,TRUE,Unknown,Unknown,GSE580_theta_data.csv,2026-05-08,0.80,parent relationships not resolved in v0; company_name missing; used ticker fallback; country unknown
ENT001275,ENXTPA:LR,ENXTPA:LR,ENXTPA:LR,,TRUE,Unknown,Unknown,GSE580_theta_data.csv,2026-05-08,0.80,parent relationships not resolved in v0; company_name missing; used ticker fallback; country unknown
ENT001276,ENXTPA:MC,ENXTPA:MC,ENXTPA:MC,,TRUE,Unknown,Unknown,GSE580_theta_data.csv,2026-05-08,0.80,parent relationships not resolved in v0; company_name missing; used ticker fallback; country unknown
ENT001277,ENXTPA:ML,ENXTPA:ML,ENXTPA:ML,,TRUE,Unknown,Unknown,GSE580_theta_data.csv,2026-05-08,0.80,parent relationships not resolved in v0; company_name missing; used ticker fallback; country unknown
ENT001278,ENXTPA:NEX,ENXTPA:NEX,ENXTPA:NEX,,TRUE,Unknown,Unknown,GSE580_theta_data.csv,2026-05-08,0.80,parent relationships not resolved in v0; company_name missing; used ticker fallback; country unknown
ENT001279,ENXTPA:NK,ENXTPA:NK,ENXTPA:NK,,TRUE,Unknown,Unknown,GSE580_theta_data.csv,2026-05-08,0.80,parent relationships not resolved in v0; company_name missing; used ticker fallback; country unknown
ENT001280,ENXTPA:OR,ENXTPA:OR,ENXTPA:OR,,TRUE,Unknown,Unknown,GSE580_theta_data.csv,2026-05-08,0.80,parent relationships not resolved in v0; company_name missing; used ticker fallback; country unknown
ENT001281,ENXTPA:ORA,ENXTPA:ORA,ENXTPA:ORA,,TRUE,Unknown,Unknown,GSE580_theta_data.csv,2026-05-08,0.80,parent relationships not resolved in v0; company_name missing; used ticker fallback; country unknown
ENT001282,ENXTPA:OVH,ENXTPA:OVH,ENXTPA:OVH,,TRUE,Unknown,Unknown,GSE580_theta_data.csv,2026-05-08,0.80,parent relationships not resolved in v0; company_name missing; used ticker fallback; country unknown
ENT001283,ENXTPA:PIG,ENXTPA:PIG,ENXTPA:PIG,,TRUE,Unknown,Unknown,GSE580_theta_data.csv,2026-05-08,0.80,parent relationships not resolved in v0; company_name missing; used ticker fallback; country unknown
ENT001284,ENXTPA:QDT,ENXTPA:QDT,ENXTPA:QDT,,TRUE,Unknown,Unknown,GSE580_theta_data.csv,2026-05-08,0.80,parent relationships not resolved in v0; company_name missing; used ticker fallback; country unknown
ENT001285,ENXTPA:RCO,ENXTPA:RCO,ENXTPA:R,,TRUE,Unknown,Unknown,GSE580_theta_data.csv,2026-05-08,0.80,parent relationships not resolved in v0; company_name missing; used ticker fallback; country unknown
ENT001286,ENXTPA:RI,ENXTPA:RI,ENXTPA:RI,,TRUE,Unknown,Unknown,GSE580_theta_data.csv,2026-05-08,0.80,parent relationships not resolved in v0; company_name missing; used ticker fallback; country unknown
ENT001287,ENXTPA:RMS,ENXTPA:RMS,ENXTPA:RMS,,TRUE,Unknown,Unknown,GSE580_theta_data.csv,2026-05-08,0.80,parent relationships not resolved in v0; company_name missing; used ticker fallback; country unknown
ENT001288,ENXTPA:RNO,ENXTPA:RNO,ENXTPA:RNO,,TRUE,Unknown,Unknown,GSE580_theta_data.csv,2026-05-08,0.80,parent relationships not resolved in v0; company_name missing; used ticker fallback; country unknown
ENT001289,ENXTPA:RUI,ENXTPA:RUI,ENXTPA:RUI,,TRUE,Unknown,Unknown,GSE580_theta_data.csv,2026-05-08,0.80,parent relationships not resolved in v0; company_name missing; used ticker fallback; country unknown
ENT001290,ENXTPA:RXL,ENXTPA:RXL,ENXTPA:RXL,,TRUE,Unknown,Unknown,GSE580_theta_data.csv,2026-05-08,0.80,parent relationships not resolved in v0; company_name missing; used ticker fallback; country unknown
ENT001291,ENXTPA:SAF,ENXTPA:SAF,ENXTPA:SAF,,TRUE,Unknown,Unknown,GSE580_theta_data.csv,2026-05-08,0.80,parent relationships not resolved in v0; company_name missing; used ticker fallback; country unknown
ENT001292,ENXTPA:SCR,ENXTPA:SCR,ENXTPA:SCR,,TRUE,Unknown,Unknown,GSE580_theta_data.csv,2026-05-08,0.80,parent relationships not resolved in v0; company_name missing; used ticker fallback; country unknown
ENT001293,ENXTPA:SESG,ENXTPA:SESG,ENXTPA:SESG,,TRUE,Unknown,Unknown,GSE580_theta_data.csv,2026-05-08,0.80,parent relationships not resolved in v0; company_name missing; used ticker fallback; country unknown
ENT001294,ENXTPA:SGO,ENXTPA:SGO,ENXTPA:SGO,,TRUE,Unknown,Unknown,GSE580_theta_data.csv,2026-05-08,0.80,parent relationships not resolved in v0; company_name missing; used ticker fallback; country unknown
ENT001295,ENXTPA:SK,ENXTPA:SK,ENXTPA:SK,,TRUE,Unknown,Unknown,GSE580_theta_data.csv,2026-05-08,0.80,parent relationships not resolved in v0; company_name missing; used ticker fallback; country unknown
ENT001296,ENXTPA:SOI,ENXTPA:SOI,ENXTPA:SOI,,TRUE,Unknown,Unknown,GSE580_theta_data.csv,2026-05-08,0.80,parent relationships not resolved in v0; company_name missing; used ticker fallback; country unknown
ENT001297,ENXTPA:SPIE,ENXTPA:SPIE,ENXTPA:SPIE,,TRUE,Unknown,Unknown,GSE580_theta_data.csv,2026-05-08,0.80,parent relationships not resolved in v0; company_name missing; used ticker fallback; country unknown
ENT001298,ENXTPA:SU,ENXTPA:SU,ENXTPA:SU,,TRUE,Unknown,Unknown,GSE580_theta_data.csv,2026-05-08,0.80,parent relationships not resolved in v0; company_name missing; used ticker fallback; country unknown
ENT001299,ENXTPA:SW,ENXTPA:SW,ENXTPA:SW,,TRUE,Unknown,Unknown,GSE580_theta_data.csv,2026-05-08,0.80,parent relationships not resolved in v0; company_name missing; used ticker fallback; country unknown
ENT001300,ENXTPA:TEP,ENXTPA:TEP,ENXTPA:TEP,,TRUE,Unknown,Unknown,GSE580_theta_data.csv,2026-05-08,0.80,parent relationships not resolved in v0; company_name missing; used ticker fallback; country unknown
ENT001301,ENXTPA:TKO,ENXTPA:TKO,ENXTPA:TKO,,TRUE,Unknown,Unknown,GSE580_theta_data.csv,2026-05-08,0.80,parent relationships not resolved in v0; company_name missing; used ticker fallback; country unknown
ENT001302,ENXTPA:TRI,ENXTPA:TRI,ENXTPA:TRI,,TRUE,Unknown,Unknown,GSE580_theta_data.csv,2026-05-08,0.80,parent relationships not resolved in v0; company_name missing; used ticker fallback; country unknown
ENT001303,ENXTPA:TTE,ENXTPA:TTE,ENXTPA:TTE,,TRUE,Unknown,Unknown,GSE580_theta_data.csv,2026-05-08,0.80,parent relationships not resolved in v0; company_name missing; used ticker fallback; country unknown
ENT001304,ENXTPA:UBI,ENXTPA:UBI,ENXTPA:UBI,,TRUE,Unknown,Unknown,GSE580_theta_data.csv,2026-05-08,0.80,parent relationships not resolved in v0; company_name missing; used ticker fallback; country unknown
ENT001305,ENXTPA:URW,ENXTPA:URW,ENXTPA:URW,,TRUE,Unknown,Unknown,GSE580_theta_data.csv,2026-05-08,0.80,parent relationships not resolved in v0; company_name missing; used ticker fallback; country unknown
ENT001306,ENXTPA:VETO,ENXTPA:VETO,ENXTPA:VETO,,TRUE,Unknown,Unknown,GSE580_theta_data.csv,2026-05-08,0.80,parent relationships not resolved in v0; company_name missing; used ticker fallback; country unknown
ENT001307,ENXTPA:VIE,ENXTPA:VIE,ENXTPA:VIE,,TRUE,Unknown,Unknown,GSE580_theta_data.csv,2026-05-08,0.80,parent relationships not resolved in v0; company_name missing; used ticker fallback; country unknown
ENT001308,ENXTPA:VIRP,ENXTPA:VIRP,ENXTPA:VIRP,,TRUE,Unknown,Unknown,GSE580_theta_data.csv,2026-05-08,0.80,parent relationships not resolved in v0; company_name missing; used ticker fallback; country unknown
ENT001309,ENXTPA:VIV,ENXTPA:VIV,ENXTPA:VIV,,TRUE,Unknown,Unknown,GSE580_theta_data.csv,2026-05-08,0.80,parent relationships not resolved in v0; company_name missing; used ticker fallback; country unknown
ENT001310,ENXTPA:VK,ENXTPA:VK,ENXTPA:VK,,TRUE,Unknown,Unknown,GSE580_theta_data.csv,2026-05-08,0.80,parent relationships not resolved in v0; company_name missing; used ticker fallback; country unknown
ENT001311,ENXTPA:VRLA,ENXTPA:VRLA,ENXTPA:VRLA,,TRUE,Unknown,Unknown,GSE580_theta_data.csv,2026-05-08,0.80,parent relationships not resolved in v0; company_name missing; used ticker fallback; country unknown
ENT001312,ENXTPA:WLN,ENXTPA:WLN,ENXTPA:WLN,,TRUE,Unknown,Unknown,GSE580_theta_data.csv,2026-05-08,0.80,parent relationships not resolved in v0; company_name missing; used ticker fallback; country unknown
ENT001313,EOLS,EOLS,EOLS,,TRUE,Unknown,Unknown,GSE580_theta_data.csv,2026-05-08,0.80,parent relationships not resolved in v0; company_name missing; used ticker fallback; country unknown
ENT001314,EOSE,EOSE,EOSE,,TRUE,United States,North America,GSE580_theta_data.csv,2026-05-08,0.80,parent relationships not resolved in v0; company_name missing; used ticker fallback
ENT001315,EPAC,EPAC,EPAC,,TRUE,Unknown,Unknown,GSE580_theta_data.csv,2026-05-08,0.80,parent relationships not resolved in v0; company_name missing; used ticker fallback; country unknown
ENT001316,EPAM,EPAM,EPAM,,TRUE,Unknown,Unknown,GSE580_theta_data.csv,2026-05-08,0.80,parent relationships not resolved in v0; company_name missing; used ticker fallback; country unknown
ENT001317,EPC,EPC,EPC,,TRUE,Unknown,Unknown,GSE580_theta_data.csv,2026-05-08,0.80,parent relationships not resolved in v0; company_name missing; used ticker fallback; country unknown
ENT001318,EPD,EPD,EPD,,TRUE,Unknown,Unknown,GSE580_theta_data.csv,2026-05-08,0.80,parent relationships not resolved in v0; company_name missing; used ticker fallback; country unknown
ENT001319,EPR,EPR,EPR,,TRUE,Unknown,Unknown,GSE580_theta_data.csv,2026-05-08,0.80,parent relationships not resolved in v0; company_name missing; used ticker fallback; country unknown
ENT001320,EPRT,EPRT,EPRT,,TRUE,Unknown,Unknown,GSE580_theta_data.csv,2026-05-08,0.80,parent relationships not resolved in v0; company_name missing; used ticker fallback; country unknown
ENT001321,EQH,EQH,EQH,,TRUE,Unknown,Unknown,GSE580_theta_data.csv,2026-05-08,0.80,parent relationships not resolved in v0; company_name missing; used ticker fallback; country unknown
ENT001322,EQIX,EQIX,EQIX,,TRUE,Unknown,Unknown,GSE580_theta_data.csv,2026-05-08,0.80,parent relationships not resolved in v0; company_name missing; used ticker fallback; country unknown
ENT001323,EQR,EQR,EQR,,TRUE,Unknown,Unknown,GSE580_theta_data.csv,2026-05-08,0.80,parent relationships not resolved in v0; company_name missing; used ticker fallback; country unknown
ENT001324,ERIC,ERIC,ERIC,,TRUE,Unknown,Unknown,GSE580_theta_data.csv,2026-05-08,0.80,parent relationships not resolved in v0; company_name missing; used ticker fallback; country unknown
ENT001325,ERIE,ERIE,ERIE,,TRUE,United States,North America,GSE580_theta_data.csv,2026-05-08,0.80,parent relationships not resolved in v0; company_name missing; used ticker fallback
ENT001326,ERII,ERII,ERII,,TRUE,Unknown,Unknown,GSE580_theta_data.csv,2026-05-08,0.80,parent relationships not resolved in v0; company_name missing; used ticker fallback; country unknown
ENT001327,ES,ES,ES,,TRUE,Unknown,Unknown,GSE580_theta_data.csv,2026-05-08,0.80,parent relationships not resolved in v0; company_name missing; used ticker fallback; country unknown
ENT001328,ESAB,ESAB,ESAB,,TRUE,Unknown,Unknown,GSE580_theta_data.csv,2026-05-08,0.80,parent relationships not resolved in v0; company_name missing; used ticker fallback; country unknown
ENT001329,ESBA,ESBA,ESBA,,TRUE,Unknown,Unknown,GSE580_theta_data.csv,2026-05-08,0.80,parent relationships not resolved in v0; company_name missing; used ticker fallback; country unknown
ENT001330,ESCA,ESCA,ESCA,,TRUE,Unknown,Unknown,GSE580_theta_data.csv,2026-05-08,0.80,parent relationships not resolved in v0; company_name missing; used ticker fallback; country unknown
ENT001331,ESE,ESE,ESE,,TRUE,Unknown,Unknown,GSE580_theta_data.csv,2026-05-08,0.80,parent relationships not resolved in v0; company_name missing; used ticker fallback; country unknown
ENT001332,ESEA,ESEA,ESEA,,TRUE,Unknown,Unknown,GSE580_theta_data.csv,2026-05-08,0.80,parent relationships not resolved in v0; company_name missing; used ticker fallback; country unknown
ENT001333,ESGH,ESGH,ESGH,,TRUE,Unknown,Unknown,GSE580_theta_data.csv,2026-05-08,0.80,parent relationships not resolved in v0; company_name missing; used ticker fallback; country unknown
ENT001334,ESGL,ESGL,ESGL,,TRUE,Unknown,Unknown,GSE580_theta_data.csv,2026-05-08,0.80,parent relationships not resolved in v0; company_name missing; used ticker fallback; country unknown
ENT001335,ESI,ESI,ESI,,TRUE,Unknown,Unknown,GSE580_theta_data.csv,2026-05-08,0.80,parent relationships not resolved in v0; company_name missing; used ticker fallback; country unknown
ENT001336,ESLT,ESLT,ESLT,,TRUE,Unknown,Unknown,GSE580_theta_data.csv,2026-05-08,0.80,parent relationships not resolved in v0; company_name missing; used ticker fallback; country unknown
ENT001337,ESNT,ESNT,ESNT,,TRUE,United States,North America,GSE580_theta_data.csv,2026-05-08,0.80,parent relationships not resolved in v0; company_name missing; used ticker fallback
ENT001338,ESOA,ESOA,ESOA,,TRUE,Unknown,Unknown,GSE580_theta_data.csv,2026-05-08,0.80,parent relationships not resolved in v0; company_name missing; used ticker fallback; country unknown
ENT001339,ESP,ESP,ESP,,TRUE,Unknown,Unknown,GSE580_theta_data.csv,2026-05-08,0.80,parent relationships not resolved in v0; company_name missing; used ticker fallback; country unknown
ENT001340,ESPR,ESPR,ESPR,,TRUE,Unknown,Unknown,GSE580_theta_data.csv,2026-05-08,0.80,parent relationships not resolved in v0; company_name missing; used ticker fallback; country unknown
ENT001341,ESQ,ESQ,ESQ,,TRUE,Unknown,Unknown,GSE580_theta_data.csv,2026-05-08,0.80,parent relationships not resolved in v0; company_name missing; used ticker fallback; country unknown
ENT001342,ESRT,ESRT,ESRT,,TRUE,Unknown,Unknown,GSE580_theta_data.csv,2026-05-08,0.80,parent relationships not resolved in v0; company_name missing; used ticker fallback; country unknown
ENT001343,ESS,ESS,ESS,,TRUE,Unknown,Unknown,GSE580_theta_data.csv,2026-05-08,0.80,parent relationships not resolved in v0; company_name missing; used ticker fallback; country unknown
ENT001344,ESTA,ESTA,ESTA,,TRUE,Unknown,Unknown,GSE580_theta_data.csv,2026-05-08,0.80,parent relationships not resolved in v0; company_name missing; used ticker fallback; country unknown
ENT001345,ESTC,ESTC,ESTC,,TRUE,Unknown,Unknown,GSE580_theta_data.csv,2026-05-08,0.80,parent relationships not resolved in v0; company_name missing; used ticker fallback; country unknown
ENT001346,ET,ET,ET,,TRUE,Unknown,Unknown,GSE580_theta_data.csv,2026-05-08,0.80,parent relationships not resolved in v0; company_name missing; used ticker fallback; country unknown
ENT001347,ETD,ETD,ETD,,TRUE,Unknown,Unknown,GSE580_theta_data.csv,2026-05-08,0.80,parent relationships not resolved in v0; company_name missing; used ticker fallback; country unknown
ENT001348,ETHM,ETHM,ETHM,,TRUE,Unknown,Unknown,GSE580_theta_data.csv,2026-05-08,0.80,parent relationships not resolved in v0; company_name missing; used ticker fallback; country unknown
ENT001349,ETN,ETN,ETN,,TRUE,Unknown,Unknown,GSE580_theta_data.csv,2026-05-08,0.80,parent relationships not resolved in v0; company_name missing; used ticker fallback; country unknown
ENT001350,ETON,ETON,ETON,,TRUE,United States,North America,GSE580_theta_data.csv,2026-05-08,0.80,parent relationships not resolved in v0; company_name missing; used ticker fallback
ENT001351,ETOR,ETOR,ETOR,,TRUE,Unknown,Unknown,GSE580_theta_data.csv,2026-05-08,0.80,parent relationships not resolved in v0; company_name missing; used ticker fallback; country unknown
ENT001352,ETR,ETR,ETR,,TRUE,Unknown,Unknown,GSE580_theta_data.csv,2026-05-08,0.80,parent relationships not resolved in v0; company_name missing; used ticker fallback; country unknown
ENT001353,ETSY,ETSY,ETSY,,TRUE,Unknown,Unknown,GSE580_theta_data.csv,2026-05-08,0.80,parent relationships not resolved in v0; company_name missing; used ticker fallback; country unknown
ENT001354,EUDA,EUDA,EUDA,,TRUE,Unknown,Unknown,GSE580_theta_data.csv,2026-05-08,0.80,parent relationships not resolved in v0; company_name missing; used ticker fallback; country unknown
ENT001355,EVC,EVC,EVC,,TRUE,Unknown,Unknown,GSE580_theta_data.csv,2026-05-08,0.80,parent relationships not resolved in v0; company_name missing; used ticker fallback; country unknown
ENT001356,EVCM,EVCM,EVCM,,TRUE,United States,North America,GSE580_theta_data.csv,2026-05-08,0.80,parent relationships not resolved in v0; company_name missing; used ticker fallback
ENT001357,EVER,EVER,EVER,,TRUE,Unknown,Unknown,GSE580_theta_data.csv,2026-05-08,0.80,parent relationships not resolved in v0; company_name missing; used ticker fallback; country unknown
ENT001358,EVEX,EVEX,EVEX,,TRUE,Unknown,Unknown,GSE580_theta_data.csv,2026-05-08,0.80,parent relationships not resolved in v0; company_name missing; used ticker fallback; country unknown
ENT001359,EVGO,EVGO,EVGO,,TRUE,Unknown,Unknown,GSE580_theta_data.csv,2026-05-08,0.80,parent relationships not resolved in v0; company_name missing; used ticker fallback; country unknown
ENT001360,EVH,EVH,EVH,,TRUE,Unknown,Unknown,GSE580_theta_data.csv,2026-05-08,0.80,parent relationships not resolved in v0; company_name missing; used ticker fallback; country unknown
ENT001361,EVI,EVI,EVI,,TRUE,Unknown,Unknown,GSE580_theta_data.csv,2026-05-08,0.80,parent relationships not resolved in v0; company_name missing; used ticker fallback; country unknown
ENT001362,EVLV,EVLV,EVLV,,TRUE,United States,North America,GSE580_theta_data.csv,2026-05-08,0.80,parent relationships not resolved in v0; company_name missing; used ticker fallback
ENT001363,EVO,EVO,EVO,,TRUE,Unknown,Unknown,GSE580_theta_data.csv,2026-05-08,0.80,parent relationships not resolved in v0; company_name missing; used ticker fallback; country unknown
ENT001364,EVR,EVR,EVR,,TRUE,Unknown,Unknown,GSE580_theta_data.csv,2026-05-08,0.80,parent relationships not resolved in v0; company_name missing; used ticker fallback; country unknown
ENT001365,EVRG,EVRG,EVRG,,TRUE,Unknown,Unknown,GSE580_theta_data.csv,2026-05-08,0.80,parent relationships not resolved in v0; company_name missing; used ticker fallback; country unknown
ENT001366,EVTC,EVTC,EVTC,,TRUE,Unknown,Unknown,GSE580_theta_data.csv,2026-05-08,0.80,parent relationships not resolved in v0; company_name missing; used ticker fallback; country unknown
ENT001367,EVTL,EVTL,EVTL,,TRUE,Unknown,Unknown,GSE580_theta_data.csv,2026-05-08,0.80,parent relationships not resolved in v0; company_name missing; used ticker fallback; country unknown
ENT001368,EW,EW,EW,,TRUE,Unknown,Unknown,GSE580_theta_data.csv,2026-05-08,0.80,parent relationships not resolved in v0; company_name missing; used ticker fallback; country unknown
ENT001369,EWCZ,EWCZ,EWCZ,,TRUE,Unknown,Unknown,GSE580_theta_data.csv,2026-05-08,0.80,parent relationships not resolved in v0; company_name missing; used ticker fallback; country unknown
ENT001370,EWTX,EWTX,EWTX,,TRUE,United States,North America,GSE580_theta_data.csv,2026-05-08,0.80,parent relationships not resolved in v0; company_name missing; used ticker fallback
ENT001371,EXC,EXC,EXC,,TRUE,Unknown,Unknown,GSE580_theta_data.csv,2026-05-08,0.80,parent relationships not resolved in v0; company_name missing; used ticker fallback; country unknown
ENT001372,EXFY,EXFY,EXFY,,TRUE,Unknown,Unknown,GSE580_theta_data.csv,2026-05-08,0.80,parent relationships not resolved in v0; company_name missing; used ticker fallback; country unknown
ENT001373,EXLS,EXLS,EXLS,,TRUE,Unknown,Unknown,GSE580_theta_data.csv,2026-05-08,0.80,parent relationships not resolved in v0; company_name missing; used ticker fallback; country unknown
ENT001374,EXOD,EXOD,EXOD,,TRUE,Unknown,Unknown,GSE580_theta_data.csv,2026-05-08,0.80,parent relationships not resolved in v0; company_name missing; used ticker fallback; country unknown
ENT001375,EXP,EXP,EXP,,TRUE,Unknown,Unknown,GSE580_theta_data.csv,2026-05-08,0.80,parent relationships not resolved in v0; company_name missing; used ticker fallback; country unknown
ENT001376,EXPD,EXPD,EXPD,,TRUE,Unknown,Unknown,GSE580_theta_data.csv,2026-05-08,0.80,parent relationships not resolved in v0; company_name missing; used ticker fallback; country unknown
ENT001377,EXPE,EXPE,EXPE,,TRUE,Unknown,Unknown,GSE580_theta_data.csv,2026-05-08,0.80,parent relationships not resolved in v0; company_name missing; used ticker fallback; country unknown
ENT001378,EXPI,EXPI,EXPI,,TRUE,Unknown,Unknown,GSE580_theta_data.csv,2026-05-08,0.80,parent relationships not resolved in v0; company_name missing; used ticker fallback; country unknown
ENT001379,EXPO,EXPO,EXPO,,TRUE,Unknown,Unknown,GSE580_theta_data.csv,2026-05-08,0.80,parent relationships not resolved in v0; company_name missing; used ticker fallback; country unknown
ENT001380,EXR,EXR,EXR,,TRUE,United States,North America,GSE580_theta_data.csv,2026-05-08,0.80,parent relationships not resolved in v0; company_name missing; used ticker fallback
ENT001381,EXTR,EXTR,EXTR,,TRUE,Unknown,Unknown,GSE580_theta_data.csv,2026-05-08,0.80,parent relationships not resolved in v0; company_name missing; used ticker fallback; country unknown
ENT001382,EYE,EYE,EYE,,TRUE,Unknown,Unknown,GSE580_theta_data.csv,2026-05-08,0.80,parent relationships not resolved in v0; company_name missing; used ticker fallback; country unknown
ENT001383,EYPT,EYPT,EYPT,,TRUE,Unknown,Unknown,GSE580_theta_data.csv,2026-05-08,0.80,parent relationships not resolved in v0; company_name missing; used ticker fallback; country unknown
ENT001384,EZPW,EZPW,EZPW,,TRUE,Unknown,Unknown,GSE580_theta_data.csv,2026-05-08,0.80,parent relationships not resolved in v0; company_name missing; used ticker fallback; country unknown
ENT001385,F,F,F,,TRUE,Unknown,Unknown,GSE580_theta_data.csv,2026-05-08,0.80,parent relationships not resolved in v0; company_name missing; used ticker fallback; country unknown
ENT001386,FA,FA,FA,,TRUE,United States,North America,GSE580_theta_data.csv,2026-05-08,0.80,parent relationships not resolved in v0; company_name missing; used ticker fallback
ENT001387,FACO,FACO,FA,,TRUE,Unknown,Unknown,GSE580_theta_data.csv,2026-05-08,0.80,parent relationships not resolved in v0; company_name missing; used ticker fallback; country unknown
ENT001388,FAF,FAF,FAF,,TRUE,Unknown,Unknown,GSE580_theta_data.csv,2026-05-08,0.80,parent relationships not resolved in v0; company_name missing; used ticker fallback; country unknown
ENT001389,FAST,FAST,FAST,,TRUE,Unknown,Unknown,GSE580_theta_data.csv,2026-05-08,0.80,parent relationships not resolved in v0; company_name missing; used ticker fallback; country unknown
ENT001390,FBIN,FBIN,FBIN,,TRUE,Unknown,Unknown,GSE580_theta_data.csv,2026-05-08,0.80,parent relationships not resolved in v0; company_name missing; used ticker fallback; country unknown
ENT001391,FBRT,FBRT,FBRT,,TRUE,Unknown,Unknown,GSE580_theta_data.csv,2026-05-08,0.80,parent relationships not resolved in v0; company_name missing; used ticker fallback; country unknown
ENT001392,FBYD,FBYD,FBYD,,TRUE,Unknown,Unknown,GSE580_theta_data.csv,2026-05-08,0.80,parent relationships not resolved in v0; company_name missing; used ticker fallback; country unknown
ENT001393,FC,FC,FC,,TRUE,Unknown,Unknown,GSE580_theta_data.csv,2026-05-08,0.80,parent relationships not resolved in v0; company_name missing; used ticker fallback; country unknown
ENT001394,FCCN,FCCN,FCCN,,TRUE,Unknown,Unknown,GSE580_theta_data.csv,2026-05-08,0.80,parent relationships not resolved in v0; company_name missing; used ticker fallback; country unknown
ENT001395,FCEL,FCEL,FCEL,,TRUE,Unknown,Unknown,GSE580_theta_data.csv,2026-05-08,0.80,parent relationships not resolved in v0; company_name missing; used ticker fallback; country unknown
ENT001396,FCFS,FCFS,FCFS,,TRUE,Unknown,Unknown,GSE580_theta_data.csv,2026-05-08,0.80,parent relationships not resolved in v0; company_name missing; used ticker fallback; country unknown
ENT001397,FCN,FCN,FCN,,TRUE,Unknown,Unknown,GSE580_theta_data.csv,2026-05-08,0.80,parent relationships not resolved in v0; company_name missing; used ticker fallback; country unknown
ENT001398,FCNC.A,FCNC.A,FCNC.A,,TRUE,Unknown,Unknown,GSE580_theta_data.csv,2026-05-08,0.80,parent relationships not resolved in v0; company_name missing; used ticker fallback; country unknown
ENT001399,FCPT,FCPT,FCPT,,TRUE,Unknown,Unknown,GSE580_theta_data.csv,2026-05-08,0.80,parent relationships not resolved in v0; company_name missing; used ticker fallback; country unknown
ENT001400,FCX,FCX,FCX,,TRUE,Unknown,Unknown,GSE580_theta_data.csv,2026-05-08,0.80,parent relationships not resolved in v0; company_name missing; used ticker fallback; country unknown
ENT001401,FDP,FDP,FDP,,TRUE,Unknown,Unknown,GSE580_theta_data.csv,2026-05-08,0.80,parent relationships not resolved in v0; company_name missing; used ticker fallback; country unknown
ENT001402,FDS,FDS,FDS,,TRUE,Unknown,Unknown,GSE580_theta_data.csv,2026-05-08,0.80,parent relationships not resolved in v0; company_name missing; used ticker fallback; country unknown
ENT001403,FDX,FDX,FDX,,TRUE,Unknown,Unknown,GSE580_theta_data.csv,2026-05-08,0.80,parent relationships not resolved in v0; company_name missing; used ticker fallback; country unknown
ENT001404,FE,FE,FE,,TRUE,Unknown,Unknown,GSE580_theta_data.csv,2026-05-08,0.80,parent relationships not resolved in v0; company_name missing; used ticker fallback; country unknown
ENT001405,FEIM,FEIM,FEIM,,TRUE,Unknown,Unknown,GSE580_theta_data.csv,2026-05-08,0.80,parent relationships not resolved in v0; company_name missing; used ticker fallback; country unknown
ENT001406,FELE,FELE,FELE,,TRUE,Unknown,Unknown,GSE580_theta_data.csv,2026-05-08,0.80,parent relationships not resolved in v0; company_name missing; used ticker fallback; country unknown
ENT001407,FER,FER,FER,,TRUE,Unknown,Unknown,GSE580_theta_data.csv,2026-05-08,0.80,parent relationships not resolved in v0; company_name missing; used ticker fallback; country unknown
ENT001408,FERG,FERG,FERG,,TRUE,Unknown,Unknown,GSE580_theta_data.csv,2026-05-08,0.80,parent relationships not resolved in v0; company_name missing; used ticker fallback; country unknown
ENT001409,FET,FET,FET,,TRUE,Unknown,Unknown,GSE580_theta_data.csv,2026-05-08,0.80,parent relationships not resolved in v0; company_name missing; used ticker fallback; country unknown
ENT001410,FFAI,FFAI,FFAI,,TRUE,Unknown,Unknown,GSE580_theta_data.csv,2026-05-08,0.80,parent relationships not resolved in v0; company_name missing; used ticker fallback; country unknown
ENT001411,FFIV,FFIV,FFIV,,TRUE,Unknown,Unknown,GSE580_theta_data.csv,2026-05-08,0.80,parent relationships not resolved in v0; company_name missing; used ticker fallback; country unknown
ENT001412,FFXX.F,FFXX.F,FFXX.F,,TRUE,Unknown,Unknown,GSE580_theta_data.csv,2026-05-08,0.80,parent relationships not resolved in v0; company_name missing; used ticker fallback; country unknown
ENT001413,FG,FG,FG,,TRUE,Unknown,Unknown,GSE580_theta_data.csv,2026-05-08,0.80,parent relationships not resolved in v0; company_name missing; used ticker fallback; country unknown
ENT001414,FGNX,FGNX,FGNX,,TRUE,Unknown,Unknown,GSE580_theta_data.csv,2026-05-08,0.80,parent relationships not resolved in v0; company_name missing; used ticker fallback; country unknown
ENT001415,FHI,FHI,FHI,,TRUE,Unknown,Unknown,GSE580_theta_data.csv,2026-05-08,0.80,parent relationships not resolved in v0; company_name missing; used ticker fallback; country unknown
ENT001416,FHN,FHN,FHN,,TRUE,Unknown,Unknown,GSE580_theta_data.csv,2026-05-08,0.80,parent relationships not resolved in v0; company_name missing; used ticker fallback; country unknown
ENT001417,FICO,FICO,FI,,TRUE,Unknown,Unknown,GSE580_theta_data.csv,2026-05-08,0.80,parent relationships not resolved in v0; company_name missing; used ticker fallback; country unknown
ENT001418,FIG,FIG,FIG,,TRUE,Unknown,Unknown,GSE580_theta_data.csv,2026-05-08,0.80,parent relationships not resolved in v0; company_name missing; used ticker fallback; country unknown
ENT001419,FIGR,FIGR,FIGR,,TRUE,Unknown,Unknown,GSE580_theta_data.csv,2026-05-08,0.80,parent relationships not resolved in v0; company_name missing; used ticker fallback; country unknown
ENT001420,FIGS,FIGS,FIGS,,TRUE,Unknown,Unknown,GSE580_theta_data.csv,2026-05-08,0.80,parent relationships not resolved in v0; company_name missing; used ticker fallback; country unknown
ENT001421,FIHL,FIHL,FIHL,,TRUE,Unknown,Unknown,GSE580_theta_data.csv,2026-05-08,0.80,parent relationships not resolved in v0; company_name missing; used ticker fallback; country unknown
ENT001422,FINV,FINV,FINV,,TRUE,Unknown,Unknown,GSE580_theta_data.csv,2026-05-08,0.80,parent relationships not resolved in v0; company_name missing; used ticker fallback; country unknown
ENT001423,FINW,FINW,FINW,,TRUE,Unknown,Unknown,GSE580_theta_data.csv,2026-05-08,0.80,parent relationships not resolved in v0; company_name missing; used ticker fallback; country unknown
ENT001424,FIP,FIP,FIP,,TRUE,Unknown,Unknown,GSE580_theta_data.csv,2026-05-08,0.80,parent relationships not resolved in v0; company_name missing; used ticker fallback; country unknown
ENT001425,FIS,FIS,FIS,,TRUE,United States,North America,GSE580_theta_data.csv,2026-05-08,0.80,parent relationships not resolved in v0; company_name missing; used ticker fallback
ENT001426,FISV,FISV,FISV,,TRUE,Unknown,Unknown,GSE580_theta_data.csv,2026-05-08,0.80,parent relationships not resolved in v0; company_name missing; used ticker fallback; country unknown
ENT001427,FITB,FITB,FITB,,TRUE,Unknown,Unknown,GSE580_theta_data.csv,2026-05-08,0.80,parent relationships not resolved in v0; company_name missing; used ticker fallback; country unknown
ENT001428,FIVE,FIVE,FIVE,,TRUE,Unknown,Unknown,GSE580_theta_data.csv,2026-05-08,0.80,parent relationships not resolved in v0; company_name missing; used ticker fallback; country unknown
ENT001429,FIVN,FIVN,FIVN,,TRUE,United States,North America,GSE580_theta_data.csv,2026-05-08,0.80,parent relationships not resolved in v0; company_name missing; used ticker fallback
ENT001430,FIX,FIX,FIX,,TRUE,Unknown,Unknown,GSE580_theta_data.csv,2026-05-08,0.80,parent relationships not resolved in v0; company_name missing; used ticker fallback; country unknown
ENT001431,FIZZ,FIZZ,FIZZ,,TRUE,Unknown,Unknown,GSE580_theta_data.csv,2026-05-08,0.80,parent relationships not resolved in v0; company_name missing; used ticker fallback; country unknown
ENT001432,FLD,FLD,FLD,,TRUE,Unknown,Unknown,GSE580_theta_data.csv,2026-05-08,0.80,parent relationships not resolved in v0; company_name missing; used ticker fallback; country unknown
ENT001433,FLEX,FLEX,FLEX,,TRUE,Unknown,Unknown,GSE580_theta_data.csv,2026-05-08,0.80,parent relationships not resolved in v0; company_name missing; used ticker fallback; country unknown
ENT001434,FLG,FLG,FLG,,TRUE,Unknown,Unknown,GSE580_theta_data.csv,2026-05-08,0.80,parent relationships not resolved in v0; company_name missing; used ticker fallback; country unknown
ENT001435,FLGT,FLGT,FLGT,,TRUE,Unknown,Unknown,GSE580_theta_data.csv,2026-05-08,0.80,parent relationships not resolved in v0; company_name missing; used ticker fallback; country unknown
ENT001436,FLNC,FLNC,FLNC,,TRUE,Unknown,Unknown,GSE580_theta_data.csv,2026-05-08,0.80,parent relationships not resolved in v0; company_name missing; used ticker fallback; country unknown
ENT001437,FLNG,FLNG,FLNG,,TRUE,Unknown,Unknown,GSE580_theta_data.csv,2026-05-08,0.80,parent relationships not resolved in v0; company_name missing; used ticker fallback; country unknown
ENT001438,FLO,FLO,FLO,,TRUE,Unknown,Unknown,GSE580_theta_data.csv,2026-05-08,0.80,parent relationships not resolved in v0; company_name missing; used ticker fallback; country unknown
ENT001439,FLOC,FLOC,FLOC,,TRUE,Unknown,Unknown,GSE580_theta_data.csv,2026-05-08,0.80,parent relationships not resolved in v0; company_name missing; used ticker fallback; country unknown
ENT001440,FLR,FLR,FLR,,TRUE,Unknown,Unknown,GSE580_theta_data.csv,2026-05-08,0.80,parent relationships not resolved in v0; company_name missing; used ticker fallback; country unknown
ENT001441,FLS,FLS,FLS,,TRUE,Unknown,Unknown,GSE580_theta_data.csv,2026-05-08,0.80,parent relationships not resolved in v0; company_name missing; used ticker fallback; country unknown
ENT001442,FLUT,FLUT,FLUT,,TRUE,Unknown,Unknown,GSE580_theta_data.csv,2026-05-08,0.80,parent relationships not resolved in v0; company_name missing; used ticker fallback; country unknown
ENT001443,FLWS,FLWS,FLWS,,TRUE,Unknown,Unknown,GSE580_theta_data.csv,2026-05-08,0.80,parent relationships not resolved in v0; company_name missing; used ticker fallback; country unknown
ENT001444,FLX,FLX,FLX,,TRUE,Unknown,Unknown,GSE580_theta_data.csv,2026-05-08,0.80,parent relationships not resolved in v0; company_name missing; used ticker fallback; country unknown
ENT001445,FLXS,FLXS,FLXS,,TRUE,Unknown,Unknown,GSE580_theta_data.csv,2026-05-08,0.80,parent relationships not resolved in v0; company_name missing; used ticker fallback; country unknown
ENT001446,FLY,FLY,FLY,,TRUE,Unknown,Unknown,GSE580_theta_data.csv,2026-05-08,0.80,parent relationships not resolved in v0; company_name missing; used ticker fallback; country unknown
ENT001447,FLYW,FLYW,FLYW,,TRUE,Unknown,Unknown,GSE580_theta_data.csv,2026-05-08,0.80,parent relationships not resolved in v0; company_name missing; used ticker fallback; country unknown
ENT001448,FLYX,FLYX,FLYX,,TRUE,Unknown,Unknown,GSE580_theta_data.csv,2026-05-08,0.80,parent relationships not resolved in v0; company_name missing; used ticker fallback; country unknown
ENT001449,FMC,FMC,FMC,,TRUE,Unknown,Unknown,GSE580_theta_data.csv,2026-05-08,0.80,parent relationships not resolved in v0; company_name missing; used ticker fallback; country unknown
ENT001450,FMCC,FMCC,FMCC,,TRUE,Unknown,Unknown,GSE580_theta_data.csv,2026-05-08,0.80,parent relationships not resolved in v0; company_name missing; used ticker fallback; country unknown
ENT001451,FMS,FMS,FMS,,TRUE,Unknown,Unknown,GSE580_theta_data.csv,2026-05-08,0.80,parent relationships not resolved in v0; company_name missing; used ticker fallback; country unknown
ENT001452,FMX,FMX,FMX,,TRUE,Unknown,Unknown,GSE580_theta_data.csv,2026-05-08,0.80,parent relationships not resolved in v0; company_name missing; used ticker fallback; country unknown
ENT001453,FN,FN,FN,,TRUE,Unknown,Unknown,GSE580_theta_data.csv,2026-05-08,0.80,parent relationships not resolved in v0; company_name missing; used ticker fallback; country unknown
ENT001454,FNB,FNB,FNB,,TRUE,Unknown,Unknown,GSE580_theta_data.csv,2026-05-08,0.80,parent relationships not resolved in v0; company_name missing; used ticker fallback; country unknown
ENT001455,FNBT,FNBT,FNBT,,TRUE,Unknown,Unknown,GSE580_theta_data.csv,2026-05-08,0.80,parent relationships not resolved in v0; company_name missing; used ticker fallback; country unknown
ENT001456,FND,FND,FND,,TRUE,Unknown,Unknown,GSE580_theta_data.csv,2026-05-08,0.80,parent relationships not resolved in v0; company_name missing; used ticker fallback; country unknown
ENT001457,FNF,FNF,FNF,,TRUE,Unknown,Unknown,GSE580_theta_data.csv,2026-05-08,0.80,parent relationships not resolved in v0; company_name missing; used ticker fallback; country unknown
ENT001458,FNKO,FNKO,FNKO,,TRUE,Unknown,Unknown,GSE580_theta_data.csv,2026-05-08,0.80,parent relationships not resolved in v0; company_name missing; used ticker fallback; country unknown
ENT001459,FNMA,FNMA,FNMA,,TRUE,Unknown,Unknown,GSE580_theta_data.csv,2026-05-08,0.80,parent relationships not resolved in v0; company_name missing; used ticker fallback; country unknown
ENT001460,FNWD,FNWD,FNWD,,TRUE,Unknown,Unknown,GSE580_theta_data.csv,2026-05-08,0.80,parent relationships not resolved in v0; company_name missing; used ticker fallback; country unknown
ENT001461,FOA,FOA,FOA,,TRUE,Unknown,Unknown,GSE580_theta_data.csv,2026-05-08,0.80,parent relationships not resolved in v0; company_name missing; used ticker fallback; country unknown
ENT001462,FOR,FOR,FOR,,TRUE,Unknown,Unknown,GSE580_theta_data.csv,2026-05-08,0.80,parent relationships not resolved in v0; company_name missing; used ticker fallback; country unknown
ENT001463,FORM,FORM,FORM,,TRUE,Unknown,Unknown,GSE580_theta_data.csv,2026-05-08,0.80,parent relationships not resolved in v0; company_name missing; used ticker fallback; country unknown
ENT001464,FORR,FORR,FORR,,TRUE,Unknown,Unknown,GSE580_theta_data.csv,2026-05-08,0.80,parent relationships not resolved in v0; company_name missing; used ticker fallback; country unknown
ENT001465,FORT.Y,FORT.Y,FORT.Y,,TRUE,Unknown,Unknown,GSE580_theta_data.csv,2026-05-08,0.80,parent relationships not resolved in v0; company_name missing; used ticker fallback; country unknown
ENT001466,FOSL,FOSL,FOSL,,TRUE,Unknown,Unknown,GSE580_theta_data.csv,2026-05-08,0.80,parent relationships not resolved in v0; company_name missing; used ticker fallback; country unknown
ENT001467,FOUR,FOUR,FOUR,,TRUE,Unknown,Unknown,GSE580_theta_data.csv,2026-05-08,0.80,parent relationships not resolved in v0; company_name missing; used ticker fallback; country unknown
ENT001468,FOX,FOX,FOX,,TRUE,United States,North America,GSE580_theta_data.csv,2026-05-08,0.80,parent relationships not resolved in v0; company_name missing; used ticker fallback
ENT001469,FOXA,FOXA,FOXA,,TRUE,United States,North America,GSE580_theta_data.csv,2026-05-08,0.80,parent relationships not resolved in v0; company_name missing; used ticker fallback
ENT001470,FOXF,FOXF,FOXF,,TRUE,Unknown,Unknown,GSE580_theta_data.csv,2026-05-08,0.80,parent relationships not resolved in v0; company_name missing; used ticker fallback; country unknown
ENT001471,FPH,FPH,FPH,,TRUE,Unknown,Unknown,GSE580_theta_data.csv,2026-05-08,0.80,parent relationships not resolved in v0; company_name missing; used ticker fallback; country unknown
ENT001472,FPI,FPI,FPI,,TRUE,Unknown,Unknown,GSE580_theta_data.csv,2026-05-08,0.80,parent relationships not resolved in v0; company_name missing; used ticker fallback; country unknown
ENT001473,FR,FR,FR,,TRUE,Unknown,Unknown,GSE580_theta_data.csv,2026-05-08,0.80,parent relationships not resolved in v0; company_name missing; used ticker fallback; country unknown
ENT001474,FRHC,FRHC,FRHC,,TRUE,Unknown,Unknown,GSE580_theta_data.csv,2026-05-08,0.80,parent relationships not resolved in v0; company_name missing; used ticker fallback; country unknown
ENT001475,FRMO,FRMO,FRMO,,TRUE,Unknown,Unknown,GSE580_theta_data.csv,2026-05-08,0.80,parent relationships not resolved in v0; company_name missing; used ticker fallback; country unknown
ENT001476,FRO,FRO,FRO,,TRUE,Unknown,Unknown,GSE580_theta_data.csv,2026-05-08,0.80,parent relationships not resolved in v0; company_name missing; used ticker fallback; country unknown
ENT001477,FROG,FROG,FROG,,TRUE,Unknown,Unknown,GSE580_theta_data.csv,2026-05-08,0.80,parent relationships not resolved in v0; company_name missing; used ticker fallback; country unknown
ENT001478,FRPH,FRPH,FRPH,,TRUE,Unknown,Unknown,GSE580_theta_data.csv,2026-05-08,0.80,parent relationships not resolved in v0; company_name missing; used ticker fallback; country unknown
ENT001479,FRPT,FRPT,FRPT,,TRUE,Unknown,Unknown,GSE580_theta_data.csv,2026-05-08,0.80,parent relationships not resolved in v0; company_name missing; used ticker fallback; country unknown
ENT001480,FRSH,FRSH,FRSH,,TRUE,Unknown,Unknown,GSE580_theta_data.csv,2026-05-08,0.80,parent relationships not resolved in v0; company_name missing; used ticker fallback; country unknown
ENT001481,FRT,FRT,FRT,,TRUE,United States,North America,GSE580_theta_data.csv,2026-05-08,0.80,parent relationships not resolved in v0; company_name missing; used ticker fallback
ENT001482,FSI,FSI,FSI,,TRUE,Unknown,Unknown,GSE580_theta_data.csv,2026-05-08,0.80,parent relationships not resolved in v0; company_name missing; used ticker fallback; country unknown
ENT001483,FSLR,FSLR,FSLR,,TRUE,Unknown,Unknown,GSE580_theta_data.csv,2026-05-08,0.80,parent relationships not resolved in v0; company_name missing; used ticker fallback; country unknown
ENT001484,FSLY,FSLY,FSLY,,TRUE,Unknown,Unknown,GSE580_theta_data.csv,2026-05-08,0.80,parent relationships not resolved in v0; company_name missing; used ticker fallback; country unknown
ENT001485,FSS,FSS,FSS,,TRUE,Unknown,Unknown,GSE580_theta_data.csv,2026-05-08,0.80,parent relationships not resolved in v0; company_name missing; used ticker fallback; country unknown
ENT001486,FSTR,FSTR,FSTR,,TRUE,Unknown,Unknown,GSE580_theta_data.csv,2026-05-08,0.80,parent relationships not resolved in v0; company_name missing; used ticker fallback; country unknown
ENT001487,FSV,FSV,FSV,,TRUE,Unknown,Unknown,GSE580_theta_data.csv,2026-05-08,0.80,parent relationships not resolved in v0; company_name missing; used ticker fallback; country unknown
ENT001488,FTAI,FTAI,FTAI,,TRUE,Unknown,Unknown,GSE580_theta_data.csv,2026-05-08,0.80,parent relationships not resolved in v0; company_name missing; used ticker fallback; country unknown
ENT001489,FTCI,FTCI,FTCI,,TRUE,Unknown,Unknown,GSE580_theta_data.csv,2026-05-08,0.80,parent relationships not resolved in v0; company_name missing; used ticker fallback; country unknown
ENT001490,FTDR,FTDR,FTDR,,TRUE,Unknown,Unknown,GSE580_theta_data.csv,2026-05-08,0.80,parent relationships not resolved in v0; company_name missing; used ticker fallback; country unknown
ENT001491,FTI,FTI,FTI,,TRUE,Unknown,Unknown,GSE580_theta_data.csv,2026-05-08,0.80,parent relationships not resolved in v0; company_name missing; used ticker fallback; country unknown
ENT001492,FTK,FTK,FTK,,TRUE,Unknown,Unknown,GSE580_theta_data.csv,2026-05-08,0.80,parent relationships not resolved in v0; company_name missing; used ticker fallback; country unknown
ENT001493,FTLF,FTLF,FTLF,,TRUE,Unknown,Unknown,GSE580_theta_data.csv,2026-05-08,0.80,parent relationships not resolved in v0; company_name missing; used ticker fallback; country unknown
ENT001494,FTNT,FTNT,FTNT,,TRUE,Unknown,Unknown,GSE580_theta_data.csv,2026-05-08,0.80,parent relationships not resolved in v0; company_name missing; used ticker fallback; country unknown
ENT001495,FTRE,FTRE,FTRE,,TRUE,Unknown,Unknown,GSE580_theta_data.csv,2026-05-08,0.80,parent relationships not resolved in v0; company_name missing; used ticker fallback; country unknown
ENT001496,FTV,FTV,FTV,,TRUE,Unknown,Unknown,GSE580_theta_data.csv,2026-05-08,0.80,parent relationships not resolved in v0; company_name missing; used ticker fallback; country unknown
ENT001497,FUBO,FUBO,FUBO,,TRUE,United States,North America,GSE580_theta_data.csv,2026-05-08,0.80,parent relationships not resolved in v0; company_name missing; used ticker fallback
ENT001498,FUFU,FUFU,FUFU,,TRUE,Unknown,Unknown,GSE580_theta_data.csv,2026-05-08,0.80,parent relationships not resolved in v0; company_name missing; used ticker fallback; country unknown
ENT001499,FUL,FUL,FUL,,TRUE,Unknown,Unknown,GSE580_theta_data.csv,2026-05-08,0.80,parent relationships not resolved in v0; company_name missing; used ticker fallback; country unknown
ENT001500,FULC,FULC,FULC,,TRUE,Unknown,Unknown,GSE580_theta_data.csv,2026-05-08,0.80,parent relationships not resolved in v0; company_name missing; used ticker fallback; country unknown
ENT001501,FULT,FULT,FULT,,TRUE,Unknown,Unknown,GSE580_theta_data.csv,2026-05-08,0.80,parent relationships not resolved in v0; company_name missing; used ticker fallback; country unknown
ENT001502,FUN,FUN,FUN,,TRUE,Unknown,Unknown,GSE580_theta_data.csv,2026-05-08,0.80,parent relationships not resolved in v0; company_name missing; used ticker fallback; country unknown
ENT001503,FUTU,FUTU,FUTU,,TRUE,Unknown,Unknown,GSE580_theta_data.csv,2026-05-08,0.80,parent relationships not resolved in v0; company_name missing; used ticker fallback; country unknown
ENT001504,FVR,FVR,FVR,,TRUE,Unknown,Unknown,GSE580_theta_data.csv,2026-05-08,0.80,parent relationships not resolved in v0; company_name missing; used ticker fallback; country unknown
ENT001505,FVRR,FVRR,FVRR,,TRUE,Unknown,Unknown,GSE580_theta_data.csv,2026-05-08,0.80,parent relationships not resolved in v0; company_name missing; used ticker fallback; country unknown
ENT001506,FWDI,FWDI,FWDI,,TRUE,Unknown,Unknown,GSE580_theta_data.csv,2026-05-08,0.80,parent relationships not resolved in v0; company_name missing; used ticker fallback; country unknown
ENT001507,FWON.A,FWON.A,FWON.A,,TRUE,Unknown,Unknown,GSE580_theta_data.csv,2026-05-08,0.80,parent relationships not resolved in v0; company_name missing; used ticker fallback; country unknown
ENT001508,FWON.K,FWON.K,FWON.K,,TRUE,Unknown,Unknown,GSE580_theta_data.csv,2026-05-08,0.80,parent relationships not resolved in v0; company_name missing; used ticker fallback; country unknown
ENT001509,FWRD,FWRD,FWRD,,TRUE,Unknown,Unknown,GSE580_theta_data.csv,2026-05-08,0.80,parent relationships not resolved in v0; company_name missing; used ticker fallback; country unknown
ENT001510,FWRG,FWRG,FWRG,,TRUE,Unknown,Unknown,GSE580_theta_data.csv,2026-05-08,0.80,parent relationships not resolved in v0; company_name missing; used ticker fallback; country unknown
ENT001511,FYBR,FYBR,FYBR,,TRUE,Unknown,Unknown,GSE580_theta_data.csv,2026-05-08,0.80,parent relationships not resolved in v0; company_name missing; used ticker fallback; country unknown
ENT001512,G,G,G,,TRUE,Unknown,Unknown,GSE580_theta_data.csv,2026-05-08,0.80,parent relationships not resolved in v0; company_name missing; used ticker fallback; country unknown
ENT001513,GAIA,GAIA,GAIA,,TRUE,Unknown,Unknown,GSE580_theta_data.csv,2026-05-08,0.80,parent relationships not resolved in v0; company_name missing; used ticker fallback; country unknown
ENT001514,GAMB,GAMB,GAMB,,TRUE,Unknown,Unknown,GSE580_theta_data.csv,2026-05-08,0.80,parent relationships not resolved in v0; company_name missing; used ticker fallback; country unknown
ENT001515,GAMI,GAMI,GAMI,,TRUE,United States,North America,GSE580_theta_data.csv,2026-05-08,0.80,parent relationships not resolved in v0; company_name missing; used ticker fallback
ENT001516,GAP,GAP,GAP,,TRUE,Unknown,Unknown,GSE580_theta_data.csv,2026-05-08,0.80,parent relationships not resolved in v0; company_name missing; used ticker fallback; country unknown
ENT001517,GASS,GASS,GASS,,TRUE,Unknown,Unknown,GSE580_theta_data.csv,2026-05-08,0.80,parent relationships not resolved in v0; company_name missing; used ticker fallback; country unknown
ENT001518,GATX,GATX,GATX,,TRUE,Unknown,Unknown,GSE580_theta_data.csv,2026-05-08,0.80,parent relationships not resolved in v0; company_name missing; used ticker fallback; country unknown
ENT001519,GBCI,GBCI,GBCI,,TRUE,Unknown,Unknown,GSE580_theta_data.csv,2026-05-08,0.80,parent relationships not resolved in v0; company_name missing; used ticker fallback; country unknown
ENT001520,GBLI,GBLI,GBLI,,TRUE,Unknown,Unknown,GSE580_theta_data.csv,2026-05-08,0.80,parent relationships not resolved in v0; company_name missing; used ticker fallback; country unknown
ENT001521,GBTG,GBTG,GBTG,,TRUE,Unknown,Unknown,GSE580_theta_data.csv,2026-05-08,0.80,parent relationships not resolved in v0; company_name missing; used ticker fallback; country unknown
ENT001522,GBX,GBX,GBX,,TRUE,Unknown,Unknown,GSE580_theta_data.csv,2026-05-08,0.80,parent relationships not resolved in v0; company_name missing; used ticker fallback; country unknown
ENT001523,GCL,GCL,GCL,,TRUE,Unknown,Unknown,GSE580_theta_data.csv,2026-05-08,0.80,parent relationships not resolved in v0; company_name missing; used ticker fallback; country unknown
ENT001524,GCMG,GCMG,GCMG,,TRUE,Unknown,Unknown,GSE580_theta_data.csv,2026-05-08,0.80,parent relationships not resolved in v0; company_name missing; used ticker fallback; country unknown
ENT001525,GCO,GCO,G,,TRUE,Unknown,Unknown,GSE580_theta_data.csv,2026-05-08,0.80,parent relationships not resolved in v0; company_name missing; used ticker fallback; country unknown
ENT001526,GCT,GCT,GCT,,TRUE,Unknown,Unknown,GSE580_theta_data.csv,2026-05-08,0.80,parent relationships not resolved in v0; company_name missing; used ticker fallback; country unknown
ENT001527,GD,GD,GD,,TRUE,Unknown,Unknown,GSE580_theta_data.csv,2026-05-08,0.80,parent relationships not resolved in v0; company_name missing; used ticker fallback; country unknown
ENT001528,GDC,GDC,GDC,,TRUE,Unknown,Unknown,GSE580_theta_data.csv,2026-05-08,0.80,parent relationships not resolved in v0; company_name missing; used ticker fallback; country unknown
ENT001529,GDDY,GDDY,GDDY,,TRUE,Unknown,Unknown,GSE580_theta_data.csv,2026-05-08,0.80,parent relationships not resolved in v0; company_name missing; used ticker fallback; country unknown
ENT001530,GDEN,GDEN,GDEN,,TRUE,Unknown,Unknown,GSE580_theta_data.csv,2026-05-08,0.80,parent relationships not resolved in v0; company_name missing; used ticker fallback; country unknown
ENT001531,GDEV,GDEV,GDEV,,TRUE,Unknown,Unknown,GSE580_theta_data.csv,2026-05-08,0.80,parent relationships not resolved in v0; company_name missing; used ticker fallback; country unknown
ENT001532,GDOT,GDOT,GDOT,,TRUE,Unknown,Unknown,GSE580_theta_data.csv,2026-05-08,0.80,parent relationships not resolved in v0; company_name missing; used ticker fallback; country unknown
ENT001533,GDRX,GDRX,GDRX,,TRUE,Unknown,Unknown,GSE580_theta_data.csv,2026-05-08,0.80,parent relationships not resolved in v0; company_name missing; used ticker fallback; country unknown
ENT001534,GDRZ.F,GDRZ.F,GDRZ.F,,TRUE,Unknown,Unknown,GSE580_theta_data.csv,2026-05-08,0.80,parent relationships not resolved in v0; company_name missing; used ticker fallback; country unknown
ENT001535,GDS,GDS,GDS,,TRUE,Unknown,Unknown,GSE580_theta_data.csv,2026-05-08,0.80,parent relationships not resolved in v0; company_name missing; used ticker fallback; country unknown
ENT001536,GDYN,GDYN,GDYN,,TRUE,Unknown,Unknown,GSE580_theta_data.csv,2026-05-08,0.80,parent relationships not resolved in v0; company_name missing; used ticker fallback; country unknown
ENT001537,GE,GE,GE,,TRUE,Unknown,Unknown,GSE580_theta_data.csv,2026-05-08,0.80,parent relationships not resolved in v0; company_name missing; used ticker fallback; country unknown
ENT001538,GEF,GEF,GEF,,TRUE,Unknown,Unknown,GSE580_theta_data.csv,2026-05-08,0.80,parent relationships not resolved in v0; company_name missing; used ticker fallback; country unknown
ENT001539,GEHC,GEHC,GEHC,,TRUE,Unknown,Unknown,GSE580_theta_data.csv,2026-05-08,0.80,parent relationships not resolved in v0; company_name missing; used ticker fallback; country unknown
ENT001540,GEL,GEL,GEL,,TRUE,Unknown,Unknown,GSE580_theta_data.csv,2026-05-08,0.80,parent relationships not resolved in v0; company_name missing; used ticker fallback; country unknown
ENT001541,GEMI,GEMI,GEMI,,TRUE,United States,North America,GSE580_theta_data.csv,2026-05-08,0.80,parent relationships not resolved in v0; company_name missing; used ticker fallback
ENT001542,GEN,GEN,GEN,,TRUE,Unknown,Unknown,GSE580_theta_data.csv,2026-05-08,0.80,parent relationships not resolved in v0; company_name missing; used ticker fallback; country unknown
ENT001543,GENC,GENC,GENC,,TRUE,United States,North America,GSE580_theta_data.csv,2026-05-08,0.80,parent relationships not resolved in v0; company_name missing; used ticker fallback
ENT001544,GENI,GENI,GENI,,TRUE,Unknown,Unknown,GSE580_theta_data.csv,2026-05-08,0.80,parent relationships not resolved in v0; company_name missing; used ticker fallback; country unknown
ENT001545,GENK,GENK,GENK,,TRUE,Unknown,Unknown,GSE580_theta_data.csv,2026-05-08,0.80,parent relationships not resolved in v0; company_name missing; used ticker fallback; country unknown
ENT001546,GEO,GEO,GEO,,TRUE,Unknown,Unknown,GSE580_theta_data.csv,2026-05-08,0.80,parent relationships not resolved in v0; company_name missing; used ticker fallback; country unknown
ENT001547,GEOS,GEOS,GEOS,,TRUE,Unknown,Unknown,GSE580_theta_data.csv,2026-05-08,0.80,parent relationships not resolved in v0; company_name missing; used ticker fallback; country unknown
ENT001548,GES,GES,GES,,TRUE,Unknown,Unknown,GSE580_theta_data.csv,2026-05-08,0.80,parent relationships not resolved in v0; company_name missing; used ticker fallback; country unknown
ENT001549,GETY,GETY,GETY,,TRUE,Unknown,Unknown,GSE580_theta_data.csv,2026-05-08,0.80,parent relationships not resolved in v0; company_name missing; used ticker fallback; country unknown
ENT001550,GEV,GEV,GEV,,TRUE,Unknown,Unknown,GSE580_theta_data.csv,2026-05-08,0.80,parent relationships not resolved in v0; company_name missing; used ticker fallback; country unknown
ENT001551,GEVI,GEVI,GEVI,,TRUE,Unknown,Unknown,GSE580_theta_data.csv,2026-05-08,0.80,parent relationships not resolved in v0; company_name missing; used ticker fallback; country unknown
ENT001552,GEVO,GEVO,GEVO,,TRUE,Unknown,Unknown,GSE580_theta_data.csv,2026-05-08,0.80,parent relationships not resolved in v0; company_name missing; used ticker fallback; country unknown
ENT001553,GFF,GFF,GFF,,TRUE,Unknown,Unknown,GSE580_theta_data.csv,2026-05-08,0.80,parent relationships not resolved in v0; company_name missing; used ticker fallback; country unknown
ENT001554,GFL,GFL,GFL,,TRUE,Unknown,Unknown,GSE580_theta_data.csv,2026-05-08,0.80,parent relationships not resolved in v0; company_name missing; used ticker fallback; country unknown
ENT001555,GFS,GFS,GFS,,TRUE,Unknown,Unknown,GSE580_theta_data.csv,2026-05-08,0.80,parent relationships not resolved in v0; company_name missing; used ticker fallback; country unknown
ENT001556,GGAL,GGAL,GGAL,,TRUE,Unknown,Unknown,GSE580_theta_data.csv,2026-05-08,0.80,parent relationships not resolved in v0; company_name missing; used ticker fallback; country unknown
ENT001557,GGG,GGG,GGG,,TRUE,Unknown,Unknown,GSE580_theta_data.csv,2026-05-08,0.80,parent relationships not resolved in v0; company_name missing; used ticker fallback; country unknown
ENT001558,GGR,GGR,GGR,,TRUE,Unknown,Unknown,GSE580_theta_data.csv,2026-05-08,0.80,parent relationships not resolved in v0; company_name missing; used ticker fallback; country unknown
ENT001559,GH,GH,GH,,TRUE,United States,North America,GSE580_theta_data.csv,2026-05-08,0.80,parent relationships not resolved in v0; company_name missing; used ticker fallback
ENT001560,GHC,GHC,GHC,,TRUE,Unknown,Unknown,GSE580_theta_data.csv,2026-05-08,0.80,parent relationships not resolved in v0; company_name missing; used ticker fallback; country unknown
ENT001561,GHG,GHG,GHG,,TRUE,Unknown,Unknown,GSE580_theta_data.csv,2026-05-08,0.80,parent relationships not resolved in v0; company_name missing; used ticker fallback; country unknown
ENT001562,GHI,GHI,GHI,,TRUE,Unknown,Unknown,GSE580_theta_data.csv,2026-05-08,0.80,parent relationships not resolved in v0; company_name missing; used ticker fallback; country unknown
ENT001563,GHLD,GHLD,GHLD,,TRUE,Unknown,Unknown,GSE580_theta_data.csv,2026-05-08,0.80,parent relationships not resolved in v0; company_name missing; used ticker fallback; country unknown
ENT001564,GHM,GHM,GHM,,TRUE,Unknown,Unknown,GSE580_theta_data.csv,2026-05-08,0.80,parent relationships not resolved in v0; company_name missing; used ticker fallback; country unknown
ENT001565,GHRS,GHRS,GHRS,,TRUE,Unknown,Unknown,GSE580_theta_data.csv,2026-05-08,0.80,parent relationships not resolved in v0; company_name missing; used ticker fallback; country unknown
ENT001566,GIB,GIB,GIB,,TRUE,Unknown,Unknown,GSE580_theta_data.csv,2026-05-08,0.80,parent relationships not resolved in v0; company_name missing; used ticker fallback; country unknown
ENT001567,GIC,GIC,GIC,,TRUE,Unknown,Unknown,GSE580_theta_data.csv,2026-05-08,0.80,parent relationships not resolved in v0; company_name missing; used ticker fallback; country unknown
ENT001568,GIFI,GIFI,GIFI,,TRUE,Unknown,Unknown,GSE580_theta_data.csv,2026-05-08,0.80,parent relationships not resolved in v0; company_name missing; used ticker fallback; country unknown
ENT001569,GIG,GIG,GIG,,TRUE,Unknown,Unknown,GSE580_theta_data.csv,2026-05-08,0.80,parent relationships not resolved in v0; company_name missing; used ticker fallback; country unknown
ENT001570,GIII,GIII,GIII,,TRUE,Unknown,Unknown,GSE580_theta_data.csv,2026-05-08,0.80,parent relationships not resolved in v0; company_name missing; used ticker fallback; country unknown
ENT001571,GIL,GIL,GIL,,TRUE,Unknown,Unknown,GSE580_theta_data.csv,2026-05-08,0.80,parent relationships not resolved in v0; company_name missing; used ticker fallback; country unknown
ENT001572,GILT,GILT,GILT,,TRUE,Unknown,Unknown,GSE580_theta_data.csv,2026-05-08,0.80,parent relationships not resolved in v0; company_name missing; used ticker fallback; country unknown
ENT001573,GIS,GIS,GIS,,TRUE,Unknown,Unknown,GSE580_theta_data.csv,2026-05-08,0.80,parent relationships not resolved in v0; company_name missing; used ticker fallback; country unknown
ENT001574,GKOS,GKOS,GKOS,,TRUE,Unknown,Unknown,GSE580_theta_data.csv,2026-05-08,0.80,parent relationships not resolved in v0; company_name missing; used ticker fallback; country unknown
ENT001575,GL,GL,GL,,TRUE,United States,North America,GSE580_theta_data.csv,2026-05-08,0.80,parent relationships not resolved in v0; company_name missing; used ticker fallback
ENT001576,GLAS.F,GLAS.F,GLAS.F,,TRUE,Unknown,Unknown,GSE580_theta_data.csv,2026-05-08,0.80,parent relationships not resolved in v0; company_name missing; used ticker fallback; country unknown
ENT001577,GLBE,GLBE,GLBE,,TRUE,Unknown,Unknown,GSE580_theta_data.csv,2026-05-08,0.80,parent relationships not resolved in v0; company_name missing; used ticker fallback; country unknown
ENT001578,GLDD,GLDD,GLDD,,TRUE,Unknown,Unknown,GSE580_theta_data.csv,2026-05-08,0.80,parent relationships not resolved in v0; company_name missing; used ticker fallback; country unknown
ENT001579,GLIB.A,GLIB.A,GLIB.A,,TRUE,Unknown,Unknown,GSE580_theta_data.csv,2026-05-08,0.80,parent relationships not resolved in v0; company_name missing; used ticker fallback; country unknown
ENT001580,GLNG,GLNG,GLNG,,TRUE,Unknown,Unknown,GSE580_theta_data.csv,2026-05-08,0.80,parent relationships not resolved in v0; company_name missing; used ticker fallback; country unknown
ENT001581,GLOB,GLOB,GLOB,,TRUE,Unknown,Unknown,GSE580_theta_data.csv,2026-05-08,0.80,parent relationships not resolved in v0; company_name missing; used ticker fallback; country unknown
ENT001582,GLP,GLP,GLP,,TRUE,Unknown,Unknown,GSE580_theta_data.csv,2026-05-08,0.80,parent relationships not resolved in v0; company_name missing; used ticker fallback; country unknown
ENT001583,GLPI,GLPI,GLPI,,TRUE,Unknown,Unknown,GSE580_theta_data.csv,2026-05-08,0.80,parent relationships not resolved in v0; company_name missing; used ticker fallback; country unknown
ENT001584,GLRE,GLRE,GLRE,,TRUE,Unknown,Unknown,GSE580_theta_data.csv,2026-05-08,0.80,parent relationships not resolved in v0; company_name missing; used ticker fallback; country unknown
ENT001585,GLW,GLW,GLW,,TRUE,Unknown,Unknown,GSE580_theta_data.csv,2026-05-08,0.80,parent relationships not resolved in v0; company_name missing; used ticker fallback; country unknown
ENT001586,GLXY,GLXY,GLXY,,TRUE,Unknown,Unknown,GSE580_theta_data.csv,2026-05-08,0.80,parent relationships not resolved in v0; company_name missing; used ticker fallback; country unknown
ENT001587,GM,GM,GM,,TRUE,Unknown,Unknown,GSE580_theta_data.csv,2026-05-08,0.80,parent relationships not resolved in v0; company_name missing; used ticker fallback; country unknown
ENT001588,GME,GME,GME,,TRUE,Unknown,Unknown,GSE580_theta_data.csv,2026-05-08,0.80,parent relationships not resolved in v0; company_name missing; used ticker fallback; country unknown
ENT001589,GMED,GMED,GMED,,TRUE,Unknown,Unknown,GSE580_theta_data.csv,2026-05-08,0.80,parent relationships not resolved in v0; company_name missing; used ticker fallback; country unknown
ENT001590,GMGI,GMGI,GMGI,,TRUE,Unknown,Unknown,GSE580_theta_data.csv,2026-05-08,0.80,parent relationships not resolved in v0; company_name missing; used ticker fallback; country unknown
ENT001591,GMRE,GMRE,GMRE,,TRUE,Unknown,Unknown,GSE580_theta_data.csv,2026-05-08,0.80,parent relationships not resolved in v0; company_name missing; used ticker fallback; country unknown
ENT001592,GNE,GNE,GNE,,TRUE,United States,North America,GSE580_theta_data.csv,2026-05-08,0.80,parent relationships not resolved in v0; company_name missing; used ticker fallback
ENT001593,GNK,GNK,GNK,,TRUE,Unknown,Unknown,GSE580_theta_data.csv,2026-05-08,0.80,parent relationships not resolved in v0; company_name missing; used ticker fallback; country unknown
ENT001594,GNL,GNL,GNL,,TRUE,Unknown,Unknown,GSE580_theta_data.csv,2026-05-08,0.80,parent relationships not resolved in v0; company_name missing; used ticker fallback; country unknown
ENT001595,GNRC,GNRC,GNRC,,TRUE,Unknown,Unknown,GSE580_theta_data.csv,2026-05-08,0.80,parent relationships not resolved in v0; company_name missing; used ticker fallback; country unknown
ENT001596,GNSS,GNSS,GNSS,,TRUE,Unknown,Unknown,GSE580_theta_data.csv,2026-05-08,0.80,parent relationships not resolved in v0; company_name missing; used ticker fallback; country unknown
ENT001597,GNTX,GNTX,GNTX,,TRUE,Unknown,Unknown,GSE580_theta_data.csv,2026-05-08,0.80,parent relationships not resolved in v0; company_name missing; used ticker fallback; country unknown
ENT001598,GNW,GNW,GNW,,TRUE,United States,North America,GSE580_theta_data.csv,2026-05-08,0.80,parent relationships not resolved in v0; company_name missing; used ticker fallback
ENT001599,GO,GO,GO,,TRUE,Unknown,Unknown,GSE580_theta_data.csv,2026-05-08,0.80,parent relationships not resolved in v0; company_name missing; used ticker fallback; country unknown
ENT001600,GOAI,GOAI,GOAI,,TRUE,Unknown,Unknown,GSE580_theta_data.csv,2026-05-08,0.80,parent relationships not resolved in v0; company_name missing; used ticker fallback; country unknown
ENT001601,GOCO,GOCO,GO,,TRUE,Unknown,Unknown,GSE580_theta_data.csv,2026-05-08,0.80,parent relationships not resolved in v0; company_name missing; used ticker fallback; country unknown
ENT001602,GOGO,GOGO,GOGO,,TRUE,Unknown,Unknown,GSE580_theta_data.csv,2026-05-08,0.80,parent relationships not resolved in v0; company_name missing; used ticker fallback; country unknown
ENT001603,GOLF,GOLF,GOLF,,TRUE,Unknown,Unknown,GSE580_theta_data.csv,2026-05-08,0.80,parent relationships not resolved in v0; company_name missing; used ticker fallback; country unknown
ENT001604,GOOD,GOOD,GOOD,,TRUE,Unknown,Unknown,GSE580_theta_data.csv,2026-05-08,0.80,parent relationships not resolved in v0; company_name missing; used ticker fallback; country unknown
ENT001605,GOOG,GOOG,GOOG,,TRUE,Unknown,Unknown,GSE580_theta_data.csv,2026-05-08,0.80,parent relationships not resolved in v0; company_name missing; used ticker fallback; country unknown
ENT001606,GOOGL,GOOGL,GOOGL,,TRUE,Unknown,Unknown,GSE580_theta_data.csv,2026-05-08,0.80,parent relationships not resolved in v0; company_name missing; used ticker fallback; country unknown
ENT001607,GOOS,GOOS,GOOS,,TRUE,Unknown,Unknown,GSE580_theta_data.csv,2026-05-08,0.80,parent relationships not resolved in v0; company_name missing; used ticker fallback; country unknown
ENT001608,GORO,GORO,GORO,,TRUE,Unknown,Unknown,GSE580_theta_data.csv,2026-05-08,0.80,parent relationships not resolved in v0; company_name missing; used ticker fallback; country unknown
ENT001609,GOTU,GOTU,GOTU,,TRUE,Unknown,Unknown,GSE580_theta_data.csv,2026-05-08,0.80,parent relationships not resolved in v0; company_name missing; used ticker fallback; country unknown
ENT001610,GPC,GPC,GPC,,TRUE,Unknown,Unknown,GSE580_theta_data.csv,2026-05-08,0.80,parent relationships not resolved in v0; company_name missing; used ticker fallback; country unknown
ENT001611,GPCR,GPCR,GPCR,,TRUE,Unknown,Unknown,GSE580_theta_data.csv,2026-05-08,0.80,parent relationships not resolved in v0; company_name missing; used ticker fallback; country unknown
ENT001612,GPGI,GPGI,GPGI,,TRUE,Unknown,Unknown,GSE580_theta_data.csv,2026-05-08,0.80,parent relationships not resolved in v0; company_name missing; used ticker fallback; country unknown
ENT001613,GPI,GPI,GPI,,TRUE,Unknown,Unknown,GSE580_theta_data.csv,2026-05-08,0.80,parent relationships not resolved in v0; company_name missing; used ticker fallback; country unknown
ENT001614,GPK,GPK,GPK,,TRUE,Unknown,Unknown,GSE580_theta_data.csv,2026-05-08,0.80,parent relationships not resolved in v0; company_name missing; used ticker fallback; country unknown
ENT001615,GPN,GPN,GPN,,TRUE,Unknown,Unknown,GSE580_theta_data.csv,2026-05-08,0.80,parent relationships not resolved in v0; company_name missing; used ticker fallback; country unknown
ENT001616,GPRE,GPRE,GPRE,,TRUE,Unknown,Unknown,GSE580_theta_data.csv,2026-05-08,0.80,parent relationships not resolved in v0; company_name missing; used ticker fallback; country unknown
ENT001617,GPRO,GPRO,GPRO,,TRUE,Unknown,Unknown,GSE580_theta_data.csv,2026-05-08,0.80,parent relationships not resolved in v0; company_name missing; used ticker fallback; country unknown
ENT001618,GPUS,GPUS,GPUS,,TRUE,Unknown,Unknown,GSE580_theta_data.csv,2026-05-08,0.80,parent relationships not resolved in v0; company_name missing; used ticker fallback; country unknown
ENT001619,GRAB,GRAB,GRAB,,TRUE,Unknown,Unknown,GSE580_theta_data.csv,2026-05-08,0.80,parent relationships not resolved in v0; company_name missing; used ticker fallback; country unknown
ENT001620,GRAF,GRAF,GRAF,,TRUE,Unknown,Unknown,GSE580_theta_data.csv,2026-05-08,0.80,parent relationships not resolved in v0; company_name missing; used ticker fallback; country unknown
ENT001621,GRBK,GRBK,GRBK,,TRUE,Unknown,Unknown,GSE580_theta_data.csv,2026-05-08,0.80,parent relationships not resolved in v0; company_name missing; used ticker fallback; country unknown
ENT001622,GRC,GRC,GRC,,TRUE,Unknown,Unknown,GSE580_theta_data.csv,2026-05-08,0.80,parent relationships not resolved in v0; company_name missing; used ticker fallback; country unknown
ENT001623,GRDN,GRDN,GRDN,,TRUE,Unknown,Unknown,GSE580_theta_data.csv,2026-05-08,0.80,parent relationships not resolved in v0; company_name missing; used ticker fallback; country unknown
ENT001624,GRMN,GRMN,GRMN,,TRUE,Unknown,Unknown,GSE580_theta_data.csv,2026-05-08,0.80,parent relationships not resolved in v0; company_name missing; used ticker fallback; country unknown
ENT001625,GRND,GRND,GRND,,TRUE,Unknown,Unknown,GSE580_theta_data.csv,2026-05-08,0.80,parent relationships not resolved in v0; company_name missing; used ticker fallback; country unknown
ENT001626,GRO,GRO,GRO,,TRUE,Unknown,Unknown,GSE580_theta_data.csv,2026-05-08,0.80,parent relationships not resolved in v0; company_name missing; used ticker fallback; country unknown
ENT001627,GROY,GROY,GROY,,TRUE,Unknown,Unknown,GSE580_theta_data.csv,2026-05-08,0.80,parent relationships not resolved in v0; company_name missing; used ticker fallback; country unknown
ENT001628,GRPN,GRPN,GRPN,,TRUE,Unknown,Unknown,GSE580_theta_data.csv,2026-05-08,0.80,parent relationships not resolved in v0; company_name missing; used ticker fallback; country unknown
ENT001629,GRRR,GRRR,GRRR,,TRUE,Unknown,Unknown,GSE580_theta_data.csv,2026-05-08,0.80,parent relationships not resolved in v0; company_name missing; used ticker fallback; country unknown
ENT001630,GRVY,GRVY,GRVY,,TRUE,Unknown,Unknown,GSE580_theta_data.csv,2026-05-08,0.80,parent relationships not resolved in v0; company_name missing; used ticker fallback; country unknown
ENT001631,GRWG,GRWG,GRWG,,TRUE,Unknown,Unknown,GSE580_theta_data.csv,2026-05-08,0.80,parent relationships not resolved in v0; company_name missing; used ticker fallback; country unknown
ENT001632,GS,GS,GS,,TRUE,Unknown,Unknown,GSE580_theta_data.csv,2026-05-08,0.80,parent relationships not resolved in v0; company_name missing; used ticker fallback; country unknown
ENT001633,GSAT,GSAT,GSAT,,TRUE,Unknown,Unknown,GSE580_theta_data.csv,2026-05-08,0.80,parent relationships not resolved in v0; company_name missing; used ticker fallback; country unknown
ENT001634,GSDT,GSDT,GSDT,,TRUE,Unknown,Unknown,GSE580_theta_data.csv,2026-05-08,0.80,parent relationships not resolved in v0; company_name missing; used ticker fallback; country unknown
ENT001635,GSHD,GSHD,GSHD,,TRUE,Unknown,Unknown,GSE580_theta_data.csv,2026-05-08,0.80,parent relationships not resolved in v0; company_name missing; used ticker fallback; country unknown
ENT001636,GSIT,GSIT,GSIT,,TRUE,Unknown,Unknown,GSE580_theta_data.csv,2026-05-08,0.80,parent relationships not resolved in v0; company_name missing; used ticker fallback; country unknown
ENT001637,GSK,GSK,GSK,,TRUE,Unknown,Unknown,GSE580_theta_data.csv,2026-05-08,0.80,parent relationships not resolved in v0; company_name missing; used ticker fallback; country unknown
ENT001638,GSL,GSL,GSL,,TRUE,Unknown,Unknown,GSE580_theta_data.csv,2026-05-08,0.80,parent relationships not resolved in v0; company_name missing; used ticker fallback; country unknown
ENT001639,GSM,GSM,GSM,,TRUE,Unknown,Unknown,GSE580_theta_data.csv,2026-05-08,0.80,parent relationships not resolved in v0; company_name missing; used ticker fallback; country unknown
ENT001640,GT,GT,GT,,TRUE,Unknown,Unknown,GSE580_theta_data.csv,2026-05-08,0.80,parent relationships not resolved in v0; company_name missing; used ticker fallback; country unknown
ENT001641,GTES,GTES,GTES,,TRUE,Unknown,Unknown,GSE580_theta_data.csv,2026-05-08,0.80,parent relationships not resolved in v0; company_name missing; used ticker fallback; country unknown
ENT001642,GTLB,GTLB,GTLB,,TRUE,Unknown,Unknown,GSE580_theta_data.csv,2026-05-08,0.80,parent relationships not resolved in v0; company_name missing; used ticker fallback; country unknown
ENT001643,GTLS,GTLS,GTLS,,TRUE,Unknown,Unknown,GSE580_theta_data.csv,2026-05-08,0.80,parent relationships not resolved in v0; company_name missing; used ticker fallback; country unknown
ENT001644,GTM,GTM,GTM,,TRUE,United States,North America,GSE580_theta_data.csv,2026-05-08,0.80,parent relationships not resolved in v0; company_name missing; used ticker fallback
ENT001645,GTN.A,GTN.A,GTN.A,,TRUE,Unknown,Unknown,GSE580_theta_data.csv,2026-05-08,0.80,parent relationships not resolved in v0; company_name missing; used ticker fallback; country unknown
ENT001646,GTX,GTX,GTX,,TRUE,Unknown,Unknown,GSE580_theta_data.csv,2026-05-08,0.80,parent relationships not resolved in v0; company_name missing; used ticker fallback; country unknown
ENT001647,GTY,GTY,GTY,,TRUE,Unknown,Unknown,GSE580_theta_data.csv,2026-05-08,0.80,parent relationships not resolved in v0; company_name missing; used ticker fallback; country unknown
ENT001648,GUTS,GUTS,GUTS,,TRUE,Unknown,Unknown,GSE580_theta_data.csv,2026-05-08,0.80,parent relationships not resolved in v0; company_name missing; used ticker fallback; country unknown
ENT001649,GVA,GVA,GVA,,TRUE,Unknown,Unknown,GSE580_theta_data.csv,2026-05-08,0.80,parent relationships not resolved in v0; company_name missing; used ticker fallback; country unknown
ENT001650,GWLL,GWLL,GWLL,,TRUE,Unknown,Unknown,GSE580_theta_data.csv,2026-05-08,0.80,parent relationships not resolved in v0; company_name missing; used ticker fallback; country unknown
ENT001651,GWOX,GWOX,GWOX,,TRUE,Unknown,Unknown,GSE580_theta_data.csv,2026-05-08,0.80,parent relationships not resolved in v0; company_name missing; used ticker fallback; country unknown
ENT001652,GWRE,GWRE,GWRE,,TRUE,Unknown,Unknown,GSE580_theta_data.csv,2026-05-08,0.80,parent relationships not resolved in v0; company_name missing; used ticker fallback; country unknown
ENT001653,GWRS,GWRS,GWRS,,TRUE,Unknown,Unknown,GSE580_theta_data.csv,2026-05-08,0.80,parent relationships not resolved in v0; company_name missing; used ticker fallback; country unknown
ENT001654,GWW,GWW,GWW,,TRUE,Unknown,Unknown,GSE580_theta_data.csv,2026-05-08,0.80,parent relationships not resolved in v0; company_name missing; used ticker fallback; country unknown
ENT001655,GXO,GXO,GXO,,TRUE,Unknown,Unknown,GSE580_theta_data.csv,2026-05-08,0.80,parent relationships not resolved in v0; company_name missing; used ticker fallback; country unknown
ENT001656,H,H,H,,TRUE,Unknown,Unknown,GSE580_theta_data.csv,2026-05-08,0.80,parent relationships not resolved in v0; company_name missing; used ticker fallback; country unknown
ENT001657,HAE,HAE,HAE,,TRUE,Unknown,Unknown,GSE580_theta_data.csv,2026-05-08,0.80,parent relationships not resolved in v0; company_name missing; used ticker fallback; country unknown
ENT001658,HAIN,HAIN,HAIN,,TRUE,Unknown,Unknown,GSE580_theta_data.csv,2026-05-08,0.80,parent relationships not resolved in v0; company_name missing; used ticker fallback; country unknown
ENT001659,HAL,HAL,HAL,,TRUE,Unknown,Unknown,GSE580_theta_data.csv,2026-05-08,0.80,parent relationships not resolved in v0; company_name missing; used ticker fallback; country unknown
ENT001660,HAS,HAS,HAS,,TRUE,Unknown,Unknown,GSE580_theta_data.csv,2026-05-08,0.80,parent relationships not resolved in v0; company_name missing; used ticker fallback; country unknown
ENT001661,HASI,HASI,HASI,,TRUE,United States,North America,GSE580_theta_data.csv,2026-05-08,0.80,parent relationships not resolved in v0; company_name missing; used ticker fallback
ENT001662,HAYW,HAYW,HAYW,,TRUE,Unknown,Unknown,GSE580_theta_data.csv,2026-05-08,0.80,parent relationships not resolved in v0; company_name missing; used ticker fallback; country unknown
ENT001663,HBAN,HBAN,HBAN,,TRUE,United States,North America,GSE580_theta_data.csv,2026-05-08,0.80,parent relationships not resolved in v0; company_name missing; used ticker fallback
ENT001664,HBB,HBB,HBB,,TRUE,Unknown,Unknown,GSE580_theta_data.csv,2026-05-08,0.80,parent relationships not resolved in v0; company_name missing; used ticker fallback; country unknown
ENT001665,HCA,HCA,HCA,,TRUE,Unknown,Unknown,GSE580_theta_data.csv,2026-05-08,0.80,parent relationships not resolved in v0; company_name missing; used ticker fallback; country unknown
ENT001666,HCAT,HCAT,HCAT,,TRUE,Unknown,Unknown,GSE580_theta_data.csv,2026-05-08,0.80,parent relationships not resolved in v0; company_name missing; used ticker fallback; country unknown
ENT001667,HCC,HCC,HCC,,TRUE,Unknown,Unknown,GSE580_theta_data.csv,2026-05-08,0.80,parent relationships not resolved in v0; company_name missing; used ticker fallback; country unknown
ENT001668,HCI,HCI,HCI,,TRUE,Unknown,Unknown,GSE580_theta_data.csv,2026-05-08,0.80,parent relationships not resolved in v0; company_name missing; used ticker fallback; country unknown
ENT001669,HCIL,HCIL,HCIL,,TRUE,Unknown,Unknown,GSE580_theta_data.csv,2026-05-08,0.80,parent relationships not resolved in v0; company_name missing; used ticker fallback; country unknown
ENT001670,HCKT,HCKT,HCKT,,TRUE,Unknown,Unknown,GSE580_theta_data.csv,2026-05-08,0.80,parent relationships not resolved in v0; company_name missing; used ticker fallback; country unknown
ENT001671,HCM,HCM,HCM,,TRUE,Unknown,Unknown,GSE580_theta_data.csv,2026-05-08,0.80,parent relationships not resolved in v0; company_name missing; used ticker fallback; country unknown
ENT001672,HCSG,HCSG,HCSG,,TRUE,Unknown,Unknown,GSE580_theta_data.csv,2026-05-08,0.80,parent relationships not resolved in v0; company_name missing; used ticker fallback; country unknown
ENT001673,HD,HD,HD,,TRUE,Unknown,Unknown,GSE580_theta_data.csv,2026-05-08,0.80,parent relationships not resolved in v0; company_name missing; used ticker fallback; country unknown
ENT001674,HDB,HDB,HDB,,TRUE,Unknown,Unknown,GSE580_theta_data.csv,2026-05-08,0.80,parent relationships not resolved in v0; company_name missing; used ticker fallback; country unknown
ENT001675,HDL,HDL,HDL,,TRUE,Unknown,Unknown,GSE580_theta_data.csv,2026-05-08,0.80,parent relationships not resolved in v0; company_name missing; used ticker fallback; country unknown
ENT001676,HDSN,HDSN,HDSN,,TRUE,Unknown,Unknown,GSE580_theta_data.csv,2026-05-08,0.80,parent relationships not resolved in v0; company_name missing; used ticker fallback; country unknown
ENT001677,HE,HE,HE,,TRUE,Unknown,Unknown,GSE580_theta_data.csv,2026-05-08,0.80,parent relationships not resolved in v0; company_name missing; used ticker fallback; country unknown
ENT001678,HEI,HEI,HEI,,TRUE,Unknown,Unknown,GSE580_theta_data.csv,2026-05-08,0.80,parent relationships not resolved in v0; company_name missing; used ticker fallback; country unknown
ENT001679,HELE,HELE,HELE,,TRUE,Unknown,Unknown,GSE580_theta_data.csv,2026-05-08,0.80,parent relationships not resolved in v0; company_name missing; used ticker fallback; country unknown
ENT001680,HEPS,HEPS,HEPS,,TRUE,Unknown,Unknown,GSE580_theta_data.csv,2026-05-08,0.80,parent relationships not resolved in v0; company_name missing; used ticker fallback; country unknown
ENT001681,HESM,HESM,HESM,,TRUE,Unknown,Unknown,GSE580_theta_data.csv,2026-05-08,0.80,parent relationships not resolved in v0; company_name missing; used ticker fallback; country unknown
ENT001682,HFFG,HFFG,HFFG,,TRUE,Unknown,Unknown,GSE580_theta_data.csv,2026-05-08,0.80,parent relationships not resolved in v0; company_name missing; used ticker fallback; country unknown
ENT001683,HG,HG,HG,,TRUE,Unknown,Unknown,GSE580_theta_data.csv,2026-05-08,0.80,parent relationships not resolved in v0; company_name missing; used ticker fallback; country unknown
ENT001684,HGTY,HGTY,HGTY,,TRUE,Unknown,Unknown,GSE580_theta_data.csv,2026-05-08,0.80,parent relationships not resolved in v0; company_name missing; used ticker fallback; country unknown
ENT001685,HGV,HGV,HGV,,TRUE,United States,North America,GSE580_theta_data.csv,2026-05-08,0.80,parent relationships not resolved in v0; company_name missing; used ticker fallback
ENT001686,HHH,HHH,HHH,,TRUE,Unknown,Unknown,GSE580_theta_data.csv,2026-05-08,0.80,parent relationships not resolved in v0; company_name missing; used ticker fallback; country unknown
ENT001687,HI,HI,HI,,TRUE,Unknown,Unknown,GSE580_theta_data.csv,2026-05-08,0.80,parent relationships not resolved in v0; company_name missing; used ticker fallback; country unknown
ENT001688,HIG,HIG,HIG,,TRUE,Unknown,Unknown,GSE580_theta_data.csv,2026-05-08,0.80,parent relationships not resolved in v0; company_name missing; used ticker fallback; country unknown
ENT001689,HII,HII,HII,,TRUE,Unknown,Unknown,GSE580_theta_data.csv,2026-05-08,0.80,parent relationships not resolved in v0; company_name missing; used ticker fallback; country unknown
ENT001690,HIMS,HIMS,HIMS,,TRUE,United States,North America,GSE580_theta_data.csv,2026-05-08,0.80,parent relationships not resolved in v0; company_name missing; used ticker fallback
ENT001691,HIMX,HIMX,HIMX,,TRUE,Unknown,Unknown,GSE580_theta_data.csv,2026-05-08,0.80,parent relationships not resolved in v0; company_name missing; used ticker fallback; country unknown
ENT001692,HIPO,HIPO,HIPO,,TRUE,Unknown,Unknown,GSE580_theta_data.csv,2026-05-08,0.80,parent relationships not resolved in v0; company_name missing; used ticker fallback; country unknown
ENT001693,HIT,HIT,HIT,,TRUE,Unknown,Unknown,GSE580_theta_data.csv,2026-05-08,0.80,parent relationships not resolved in v0; company_name missing; used ticker fallback; country unknown
ENT001694,HITI,HITI,HITI,,TRUE,Unknown,Unknown,GSE580_theta_data.csv,2026-05-08,0.80,parent relationships not resolved in v0; company_name missing; used ticker fallback; country unknown
ENT001695,HIVE,HIVE,HIVE,,TRUE,Unknown,Unknown,GSE580_theta_data.csv,2026-05-08,0.80,parent relationships not resolved in v0; company_name missing; used ticker fallback; country unknown
ENT001696,HIW,HIW,HIW,,TRUE,Unknown,Unknown,GSE580_theta_data.csv,2026-05-08,0.80,parent relationships not resolved in v0; company_name missing; used ticker fallback; country unknown
ENT001697,HKD,HKD,HKD,,TRUE,Unknown,Unknown,GSE580_theta_data.csv,2026-05-08,0.80,parent relationships not resolved in v0; company_name missing; used ticker fallback; country unknown
ENT001698,HKHC,HKHC,HKHC,,TRUE,United States,North America,GSE580_theta_data.csv,2026-05-08,0.80,parent relationships not resolved in v0; company_name missing; used ticker fallback
ENT001699,HL,HL,HL,,TRUE,Unknown,Unknown,GSE580_theta_data.csv,2026-05-08,0.80,parent relationships not resolved in v0; company_name missing; used ticker fallback; country unknown
ENT001700,HLF,HLF,HLF,,TRUE,Unknown,Unknown,GSE580_theta_data.csv,2026-05-08,0.80,parent relationships not resolved in v0; company_name missing; used ticker fallback; country unknown
ENT001701,HLI,HLI,HLI,,TRUE,Unknown,Unknown,GSE580_theta_data.csv,2026-05-08,0.80,parent relationships not resolved in v0; company_name missing; used ticker fallback; country unknown
ENT001702,HLIO,HLIO,HLIO,,TRUE,Unknown,Unknown,GSE580_theta_data.csv,2026-05-08,0.80,parent relationships not resolved in v0; company_name missing; used ticker fallback; country unknown
ENT001703,HLIT,HLIT,HLIT,,TRUE,Unknown,Unknown,GSE580_theta_data.csv,2026-05-08,0.80,parent relationships not resolved in v0; company_name missing; used ticker fallback; country unknown
ENT001704,HLLY,HLLY,HLLY,,TRUE,Unknown,Unknown,GSE580_theta_data.csv,2026-05-08,0.80,parent relationships not resolved in v0; company_name missing; used ticker fallback; country unknown
ENT001705,HLMN,HLMN,HLMN,,TRUE,Unknown,Unknown,GSE580_theta_data.csv,2026-05-08,0.80,parent relationships not resolved in v0; company_name missing; used ticker fallback; country unknown
ENT001706,HLN,HLN,HLN,,TRUE,Unknown,Unknown,GSE580_theta_data.csv,2026-05-08,0.80,parent relationships not resolved in v0; company_name missing; used ticker fallback; country unknown
ENT001707,HLNE,HLNE,HLNE,,TRUE,Unknown,Unknown,GSE580_theta_data.csv,2026-05-08,0.80,parent relationships not resolved in v0; company_name missing; used ticker fallback; country unknown
ENT001708,HLSE:DETEC,HLSE:DETEC,HLSE:DETEC,,TRUE,Unknown,Unknown,GSE580_theta_data.csv,2026-05-08,0.80,parent relationships not resolved in v0; company_name missing; used ticker fallback; country unknown
ENT001709,HLSE:ELISA,HLSE:ELISA,HLSE:ELISA,,TRUE,Unknown,Unknown,GSE580_theta_data.csv,2026-05-08,0.80,parent relationships not resolved in v0; company_name missing; used ticker fallback; country unknown
ENT001710,HLSE:FORTUM,HLSE:FORTUM,HLSE:FORTUM,,TRUE,Unknown,Unknown,GSE580_theta_data.csv,2026-05-08,0.80,parent relationships not resolved in v0; company_name missing; used ticker fallback; country unknown
ENT001711,HLSE:FSKRS,HLSE:FSKRS,HLSE:FSKRS,,TRUE,Unknown,Unknown,GSE580_theta_data.csv,2026-05-08,0.80,parent relationships not resolved in v0; company_name missing; used ticker fallback; country unknown
ENT001712,HLSE:HIAB,HLSE:HIAB,HLSE:HIAB,,TRUE,Unknown,Unknown,GSE580_theta_data.csv,2026-05-08,0.80,parent relationships not resolved in v0; company_name missing; used ticker fallback; country unknown
ENT001713,HLSE:HUH1V,HLSE:HUH1V,HLSE:HUH1V,,TRUE,Unknown,Unknown,GSE580_theta_data.csv,2026-05-08,0.80,parent relationships not resolved in v0; company_name missing; used ticker fallback; country unknown
ENT001714,HLSE:KCR,HLSE:KCR,HLSE:KCR,,TRUE,Unknown,Unknown,GSE580_theta_data.csv,2026-05-08,0.80,parent relationships not resolved in v0; company_name missing; used ticker fallback; country unknown
ENT001715,HLSE:KEMPOWR,HLSE:KEMPOWR,HLSE:KEMPOWR,,TRUE,Unknown,Unknown,GSE580_theta_data.csv,2026-05-08,0.80,parent relationships not resolved in v0; company_name missing; used ticker fallback; country unknown
ENT001716,HLSE:KNEBV,HLSE:KNEBV,HLSE:KNEBV,,TRUE,Unknown,Unknown,GSE580_theta_data.csv,2026-05-08,0.80,parent relationships not resolved in v0; company_name missing; used ticker fallback; country unknown
ENT001717,HLSE:METSB,HLSE:METSB,HLSE:METSB,,TRUE,Unknown,Unknown,GSE580_theta_data.csv,2026-05-08,0.80,parent relationships not resolved in v0; company_name missing; used ticker fallback; country unknown
ENT001718,HLSE:METSO,HLSE:METSO,HLSE:METSO,,TRUE,Unknown,Unknown,GSE580_theta_data.csv,2026-05-08,0.80,parent relationships not resolved in v0; company_name missing; used ticker fallback; country unknown
ENT001719,HLSE:NESTE,HLSE:NESTE,HLSE:NESTE,,TRUE,Unknown,Unknown,GSE580_theta_data.csv,2026-05-08,0.80,parent relationships not resolved in v0; company_name missing; used ticker fallback; country unknown
ENT001720,HLSE:NXTMH,HLSE:NXTMH,HLSE:NXTMH,,TRUE,Unknown,Unknown,GSE580_theta_data.csv,2026-05-08,0.80,parent relationships not resolved in v0; company_name missing; used ticker fallback; country unknown
ENT001721,HLSE:SAMPO,HLSE:SAMPO,HLSE:SAMPO,,TRUE,Unknown,Unknown,GSE580_theta_data.csv,2026-05-08,0.80,parent relationships not resolved in v0; company_name missing; used ticker fallback; country unknown
ENT001722,HLSE:SANOMA,HLSE:SANOMA,HLSE:SANOMA,,TRUE,Unknown,Unknown,GSE580_theta_data.csv,2026-05-08,0.80,parent relationships not resolved in v0; company_name missing; used ticker fallback; country unknown
ENT001723,HLSE:STERV,HLSE:STERV,HLSE:STERV,,TRUE,Unknown,Unknown,GSE580_theta_data.csv,2026-05-08,0.80,parent relationships not resolved in v0; company_name missing; used ticker fallback; country unknown
ENT001724,HLSE:UPM,HLSE:UPM,HLSE:UPM,,TRUE,Unknown,Unknown,GSE580_theta_data.csv,2026-05-08,0.80,parent relationships not resolved in v0; company_name missing; used ticker fallback; country unknown
ENT001725,HLSE:VALMT,HLSE:VALMT,HLSE:VALMT,,TRUE,Unknown,Unknown,GSE580_theta_data.csv,2026-05-08,0.80,parent relationships not resolved in v0; company_name missing; used ticker fallback; country unknown
ENT001726,HLSE:WRT1V,HLSE:WRT1V,HLSE:WRT1V,,TRUE,Unknown,Unknown,GSE580_theta_data.csv,2026-05-08,0.80,parent relationships not resolved in v0; company_name missing; used ticker fallback; country unknown
ENT001727,HLT,HLT,HLT,,TRUE,Unknown,Unknown,GSE580_theta_data.csv,2026-05-08,0.80,parent relationships not resolved in v0; company_name missing; used ticker fallback; country unknown
ENT001728,HLTC,HLTC,HLTC,,TRUE,Unknown,Unknown,GSE580_theta_data.csv,2026-05-08,0.80,parent relationships not resolved in v0; company_name missing; used ticker fallback; country unknown
ENT001729,HLX,HLX,HLX,,TRUE,Unknown,Unknown,GSE580_theta_data.csv,2026-05-08,0.80,parent relationships not resolved in v0; company_name missing; used ticker fallback; country unknown
ENT001730,HMC,HMC,HMC,,TRUE,Unknown,Unknown,GSE580_theta_data.csv,2026-05-08,0.80,parent relationships not resolved in v0; company_name missing; used ticker fallback; country unknown
ENT001731,HMN,HMN,HMN,,TRUE,Unknown,Unknown,GSE580_theta_data.csv,2026-05-08,0.80,parent relationships not resolved in v0; company_name missing; used ticker fallback; country unknown
ENT001732,HNGE,HNGE,HNGE,,TRUE,United States,North America,GSE580_theta_data.csv,2026-05-08,0.80,parent relationships not resolved in v0; company_name missing; used ticker fallback
ENT001733,HNI,HNI,HNI,,TRUE,United States,North America,GSE580_theta_data.csv,2026-05-08,0.80,parent relationships not resolved in v0; company_name missing; used ticker fallback
ENT001734,HNRG,HNRG,HNRG,,TRUE,Unknown,Unknown,GSE580_theta_data.csv,2026-05-08,0.80,parent relationships not resolved in v0; company_name missing; used ticker fallback; country unknown
ENT001735,HNST,HNST,HNST,,TRUE,Unknown,Unknown,GSE580_theta_data.csv,2026-05-08,0.80,parent relationships not resolved in v0; company_name missing; used ticker fallback; country unknown
ENT001736,HOFT,HOFT,HOFT,,TRUE,Unknown,Unknown,GSE580_theta_data.csv,2026-05-08,0.80,parent relationships not resolved in v0; company_name missing; used ticker fallback; country unknown
ENT001737,HOG,HOG,HOG,,TRUE,Unknown,Unknown,GSE580_theta_data.csv,2026-05-08,0.80,parent relationships not resolved in v0; company_name missing; used ticker fallback; country unknown
ENT001738,HOLX,HOLX,HOLX,,TRUE,Unknown,Unknown,GSE580_theta_data.csv,2026-05-08,0.80,parent relationships not resolved in v0; company_name missing; used ticker fallback; country unknown
ENT001739,HON,HON,HON,,TRUE,Unknown,Unknown,GSE580_theta_data.csv,2026-05-08,0.80,parent relationships not resolved in v0; company_name missing; used ticker fallback; country unknown
ENT001740,HOOD,HOOD,HOOD,,TRUE,Unknown,Unknown,GSE580_theta_data.csv,2026-05-08,0.80,parent relationships not resolved in v0; company_name missing; used ticker fallback; country unknown
ENT001741,HOUS,HOUS,HOUS,,TRUE,Unknown,Unknown,GSE580_theta_data.csv,2026-05-08,0.80,parent relationships not resolved in v0; company_name missing; used ticker fallback; country unknown
ENT001742,HOV,HOV,HOV,,TRUE,Unknown,Unknown,GSE580_theta_data.csv,2026-05-08,0.80,parent relationships not resolved in v0; company_name missing; used ticker fallback; country unknown
ENT001743,HP,HP,HP,,TRUE,Unknown,Unknown,GSE580_theta_data.csv,2026-05-08,0.80,parent relationships not resolved in v0; company_name missing; used ticker fallback; country unknown
ENT001744,HPE,HPE,HPE,,TRUE,Unknown,Unknown,GSE580_theta_data.csv,2026-05-08,0.80,parent relationships not resolved in v0; company_name missing; used ticker fallback; country unknown
ENT001745,HPP,HPP,HPP,,TRUE,Unknown,Unknown,GSE580_theta_data.csv,2026-05-08,0.80,parent relationships not resolved in v0; company_name missing; used ticker fallback; country unknown
ENT001746,HPQ,HPQ,HPQ,,TRUE,Unknown,Unknown,GSE580_theta_data.csv,2026-05-08,0.80,parent relationships not resolved in v0; company_name missing; used ticker fallback; country unknown
ENT001747,HQI,HQI,HQI,,TRUE,Unknown,Unknown,GSE580_theta_data.csv,2026-05-08,0.80,parent relationships not resolved in v0; company_name missing; used ticker fallback; country unknown
ENT001748,HQY,HQY,HQY,,TRUE,Unknown,Unknown,GSE580_theta_data.csv,2026-05-08,0.80,parent relationships not resolved in v0; company_name missing; used ticker fallback; country unknown
ENT001749,HR,HR,HR,,TRUE,Unknown,Unknown,GSE580_theta_data.csv,2026-05-08,0.80,parent relationships not resolved in v0; company_name missing; used ticker fallback; country unknown
ENT001750,HRB,HRB,HRB,,TRUE,Unknown,Unknown,GSE580_theta_data.csv,2026-05-08,0.80,parent relationships not resolved in v0; company_name missing; used ticker fallback; country unknown
ENT001751,HRI,HRI,HRI,,TRUE,Unknown,Unknown,GSE580_theta_data.csv,2026-05-08,0.80,parent relationships not resolved in v0; company_name missing; used ticker fallback; country unknown
ENT001752,HRL,HRL,HRL,,TRUE,Unknown,Unknown,GSE580_theta_data.csv,2026-05-08,0.80,parent relationships not resolved in v0; company_name missing; used ticker fallback; country unknown
ENT001753,HRMY,HRMY,HRMY,,TRUE,Unknown,Unknown,GSE580_theta_data.csv,2026-05-08,0.80,parent relationships not resolved in v0; company_name missing; used ticker fallback; country unknown
ENT001754,HROW,HROW,HROW,,TRUE,Unknown,Unknown,GSE580_theta_data.csv,2026-05-08,0.80,parent relationships not resolved in v0; company_name missing; used ticker fallback; country unknown
ENT001755,HRTG,HRTG,HRTG,,TRUE,Unknown,Unknown,GSE580_theta_data.csv,2026-05-08,0.80,parent relationships not resolved in v0; company_name missing; used ticker fallback; country unknown
ENT001756,HSAI,HSAI,HSAI,,TRUE,Unknown,Unknown,GSE580_theta_data.csv,2026-05-08,0.80,parent relationships not resolved in v0; company_name missing; used ticker fallback; country unknown
ENT001757,HSBC,HSBC,HSBC,,TRUE,Unknown,Unknown,GSE580_theta_data.csv,2026-05-08,0.80,parent relationships not resolved in v0; company_name missing; used ticker fallback; country unknown
ENT001758,HSDT,HSDT,HSDT,,TRUE,Unknown,Unknown,GSE580_theta_data.csv,2026-05-08,0.80,parent relationships not resolved in v0; company_name missing; used ticker fallback; country unknown
ENT001759,HSHP,HSHP,HSHP,,TRUE,Unknown,Unknown,GSE580_theta_data.csv,2026-05-08,0.80,parent relationships not resolved in v0; company_name missing; used ticker fallback; country unknown
ENT001760,HSIC,HSIC,HSIC,,TRUE,Unknown,Unknown,GSE580_theta_data.csv,2026-05-08,0.80,parent relationships not resolved in v0; company_name missing; used ticker fallback; country unknown
ENT001761,HSII,HSII,HSII,,TRUE,Unknown,Unknown,GSE580_theta_data.csv,2026-05-08,0.80,parent relationships not resolved in v0; company_name missing; used ticker fallback; country unknown
ENT001762,HST,HST,HST,,TRUE,United States,North America,GSE580_theta_data.csv,2026-05-08,0.80,parent relationships not resolved in v0; company_name missing; used ticker fallback
ENT001763,HSTM,HSTM,HSTM,,TRUE,Unknown,Unknown,GSE580_theta_data.csv,2026-05-08,0.80,parent relationships not resolved in v0; company_name missing; used ticker fallback; country unknown
ENT001764,HSY,HSY,HSY,,TRUE,Unknown,Unknown,GSE580_theta_data.csv,2026-05-08,0.80,parent relationships not resolved in v0; company_name missing; used ticker fallback; country unknown
ENT001765,HTFL,HTFL,HTFL,,TRUE,Unknown,Unknown,GSE580_theta_data.csv,2026-05-08,0.80,parent relationships not resolved in v0; company_name missing; used ticker fallback; country unknown
ENT001766,HTHT,HTHT,HTHT,,TRUE,Unknown,Unknown,GSE580_theta_data.csv,2026-05-08,0.80,parent relationships not resolved in v0; company_name missing; used ticker fallback; country unknown
ENT001767,HTLD,HTLD,HTLD,,TRUE,Unknown,Unknown,GSE580_theta_data.csv,2026-05-08,0.80,parent relationships not resolved in v0; company_name missing; used ticker fallback; country unknown
ENT001768,HTO,HTO,HTO,,TRUE,United States,North America,GSE580_theta_data.csv,2026-05-08,0.80,parent relationships not resolved in v0; company_name missing; used ticker fallback
ENT001769,HTT,HTT,HTT,,TRUE,Unknown,Unknown,GSE580_theta_data.csv,2026-05-08,0.80,parent relationships not resolved in v0; company_name missing; used ticker fallback; country unknown
ENT001770,HTZ,HTZ,HTZ,,TRUE,Unknown,Unknown,GSE580_theta_data.csv,2026-05-08,0.80,parent relationships not resolved in v0; company_name missing; used ticker fallback; country unknown
ENT001771,HUBB,HUBB,HUBB,,TRUE,United States,North America,GSE580_theta_data.csv,2026-05-08,0.80,parent relationships not resolved in v0; company_name missing; used ticker fallback
ENT001772,HUBG,HUBG,HUBG,,TRUE,Unknown,Unknown,GSE580_theta_data.csv,2026-05-08,0.80,parent relationships not resolved in v0; company_name missing; used ticker fallback; country unknown
ENT001773,HUBS,HUBS,HUBS,,TRUE,Unknown,Unknown,GSE580_theta_data.csv,2026-05-08,0.80,parent relationships not resolved in v0; company_name missing; used ticker fallback; country unknown
ENT001774,HUHU,HUHU,HUHU,,TRUE,Unknown,Unknown,GSE580_theta_data.csv,2026-05-08,0.80,parent relationships not resolved in v0; company_name missing; used ticker fallback; country unknown
ENT001775,HUM,HUM,HUM,,TRUE,Unknown,Unknown,GSE580_theta_data.csv,2026-05-08,0.80,parent relationships not resolved in v0; company_name missing; used ticker fallback; country unknown
ENT001776,HUN,HUN,HUN,,TRUE,Unknown,Unknown,GSE580_theta_data.csv,2026-05-08,0.80,parent relationships not resolved in v0; company_name missing; used ticker fallback; country unknown
ENT001777,HURN,HURN,HURN,,TRUE,United States,North America,GSE580_theta_data.csv,2026-05-08,0.80,parent relationships not resolved in v0; company_name missing; used ticker fallback
ENT001778,HUT,HUT,HUT,,TRUE,Unknown,Unknown,GSE580_theta_data.csv,2026-05-08,0.80,parent relationships not resolved in v0; company_name missing; used ticker fallback; country unknown
ENT001779,HUYA,HUYA,HUYA,,TRUE,Unknown,Unknown,GSE580_theta_data.csv,2026-05-08,0.80,parent relationships not resolved in v0; company_name missing; used ticker fallback; country unknown
ENT001780,HVII,HVII,HVII,,TRUE,Unknown,Unknown,GSE580_theta_data.csv,2026-05-08,0.80,parent relationships not resolved in v0; company_name missing; used ticker fallback; country unknown
ENT001781,HVT,HVT,HVT,,TRUE,Unknown,Unknown,GSE580_theta_data.csv,2026-05-08,0.80,parent relationships not resolved in v0; company_name missing; used ticker fallback; country unknown
ENT001782,HVT.A,HVT.A,HVT.A,,TRUE,Unknown,Unknown,GSE580_theta_data.csv,2026-05-08,0.80,parent relationships not resolved in v0; company_name missing; used ticker fallback; country unknown
ENT001783,HWKN,HWKN,HWKN,,TRUE,Unknown,Unknown,GSE580_theta_data.csv,2026-05-08,0.80,parent relationships not resolved in v0; company_name missing; used ticker fallback; country unknown
ENT001784,HWM,HWM,HWM,,TRUE,Unknown,Unknown,GSE580_theta_data.csv,2026-05-08,0.80,parent relationships not resolved in v0; company_name missing; used ticker fallback; country unknown
ENT001785,HXL,HXL,HXL,,TRUE,Unknown,Unknown,GSE580_theta_data.csv,2026-05-08,0.80,parent relationships not resolved in v0; company_name missing; used ticker fallback; country unknown
ENT001786,HY,HY,HY,,TRUE,Unknown,Unknown,GSE580_theta_data.csv,2026-05-08,0.80,parent relationships not resolved in v0; company_name missing; used ticker fallback; country unknown
ENT001787,HYLN,HYLN,HYLN,,TRUE,Unknown,Unknown,GSE580_theta_data.csv,2026-05-08,0.80,parent relationships not resolved in v0; company_name missing; used ticker fallback; country unknown
ENT001788,HYMC,HYMC,HYMC,,TRUE,Unknown,Unknown,GSE580_theta_data.csv,2026-05-08,0.80,parent relationships not resolved in v0; company_name missing; used ticker fallback; country unknown
ENT001789,HYPR,HYPR,HYPR,,TRUE,Unknown,Unknown,GSE580_theta_data.csv,2026-05-08,0.80,parent relationships not resolved in v0; company_name missing; used ticker fallback; country unknown
ENT001790,HYSR,HYSR,HYSR,,TRUE,Unknown,Unknown,GSE580_theta_data.csv,2026-05-08,0.80,parent relationships not resolved in v0; company_name missing; used ticker fallback; country unknown
ENT001791,HZO,HZO,HZO,,TRUE,Unknown,Unknown,GSE580_theta_data.csv,2026-05-08,0.80,parent relationships not resolved in v0; company_name missing; used ticker fallback; country unknown
ENT001792,IAC,IAC,IAC,,TRUE,Unknown,Unknown,GSE580_theta_data.csv,2026-05-08,0.80,parent relationships not resolved in v0; company_name missing; used ticker fallback; country unknown
ENT001793,IART,IART,IART,,TRUE,Unknown,Unknown,GSE580_theta_data.csv,2026-05-08,0.80,parent relationships not resolved in v0; company_name missing; used ticker fallback; country unknown
ENT001794,IAS,IAS,IAS,,TRUE,Unknown,Unknown,GSE580_theta_data.csv,2026-05-08,0.80,parent relationships not resolved in v0; company_name missing; used ticker fallback; country unknown
ENT001795,IBEX,IBEX,IBEX,,TRUE,Unknown,Unknown,GSE580_theta_data.csv,2026-05-08,0.80,parent relationships not resolved in v0; company_name missing; used ticker fallback; country unknown
ENT001796,IBKR,IBKR,IBKR,,TRUE,Unknown,Unknown,GSE580_theta_data.csv,2026-05-08,0.80,parent relationships not resolved in v0; company_name missing; used ticker fallback; country unknown
ENT001797,IBM,IBM,IBM,,TRUE,Unknown,Unknown,GSE580_theta_data.csv,2026-05-08,0.80,parent relationships not resolved in v0; company_name missing; used ticker fallback; country unknown
ENT001798,IBN,IBN,IBN,,TRUE,Unknown,Unknown,GSE580_theta_data.csv,2026-05-08,0.80,parent relationships not resolved in v0; company_name missing; used ticker fallback; country unknown
ENT001799,IBP,IBP,IBP,,TRUE,Unknown,Unknown,GSE580_theta_data.csv,2026-05-08,0.80,parent relationships not resolved in v0; company_name missing; used ticker fallback; country unknown
ENT001800,IBSE:BIMAS,IBSE:BIMAS,IBSE:BIMAS,,TRUE,Unknown,Unknown,GSE580_theta_data.csv,2026-05-08,0.80,parent relationships not resolved in v0; company_name missing; used ticker fallback; country unknown
ENT001801,IBSE:MGROS,IBSE:MGROS,IBSE:MGROS,,TRUE,Unknown,Unknown,GSE580_theta_data.csv,2026-05-08,0.80,parent relationships not resolved in v0; company_name missing; used ticker fallback; country unknown
ENT001802,IBTA,IBTA,IBTA,,TRUE,Unknown,Unknown,GSE580_theta_data.csv,2026-05-08,0.80,parent relationships not resolved in v0; company_name missing; used ticker fallback; country unknown
ENT001803,ICE,ICE,ICE,,TRUE,Unknown,Unknown,GSE580_theta_data.csv,2026-05-08,0.80,parent relationships not resolved in v0; company_name missing; used ticker fallback; country unknown
ENT001804,ICFI,ICFI,ICFI,,TRUE,Unknown,Unknown,GSE580_theta_data.csv,2026-05-08,0.80,parent relationships not resolved in v0; company_name missing; used ticker fallback; country unknown
ENT001805,ICHR,ICHR,ICHR,,TRUE,Unknown,Unknown,GSE580_theta_data.csv,2026-05-08,0.80,parent relationships not resolved in v0; company_name missing; used ticker fallback; country unknown
ENT001806,ICL,ICL,ICL,,TRUE,Unknown,Unknown,GSE580_theta_data.csv,2026-05-08,0.80,parent relationships not resolved in v0; company_name missing; used ticker fallback; country unknown
ENT001807,ICLR,ICLR,ICLR,,TRUE,Unknown,Unknown,GSE580_theta_data.csv,2026-05-08,0.80,parent relationships not resolved in v0; company_name missing; used ticker fallback; country unknown
ENT001808,ICTS.F,ICTS.F,ICTS.F,,TRUE,Unknown,Unknown,GSE580_theta_data.csv,2026-05-08,0.80,parent relationships not resolved in v0; company_name missing; used ticker fallback; country unknown
ENT001809,ICUI,ICUI,ICUI,,TRUE,Unknown,Unknown,GSE580_theta_data.csv,2026-05-08,0.80,parent relationships not resolved in v0; company_name missing; used ticker fallback; country unknown
ENT001810,IDA,IDA,IDA,,TRUE,Unknown,Unknown,GSE580_theta_data.csv,2026-05-08,0.80,parent relationships not resolved in v0; company_name missing; used ticker fallback; country unknown
ENT001811,IDCC,IDCC,IDCC,,TRUE,Unknown,Unknown,GSE580_theta_data.csv,2026-05-08,0.80,parent relationships not resolved in v0; company_name missing; used ticker fallback; country unknown
ENT001812,IDR,IDR,IDR,,TRUE,Unknown,Unknown,GSE580_theta_data.csv,2026-05-08,0.80,parent relationships not resolved in v0; company_name missing; used ticker fallback; country unknown
ENT001813,IDT,IDT,IDT,,TRUE,Unknown,Unknown,GSE580_theta_data.csv,2026-05-08,0.80,parent relationships not resolved in v0; company_name missing; used ticker fallback; country unknown
ENT001814,IDX:ACES,IDX:ACES,IDX:ACES,,TRUE,Unknown,Unknown,GSE580_theta_data.csv,2026-05-08,0.80,parent relationships not resolved in v0; company_name missing; used ticker fallback; country unknown
ENT001815,IDX:ADRO,IDX:ADRO,IDX:ADRO,,TRUE,Unknown,Unknown,GSE580_theta_data.csv,2026-05-08,0.80,parent relationships not resolved in v0; company_name missing; used ticker fallback; country unknown
ENT001816,IDX:ASII,IDX:ASII,IDX:ASII,,TRUE,Unknown,Unknown,GSE580_theta_data.csv,2026-05-08,0.80,parent relationships not resolved in v0; company_name missing; used ticker fallback; country unknown
ENT001817,IDX:BBCA,IDX:BBCA,IDX:BBCA,,TRUE,Unknown,Unknown,GSE580_theta_data.csv,2026-05-08,0.80,parent relationships not resolved in v0; company_name missing; used ticker fallback; country unknown
ENT001818,IDX:BBRI,IDX:BBRI,IDX:BBRI,,TRUE,Unknown,Unknown,GSE580_theta_data.csv,2026-05-08,0.80,parent relationships not resolved in v0; company_name missing; used ticker fallback; country unknown
ENT001819,IDX:GGRM,IDX:GGRM,IDX:GGRM,,TRUE,Unknown,Unknown,GSE580_theta_data.csv,2026-05-08,0.80,parent relationships not resolved in v0; company_name missing; used ticker fallback; country unknown
ENT001820,IDX:INDF,IDX:INDF,IDX:INDF,,TRUE,Unknown,Unknown,GSE580_theta_data.csv,2026-05-08,0.80,parent relationships not resolved in v0; company_name missing; used ticker fallback; country unknown
ENT001821,IDX:PGEO,IDX:PGEO,IDX:PGEO,,TRUE,Unknown,Unknown,GSE580_theta_data.csv,2026-05-08,0.80,parent relationships not resolved in v0; company_name missing; used ticker fallback; country unknown
ENT001822,IDXX,IDXX,IDXX,,TRUE,Unknown,Unknown,GSE580_theta_data.csv,2026-05-08,0.80,parent relationships not resolved in v0; company_name missing; used ticker fallback; country unknown
ENT001823,IE,IE,IE,,TRUE,Unknown,Unknown,GSE580_theta_data.csv,2026-05-08,0.80,parent relationships not resolved in v0; company_name missing; used ticker fallback; country unknown
ENT001824,IEP,IEP,IEP,,TRUE,Unknown,Unknown,GSE580_theta_data.csv,2026-05-08,0.80,parent relationships not resolved in v0; company_name missing; used ticker fallback; country unknown
ENT001825,IESC,IESC,IESC,,TRUE,Unknown,Unknown,GSE580_theta_data.csv,2026-05-08,0.80,parent relationships not resolved in v0; company_name missing; used ticker fallback; country unknown
ENT001826,IEX,IEX,IEX,,TRUE,Unknown,Unknown,GSE580_theta_data.csv,2026-05-08,0.80,parent relationships not resolved in v0; company_name missing; used ticker fallback; country unknown
ENT001827,IFF,IFF,IFF,,TRUE,Unknown,Unknown,GSE580_theta_data.csv,2026-05-08,0.80,parent relationships not resolved in v0; company_name missing; used ticker fallback; country unknown
ENT001828,IFS,IFS,IFS,,TRUE,Unknown,Unknown,GSE580_theta_data.csv,2026-05-08,0.80,parent relationships not resolved in v0; company_name missing; used ticker fallback; country unknown
ENT001829,IGIC,IGIC,IGIC,,TRUE,Unknown,Unknown,GSE580_theta_data.csv,2026-05-08,0.80,parent relationships not resolved in v0; company_name missing; used ticker fallback; country unknown
ENT001830,IH,IH,IH,,TRUE,Unknown,Unknown,GSE580_theta_data.csv,2026-05-08,0.80,parent relationships not resolved in v0; company_name missing; used ticker fallback; country unknown
ENT001831,IHG,IHG,IHG,,TRUE,Unknown,Unknown,GSE580_theta_data.csv,2026-05-08,0.80,parent relationships not resolved in v0; company_name missing; used ticker fallback; country unknown
ENT001832,IHRT,IHRT,IHRT,,TRUE,Unknown,Unknown,GSE580_theta_data.csv,2026-05-08,0.80,parent relationships not resolved in v0; company_name missing; used ticker fallback; country unknown
ENT001833,IHS,IHS,IHS,,TRUE,Unknown,Unknown,GSE580_theta_data.csv,2026-05-08,0.80,parent relationships not resolved in v0; company_name missing; used ticker fallback; country unknown
ENT001834,III,III,III,,TRUE,Unknown,Unknown,GSE580_theta_data.csv,2026-05-08,0.80,parent relationships not resolved in v0; company_name missing; used ticker fallback; country unknown
ENT001835,IIIN,IIIN,IIIN,,TRUE,Unknown,Unknown,GSE580_theta_data.csv,2026-05-08,0.80,parent relationships not resolved in v0; company_name missing; used ticker fallback; country unknown
ENT001836,IIIV,IIIV,IIIV,,TRUE,Unknown,Unknown,GSE580_theta_data.csv,2026-05-08,0.80,parent relationships not resolved in v0; company_name missing; used ticker fallback; country unknown
ENT001837,IIPR,IIPR,IIPR,,TRUE,Unknown,Unknown,GSE580_theta_data.csv,2026-05-08,0.80,parent relationships not resolved in v0; company_name missing; used ticker fallback; country unknown
ENT001838,ILMN,ILMN,ILMN,,TRUE,Unknown,Unknown,GSE580_theta_data.csv,2026-05-08,0.80,parent relationships not resolved in v0; company_name missing; used ticker fallback; country unknown
ENT001839,ILPT,ILPT,ILPT,,TRUE,Unknown,Unknown,GSE580_theta_data.csv,2026-05-08,0.80,parent relationships not resolved in v0; company_name missing; used ticker fallback; country unknown
ENT001840,IMAX,IMAX,IMAX,,TRUE,Unknown,Unknown,GSE580_theta_data.csv,2026-05-08,0.80,parent relationships not resolved in v0; company_name missing; used ticker fallback; country unknown
ENT001841,IMKT.A,IMKT.A,IMKT.A,,TRUE,Unknown,Unknown,GSE580_theta_data.csv,2026-05-08,0.80,parent relationships not resolved in v0; company_name missing; used ticker fallback; country unknown
ENT001842,IMMR,IMMR,IMMR,,TRUE,Unknown,Unknown,GSE580_theta_data.csv,2026-05-08,0.80,parent relationships not resolved in v0; company_name missing; used ticker fallback; country unknown
ENT001843,IMOS,IMOS,IMOS,,TRUE,Unknown,Unknown,GSE580_theta_data.csv,2026-05-08,0.80,parent relationships not resolved in v0; company_name missing; used ticker fallback; country unknown
ENT001844,IMSR,IMSR,IMSR,,TRUE,Unknown,Unknown,GSE580_theta_data.csv,2026-05-08,0.80,parent relationships not resolved in v0; company_name missing; used ticker fallback; country unknown
ENT001845,IMXI,IMXI,IMXI,,TRUE,Unknown,Unknown,GSE580_theta_data.csv,2026-05-08,0.80,parent relationships not resolved in v0; company_name missing; used ticker fallback; country unknown
ENT001846,INDI,INDI,INDI,,TRUE,Unknown,Unknown,GSE580_theta_data.csv,2026-05-08,0.80,parent relationships not resolved in v0; company_name missing; used ticker fallback; country unknown
ENT001847,INDV,INDV,INDV,,TRUE,Unknown,Unknown,GSE580_theta_data.csv,2026-05-08,0.80,parent relationships not resolved in v0; company_name missing; used ticker fallback; country unknown
ENT001848,INFA,INFA,INFA,,TRUE,Unknown,Unknown,GSE580_theta_data.csv,2026-05-08,0.80,parent relationships not resolved in v0; company_name missing; used ticker fallback; country unknown
ENT001849,INFQ,INFQ,INFQ,,TRUE,Unknown,Unknown,GSE580_theta_data.csv,2026-05-08,0.80,parent relationships not resolved in v0; company_name missing; used ticker fallback; country unknown
ENT001850,INFU,INFU,INFU,,TRUE,Unknown,Unknown,GSE580_theta_data.csv,2026-05-08,0.80,parent relationships not resolved in v0; company_name missing; used ticker fallback; country unknown
ENT001851,INFY,INFY,INFY,,TRUE,Unknown,Unknown,GSE580_theta_data.csv,2026-05-08,0.80,parent relationships not resolved in v0; company_name missing; used ticker fallback; country unknown
ENT001852,ING,ING,ING,,TRUE,Unknown,Unknown,GSE580_theta_data.csv,2026-05-08,0.80,parent relationships not resolved in v0; company_name missing; used ticker fallback; country unknown
ENT001853,INGM,INGM,INGM,,TRUE,Unknown,Unknown,GSE580_theta_data.csv,2026-05-08,0.80,parent relationships not resolved in v0; company_name missing; used ticker fallback; country unknown
ENT001854,INGN,INGN,INGN,,TRUE,Unknown,Unknown,GSE580_theta_data.csv,2026-05-08,0.80,parent relationships not resolved in v0; company_name missing; used ticker fallback; country unknown
ENT001855,INGR,INGR,INGR,,TRUE,Unknown,Unknown,GSE580_theta_data.csv,2026-05-08,0.80,parent relationships not resolved in v0; company_name missing; used ticker fallback; country unknown
ENT001856,INMD,INMD,INMD,,TRUE,Unknown,Unknown,GSE580_theta_data.csv,2026-05-08,0.80,parent relationships not resolved in v0; company_name missing; used ticker fallback; country unknown
ENT001857,INN,INN,INN,,TRUE,Unknown,Unknown,GSE580_theta_data.csv,2026-05-08,0.80,parent relationships not resolved in v0; company_name missing; used ticker fallback; country unknown
ENT001858,INNV,INNV,INNV,,TRUE,Unknown,Unknown,GSE580_theta_data.csv,2026-05-08,0.80,parent relationships not resolved in v0; company_name missing; used ticker fallback; country unknown
ENT001859,INOD,INOD,INOD,,TRUE,Unknown,Unknown,GSE580_theta_data.csv,2026-05-08,0.80,parent relationships not resolved in v0; company_name missing; used ticker fallback; country unknown
ENT001860,INSE,INSE,INSE,,TRUE,Unknown,Unknown,GSE580_theta_data.csv,2026-05-08,0.80,parent relationships not resolved in v0; company_name missing; used ticker fallback; country unknown
ENT001861,INSG,INSG,INSG,,TRUE,Unknown,Unknown,GSE580_theta_data.csv,2026-05-08,0.80,parent relationships not resolved in v0; company_name missing; used ticker fallback; country unknown
ENT001862,INSP,INSP,INSP,,TRUE,Unknown,Unknown,GSE580_theta_data.csv,2026-05-08,0.80,parent relationships not resolved in v0; company_name missing; used ticker fallback; country unknown
ENT001863,INSW,INSW,INSW,,TRUE,Unknown,Unknown,GSE580_theta_data.csv,2026-05-08,0.80,parent relationships not resolved in v0; company_name missing; used ticker fallback; country unknown
ENT001864,INTA,INTA,INTA,,TRUE,Unknown,Unknown,GSE580_theta_data.csv,2026-05-08,0.80,parent relationships not resolved in v0; company_name missing; used ticker fallback; country unknown
ENT001865,INTC,INTC,INTC,,TRUE,Unknown,Unknown,GSE580_theta_data.csv,2026-05-08,0.80,parent relationships not resolved in v0; company_name missing; used ticker fallback; country unknown
ENT001866,INTR,INTR,INTR,,TRUE,Unknown,Unknown,GSE580_theta_data.csv,2026-05-08,0.80,parent relationships not resolved in v0; company_name missing; used ticker fallback; country unknown
ENT001867,INTU,INTU,INTU,,TRUE,Unknown,Unknown,GSE580_theta_data.csv,2026-05-08,0.80,parent relationships not resolved in v0; company_name missing; used ticker fallback; country unknown
ENT001868,INV,INV,INV,,TRUE,Unknown,Unknown,GSE580_theta_data.csv,2026-05-08,0.80,parent relationships not resolved in v0; company_name missing; used ticker fallback; country unknown
ENT001869,INVA,INVA,INVA,,TRUE,Unknown,Unknown,GSE580_theta_data.csv,2026-05-08,0.80,parent relationships not resolved in v0; company_name missing; used ticker fallback; country unknown
ENT001870,INVH,INVH,INVH,,TRUE,Unknown,Unknown,GSE580_theta_data.csv,2026-05-08,0.80,parent relationships not resolved in v0; company_name missing; used ticker fallback; country unknown
ENT001871,INVX,INVX,INVX,,TRUE,Unknown,Unknown,GSE580_theta_data.csv,2026-05-08,0.80,parent relationships not resolved in v0; company_name missing; used ticker fallback; country unknown
ENT001872,INVZ,INVZ,INVZ,,TRUE,Unknown,Unknown,GSE580_theta_data.csv,2026-05-08,0.80,parent relationships not resolved in v0; company_name missing; used ticker fallback; country unknown
ENT001873,IONQ,IONQ,IONQ,,TRUE,Unknown,Unknown,GSE580_theta_data.csv,2026-05-08,0.80,parent relationships not resolved in v0; company_name missing; used ticker fallback; country unknown
ENT001874,IOSP,IOSP,IOSP,,TRUE,Unknown,Unknown,GSE580_theta_data.csv,2026-05-08,0.80,parent relationships not resolved in v0; company_name missing; used ticker fallback; country unknown
ENT001875,IOT,IOT,IOT,,TRUE,Unknown,Unknown,GSE580_theta_data.csv,2026-05-08,0.80,parent relationships not resolved in v0; company_name missing; used ticker fallback; country unknown
ENT001876,IP,IP,IP,,TRUE,Unknown,Unknown,GSE580_theta_data.csv,2026-05-08,0.80,parent relationships not resolved in v0; company_name missing; used ticker fallback; country unknown
ENT001877,IPAR,IPAR,IPAR,,TRUE,Unknown,Unknown,GSE580_theta_data.csv,2026-05-08,0.80,parent relationships not resolved in v0; company_name missing; used ticker fallback; country unknown
ENT001878,IPG,IPG,IPG,,TRUE,Unknown,Unknown,GSE580_theta_data.csv,2026-05-08,0.80,parent relationships not resolved in v0; company_name missing; used ticker fallback; country unknown
ENT001879,IPGP,IPGP,IPGP,,TRUE,Unknown,Unknown,GSE580_theta_data.csv,2026-05-08,0.80,parent relationships not resolved in v0; company_name missing; used ticker fallback; country unknown
ENT001880,IPI,IPI,IPI,,TRUE,Unknown,Unknown,GSE580_theta_data.csv,2026-05-08,0.80,parent relationships not resolved in v0; company_name missing; used ticker fallback; country unknown
ENT001881,IQ,IQ,IQ,,TRUE,Unknown,Unknown,GSE580_theta_data.csv,2026-05-08,0.80,parent relationships not resolved in v0; company_name missing; used ticker fallback; country unknown
ENT001882,IQV,IQV,IQV,,TRUE,Unknown,Unknown,GSE580_theta_data.csv,2026-05-08,0.80,parent relationships not resolved in v0; company_name missing; used ticker fallback; country unknown
ENT001883,IR,IR,IR,,TRUE,Unknown,Unknown,GSE580_theta_data.csv,2026-05-08,0.80,parent relationships not resolved in v0; company_name missing; used ticker fallback; country unknown
ENT001884,IRDM,IRDM,IRDM,,TRUE,Unknown,Unknown,GSE580_theta_data.csv,2026-05-08,0.80,parent relationships not resolved in v0; company_name missing; used ticker fallback; country unknown
ENT001885,IREN,IREN,IREN,,TRUE,Unknown,Unknown,GSE580_theta_data.csv,2026-05-08,0.80,parent relationships not resolved in v0; company_name missing; used ticker fallback; country unknown
ENT001886,IRM,IRM,IRM,,TRUE,Unknown,Unknown,GSE580_theta_data.csv,2026-05-08,0.80,parent relationships not resolved in v0; company_name missing; used ticker fallback; country unknown
ENT001887,IRMD,IRMD,IRMD,,TRUE,United States,North America,GSE580_theta_data.csv,2026-05-08,0.80,parent relationships not resolved in v0; company_name missing; used ticker fallback
ENT001888,IRS,IRS,IRS,,TRUE,Unknown,Unknown,GSE580_theta_data.csv,2026-05-08,0.80,parent relationships not resolved in v0; company_name missing; used ticker fallback; country unknown
ENT001889,IRT,IRT,IRT,,TRUE,Unknown,Unknown,GSE580_theta_data.csv,2026-05-08,0.80,parent relationships not resolved in v0; company_name missing; used ticker fallback; country unknown
ENT001890,IRTC,IRTC,IRTC,,TRUE,Unknown,Unknown,GSE580_theta_data.csv,2026-05-08,0.80,parent relationships not resolved in v0; company_name missing; used ticker fallback; country unknown
ENT001891,ISE:GL9,ISE:GL9,ISE:GL9,,TRUE,Unknown,Unknown,GSE580_theta_data.csv,2026-05-08,0.80,parent relationships not resolved in v0; company_name missing; used ticker fallback; country unknown
ENT001892,ISE:KRZ,ISE:KRZ,ISE:KRZ,,TRUE,Unknown,Unknown,GSE580_theta_data.csv,2026-05-08,0.80,parent relationships not resolved in v0; company_name missing; used ticker fallback; country unknown
ENT001893,ISE:RYA,ISE:RYA,ISE:RYA,,TRUE,Unknown,Unknown,GSE580_theta_data.csv,2026-05-08,0.80,parent relationships not resolved in v0; company_name missing; used ticker fallback; country unknown
ENT001894,ISRG,ISRG,ISRG,,TRUE,Unknown,Unknown,GSE580_theta_data.csv,2026-05-08,0.80,parent relationships not resolved in v0; company_name missing; used ticker fallback; country unknown
ENT001895,ISSC,ISSC,ISSC,,TRUE,Unknown,Unknown,GSE580_theta_data.csv,2026-05-08,0.80,parent relationships not resolved in v0; company_name missing; used ticker fallback; country unknown
ENT001896,IT,IT,IT,,TRUE,Unknown,Unknown,GSE580_theta_data.csv,2026-05-08,0.80,parent relationships not resolved in v0; company_name missing; used ticker fallback; country unknown
ENT001897,ITGR,ITGR,ITGR,,TRUE,Unknown,Unknown,GSE580_theta_data.csv,2026-05-08,0.80,parent relationships not resolved in v0; company_name missing; used ticker fallback; country unknown
ENT001898,ITIC,ITIC,ITIC,,TRUE,Unknown,Unknown,GSE580_theta_data.csv,2026-05-08,0.80,parent relationships not resolved in v0; company_name missing; used ticker fallback; country unknown
ENT001899,ITRI,ITRI,ITRI,,TRUE,Unknown,Unknown,GSE580_theta_data.csv,2026-05-08,0.80,parent relationships not resolved in v0; company_name missing; used ticker fallback; country unknown
ENT001900,ITRN,ITRN,ITRN,,TRUE,Unknown,Unknown,GSE580_theta_data.csv,2026-05-08,0.80,parent relationships not resolved in v0; company_name missing; used ticker fallback; country unknown
ENT001901,ITT,ITT,ITT,,TRUE,Unknown,Unknown,GSE580_theta_data.csv,2026-05-08,0.80,parent relationships not resolved in v0; company_name missing; used ticker fallback; country unknown
ENT001902,ITUB,ITUB,ITUB,,TRUE,Unknown,Unknown,GSE580_theta_data.csv,2026-05-08,0.80,parent relationships not resolved in v0; company_name missing; used ticker fallback; country unknown
ENT001903,ITW,ITW,ITW,,TRUE,Unknown,Unknown,GSE580_theta_data.csv,2026-05-08,0.80,parent relationships not resolved in v0; company_name missing; used ticker fallback; country unknown
ENT001904,IVR,IVR,IVR,,TRUE,Unknown,Unknown,GSE580_theta_data.csv,2026-05-08,0.80,parent relationships not resolved in v0; company_name missing; used ticker fallback; country unknown
ENT001905,IVT,IVT,IVT,,TRUE,Unknown,Unknown,GSE580_theta_data.csv,2026-05-08,0.80,parent relationships not resolved in v0; company_name missing; used ticker fallback; country unknown
ENT001906,IVZ,IVZ,IVZ,,TRUE,Unknown,Unknown,GSE580_theta_data.csv,2026-05-08,0.80,parent relationships not resolved in v0; company_name missing; used ticker fallback; country unknown
ENT001907,IX,IX,IX,,TRUE,Unknown,Unknown,GSE580_theta_data.csv,2026-05-08,0.80,parent relationships not resolved in v0; company_name missing; used ticker fallback; country unknown
ENT001908,IXHL,IXHL,IXHL,,TRUE,Unknown,Unknown,GSE580_theta_data.csv,2026-05-08,0.80,parent relationships not resolved in v0; company_name missing; used ticker fallback; country unknown
ENT001909,J,J,J,,TRUE,Unknown,Unknown,GSE580_theta_data.csv,2026-05-08,0.80,parent relationships not resolved in v0; company_name missing; used ticker fallback; country unknown
ENT001910,JACK,JACK,JACK,,TRUE,United States,North America,GSE580_theta_data.csv,2026-05-08,0.80,parent relationships not resolved in v0; company_name missing; used ticker fallback
ENT001911,JAKK,JAKK,JAKK,,TRUE,Unknown,Unknown,GSE580_theta_data.csv,2026-05-08,0.80,parent relationships not resolved in v0; company_name missing; used ticker fallback; country unknown
ENT001912,JAMF,JAMF,JAMF,,TRUE,Unknown,Unknown,GSE580_theta_data.csv,2026-05-08,0.80,parent relationships not resolved in v0; company_name missing; used ticker fallback; country unknown
ENT001913,JAZZ,JAZZ,JAZZ,,TRUE,Unknown,Unknown,GSE580_theta_data.csv,2026-05-08,0.80,parent relationships not resolved in v0; company_name missing; used ticker fallback; country unknown
ENT001914,JBGS,JBGS,JBGS,,TRUE,Unknown,Unknown,GSE580_theta_data.csv,2026-05-08,0.80,parent relationships not resolved in v0; company_name missing; used ticker fallback; country unknown
ENT001915,JBHT,JBHT,JBHT,,TRUE,Unknown,Unknown,GSE580_theta_data.csv,2026-05-08,0.80,parent relationships not resolved in v0; company_name missing; used ticker fallback; country unknown
ENT001916,JBI,JBI,JBI,,TRUE,Unknown,Unknown,GSE580_theta_data.csv,2026-05-08,0.80,parent relationships not resolved in v0; company_name missing; used ticker fallback; country unknown
ENT001917,JBL,JBL,JBL,,TRUE,Unknown,Unknown,GSE580_theta_data.csv,2026-05-08,0.80,parent relationships not resolved in v0; company_name missing; used ticker fallback; country unknown
ENT001918,JBLU,JBLU,JBLU,,TRUE,Unknown,Unknown,GSE580_theta_data.csv,2026-05-08,0.80,parent relationships not resolved in v0; company_name missing; used ticker fallback; country unknown
ENT001919,JBS,JBS,JBS,,TRUE,Unknown,Unknown,GSE580_theta_data.csv,2026-05-08,0.80,parent relationships not resolved in v0; company_name missing; used ticker fallback; country unknown
ENT001920,JBSS,JBSS,JBSS,,TRUE,Unknown,Unknown,GSE580_theta_data.csv,2026-05-08,0.80,parent relationships not resolved in v0; company_name missing; used ticker fallback; country unknown
ENT001921,JBTM,JBTM,JBTM,,TRUE,Unknown,Unknown,GSE580_theta_data.csv,2026-05-08,0.80,parent relationships not resolved in v0; company_name missing; used ticker fallback; country unknown
ENT001922,JCAP,JCAP,JCAP,,TRUE,Unknown,Unknown,GSE580_theta_data.csv,2026-05-08,0.80,parent relationships not resolved in v0; company_name missing; used ticker fallback; country unknown
ENT001923,JCI,JCI,JCI,,TRUE,Unknown,Unknown,GSE580_theta_data.csv,2026-05-08,0.80,parent relationships not resolved in v0; company_name missing; used ticker fallback; country unknown
ENT001924,JD,JD,JD,,TRUE,Unknown,Unknown,GSE580_theta_data.csv,2026-05-08,0.80,parent relationships not resolved in v0; company_name missing; used ticker fallback; country unknown
ENT001925,JEF,JEF,JEF,,TRUE,Unknown,Unknown,GSE580_theta_data.csv,2026-05-08,0.80,parent relationships not resolved in v0; company_name missing; used ticker fallback; country unknown
ENT001926,JELD,JELD,JELD,,TRUE,Unknown,Unknown,GSE580_theta_data.csv,2026-05-08,0.80,parent relationships not resolved in v0; company_name missing; used ticker fallback; country unknown
ENT001927,JFB,JFB,JFB,,TRUE,Unknown,Unknown,GSE580_theta_data.csv,2026-05-08,0.80,parent relationships not resolved in v0; company_name missing; used ticker fallback; country unknown
ENT001928,JFIN,JFIN,JFIN,,TRUE,Unknown,Unknown,GSE580_theta_data.csv,2026-05-08,0.80,parent relationships not resolved in v0; company_name missing; used ticker fallback; country unknown
ENT001929,JHG,JHG,JHG,,TRUE,Unknown,Unknown,GSE580_theta_data.csv,2026-05-08,0.80,parent relationships not resolved in v0; company_name missing; used ticker fallback; country unknown
ENT001930,JHX,JHX,JHX,,TRUE,Unknown,Unknown,GSE580_theta_data.csv,2026-05-08,0.80,parent relationships not resolved in v0; company_name missing; used ticker fallback; country unknown
ENT001931,JILL,JILL,JILL,,TRUE,Unknown,Unknown,GSE580_theta_data.csv,2026-05-08,0.80,parent relationships not resolved in v0; company_name missing; used ticker fallback; country unknown
ENT001932,JJSF,JJSF,JJSF,,TRUE,Unknown,Unknown,GSE580_theta_data.csv,2026-05-08,0.80,parent relationships not resolved in v0; company_name missing; used ticker fallback; country unknown
ENT001933,JKHY,JKHY,JKHY,,TRUE,Unknown,Unknown,GSE580_theta_data.csv,2026-05-08,0.80,parent relationships not resolved in v0; company_name missing; used ticker fallback; country unknown
ENT001934,JKS,JKS,JKS,,TRUE,Unknown,Unknown,GSE580_theta_data.csv,2026-05-08,0.80,parent relationships not resolved in v0; company_name missing; used ticker fallback; country unknown
ENT001935,JLL,JLL,JLL,,TRUE,Unknown,Unknown,GSE580_theta_data.csv,2026-05-08,0.80,parent relationships not resolved in v0; company_name missing; used ticker fallback; country unknown
ENT001936,JMIA,JMIA,JMIA,,TRUE,Unknown,Unknown,GSE580_theta_data.csv,2026-05-08,0.80,parent relationships not resolved in v0; company_name missing; used ticker fallback; country unknown
ENT001937,JNJ,JNJ,JNJ,,TRUE,Unknown,Unknown,GSE580_theta_data.csv,2026-05-08,0.80,parent relationships not resolved in v0; company_name missing; used ticker fallback; country unknown
ENT001938,JOBY,JOBY,JOBY,,TRUE,Unknown,Unknown,GSE580_theta_data.csv,2026-05-08,0.80,parent relationships not resolved in v0; company_name missing; used ticker fallback; country unknown
ENT001939,JOE,JOE,JOE,,TRUE,Unknown,Unknown,GSE580_theta_data.csv,2026-05-08,0.80,parent relationships not resolved in v0; company_name missing; used ticker fallback; country unknown
ENT001940,JOUT,JOUT,JOUT,,TRUE,Unknown,Unknown,GSE580_theta_data.csv,2026-05-08,0.80,parent relationships not resolved in v0; company_name missing; used ticker fallback; country unknown
ENT001941,JOYY,JOYY,JOYY,,TRUE,Unknown,Unknown,GSE580_theta_data.csv,2026-05-08,0.80,parent relationships not resolved in v0; company_name missing; used ticker fallback; country unknown
ENT001942,JPM,JPM,JPM,,TRUE,Unknown,Unknown,GSE580_theta_data.csv,2026-05-08,0.80,parent relationships not resolved in v0; company_name missing; used ticker fallback; country unknown
ENT001943,JRVR,JRVR,JRVR,,TRUE,Unknown,Unknown,GSE580_theta_data.csv,2026-05-08,0.80,parent relationships not resolved in v0; company_name missing; used ticker fallback; country unknown
ENT001944,JSE:BID,JSE:BID,JSE:BID,,TRUE,Unknown,Unknown,GSE580_theta_data.csv,2026-05-08,0.80,parent relationships not resolved in v0; company_name missing; used ticker fallback; country unknown
ENT001945,JSE:CLS,JSE:CLS,JSE:CLS,,TRUE,Unknown,Unknown,GSE580_theta_data.csv,2026-05-08,0.80,parent relationships not resolved in v0; company_name missing; used ticker fallback; country unknown
ENT001946,JSE:CPI,JSE:CPI,JSE:CPI,,TRUE,Unknown,Unknown,GSE580_theta_data.csv,2026-05-08,0.80,parent relationships not resolved in v0; company_name missing; used ticker fallback; country unknown
ENT001947,JSE:DSY,JSE:DSY,JSE:DSY,,TRUE,Unknown,Unknown,GSE580_theta_data.csv,2026-05-08,0.80,parent relationships not resolved in v0; company_name missing; used ticker fallback; country unknown
ENT001948,JSE:FSR,JSE:FSR,JSE:FSR,,TRUE,Unknown,Unknown,GSE580_theta_data.csv,2026-05-08,0.80,parent relationships not resolved in v0; company_name missing; used ticker fallback; country unknown
ENT001949,JSE:GFI,JSE:GFI,JSE:GFI,,TRUE,Unknown,Unknown,GSE580_theta_data.csv,2026-05-08,0.80,parent relationships not resolved in v0; company_name missing; used ticker fallback; country unknown
ENT001950,JSE:IMP,JSE:IMP,JSE:IMP,,TRUE,Unknown,Unknown,GSE580_theta_data.csv,2026-05-08,0.80,parent relationships not resolved in v0; company_name missing; used ticker fallback; country unknown
ENT001951,JSE:MTN,JSE:MTN,JSE:MTN,,TRUE,Unknown,Unknown,GSE580_theta_data.csv,2026-05-08,0.80,parent relationships not resolved in v0; company_name missing; used ticker fallback; country unknown
ENT001952,JSE:NPN,JSE:NPN,JSE:NPN,,TRUE,Unknown,Unknown,GSE580_theta_data.csv,2026-05-08,0.80,parent relationships not resolved in v0; company_name missing; used ticker fallback; country unknown
ENT001953,JSE:OMU,JSE:OMU,JSE:OMU,,TRUE,Unknown,Unknown,GSE580_theta_data.csv,2026-05-08,0.80,parent relationships not resolved in v0; company_name missing; used ticker fallback; country unknown
ENT001954,JSE:SBK,JSE:SBK,JSE:SBK,,TRUE,Unknown,Unknown,GSE580_theta_data.csv,2026-05-08,0.80,parent relationships not resolved in v0; company_name missing; used ticker fallback; country unknown
ENT001955,JSE:SHP,JSE:SHP,JSE:SHP,,TRUE,Unknown,Unknown,GSE580_theta_data.csv,2026-05-08,0.80,parent relationships not resolved in v0; company_name missing; used ticker fallback; country unknown
ENT001956,JSE:SLM,JSE:SLM,JSE:SLM,,TRUE,Unknown,Unknown,GSE580_theta_data.csv,2026-05-08,0.80,parent relationships not resolved in v0; company_name missing; used ticker fallback; country unknown
ENT001957,JSE:SOL,JSE:SOL,JSE:SOL,,TRUE,Unknown,Unknown,GSE580_theta_data.csv,2026-05-08,0.80,parent relationships not resolved in v0; company_name missing; used ticker fallback; country unknown
ENT001958,JSE:SPP,JSE:SPP,JSE:SPP,,TRUE,Unknown,Unknown,GSE580_theta_data.csv,2026-05-08,0.80,parent relationships not resolved in v0; company_name missing; used ticker fallback; country unknown
ENT001959,JSE:SSW,JSE:SSW,JSE:SSW,,TRUE,Unknown,Unknown,GSE580_theta_data.csv,2026-05-08,0.80,parent relationships not resolved in v0; company_name missing; used ticker fallback; country unknown
ENT001960,JSE:VOD,JSE:VOD,JSE:VOD,,TRUE,Unknown,Unknown,GSE580_theta_data.csv,2026-05-08,0.80,parent relationships not resolved in v0; company_name missing; used ticker fallback; country unknown
ENT001961,JUSH.F,JUSH.F,JUSH.F,,TRUE,Unknown,Unknown,GSE580_theta_data.csv,2026-05-08,0.80,parent relationships not resolved in v0; company_name missing; used ticker fallback; country unknown
ENT001962,JXN,JXN,JXN,,TRUE,Unknown,Unknown,GSE580_theta_data.csv,2026-05-08,0.80,parent relationships not resolved in v0; company_name missing; used ticker fallback; country unknown
ENT001963,JYNT,JYNT,JYNT,,TRUE,Unknown,Unknown,GSE580_theta_data.csv,2026-05-08,0.80,parent relationships not resolved in v0; company_name missing; used ticker fallback; country unknown
ENT001964,KAI,KAI,KAI,,TRUE,Unknown,Unknown,GSE580_theta_data.csv,2026-05-08,0.80,parent relationships not resolved in v0; company_name missing; used ticker fallback; country unknown
ENT001965,KALU,KALU,KALU,,TRUE,Unknown,Unknown,GSE580_theta_data.csv,2026-05-08,0.80,parent relationships not resolved in v0; company_name missing; used ticker fallback; country unknown
ENT001966,KAR,KAR,KAR,,TRUE,United States,North America,GSE580_theta_data.csv,2026-05-08,0.80,parent relationships not resolved in v0; company_name missing; used ticker fallback
ENT001967,KARO,KARO,KARO,,TRUE,Unknown,Unknown,GSE580_theta_data.csv,2026-05-08,0.80,parent relationships not resolved in v0; company_name missing; used ticker fallback; country unknown
ENT001968,KB,KB,KB,,TRUE,Unknown,Unknown,GSE580_theta_data.csv,2026-05-08,0.80,parent relationships not resolved in v0; company_name missing; used ticker fallback; country unknown
ENT001969,KBH,KBH,KBH,,TRUE,Unknown,Unknown,GSE580_theta_data.csv,2026-05-08,0.80,parent relationships not resolved in v0; company_name missing; used ticker fallback; country unknown
ENT001970,KBR,KBR,KBR,,TRUE,Unknown,Unknown,GSE580_theta_data.csv,2026-05-08,0.80,parent relationships not resolved in v0; company_name missing; used ticker fallback; country unknown
ENT001971,KC,KC,KC,,TRUE,Unknown,Unknown,GSE580_theta_data.csv,2026-05-08,0.80,parent relationships not resolved in v0; company_name missing; used ticker fallback; country unknown
ENT001972,KCLI,KCLI,KCLI,,TRUE,Unknown,Unknown,GSE580_theta_data.csv,2026-05-08,0.80,parent relationships not resolved in v0; company_name missing; used ticker fallback; country unknown
ENT001973,KD,KD,KD,,TRUE,Unknown,Unknown,GSE580_theta_data.csv,2026-05-08,0.80,parent relationships not resolved in v0; company_name missing; used ticker fallback; country unknown
ENT001974,KDK,KDK,KDK,,TRUE,Unknown,Unknown,GSE580_theta_data.csv,2026-05-08,0.80,parent relationships not resolved in v0; company_name missing; used ticker fallback; country unknown
ENT001975,KDP,KDP,KDP,,TRUE,Unknown,Unknown,GSE580_theta_data.csv,2026-05-08,0.80,parent relationships not resolved in v0; company_name missing; used ticker fallback; country unknown
ENT001976,KE,KE,KE,,TRUE,Unknown,Unknown,GSE580_theta_data.csv,2026-05-08,0.80,parent relationships not resolved in v0; company_name missing; used ticker fallback; country unknown
ENT001977,KELY.A,KELY.A,KELY.A,,TRUE,Unknown,Unknown,GSE580_theta_data.csv,2026-05-08,0.80,parent relationships not resolved in v0; company_name missing; used ticker fallback; country unknown
ENT001978,KEN,KEN,KEN,,TRUE,Unknown,Unknown,GSE580_theta_data.csv,2026-05-08,0.80,parent relationships not resolved in v0; company_name missing; used ticker fallback; country unknown
ENT001979,KEQU,KEQU,KEQU,,TRUE,Unknown,Unknown,GSE580_theta_data.csv,2026-05-08,0.80,parent relationships not resolved in v0; company_name missing; used ticker fallback; country unknown
ENT001980,KEX,KEX,KEX,,TRUE,Unknown,Unknown,GSE580_theta_data.csv,2026-05-08,0.80,parent relationships not resolved in v0; company_name missing; used ticker fallback; country unknown
ENT001981,KEY,KEY,KEY,,TRUE,Unknown,Unknown,GSE580_theta_data.csv,2026-05-08,0.80,parent relationships not resolved in v0; company_name missing; used ticker fallback; country unknown
ENT001982,KEYS,KEYS,KEYS,,TRUE,Unknown,Unknown,GSE580_theta_data.csv,2026-05-08,0.80,parent relationships not resolved in v0; company_name missing; used ticker fallback; country unknown
ENT001983,KFRC,KFRC,KFRC,,TRUE,Unknown,Unknown,GSE580_theta_data.csv,2026-05-08,0.80,parent relationships not resolved in v0; company_name missing; used ticker fallback; country unknown
ENT001984,KFS,KFS,KFS,,TRUE,Unknown,Unknown,GSE580_theta_data.csv,2026-05-08,0.80,parent relationships not resolved in v0; company_name missing; used ticker fallback; country unknown
ENT001985,KFY,KFY,KFY,,TRUE,Unknown,Unknown,GSE580_theta_data.csv,2026-05-08,0.80,parent relationships not resolved in v0; company_name missing; used ticker fallback; country unknown
ENT001986,KG,KG,KG,,TRUE,Unknown,Unknown,GSE580_theta_data.csv,2026-05-08,0.80,parent relationships not resolved in v0; company_name missing; used ticker fallback; country unknown
ENT001987,KGS,KGS,KGS,,TRUE,United States,North America,GSE580_theta_data.csv,2026-05-08,0.80,parent relationships not resolved in v0; company_name missing; used ticker fallback
ENT001988,KHC,KHC,KHC,,TRUE,Unknown,Unknown,GSE580_theta_data.csv,2026-05-08,0.80,parent relationships not resolved in v0; company_name missing; used ticker fallback; country unknown
ENT001989,KIDS,KIDS,KIDS,,TRUE,Unknown,Unknown,GSE580_theta_data.csv,2026-05-08,0.80,parent relationships not resolved in v0; company_name missing; used ticker fallback; country unknown
ENT001990,KIM,KIM,KIM,,TRUE,Unknown,Unknown,GSE580_theta_data.csv,2026-05-08,0.80,parent relationships not resolved in v0; company_name missing; used ticker fallback; country unknown
ENT001991,KINS,KINS,KINS,,TRUE,Unknown,Unknown,GSE580_theta_data.csv,2026-05-08,0.80,parent relationships not resolved in v0; company_name missing; used ticker fallback; country unknown
ENT001992,KKR,KKR,KKR,,TRUE,United States,North America,GSE580_theta_data.csv,2026-05-08,0.80,parent relationships not resolved in v0; company_name missing; used ticker fallback
ENT001993,KLAC,KLAC,KLAC,,TRUE,Unknown,Unknown,GSE580_theta_data.csv,2026-05-08,0.80,parent relationships not resolved in v0; company_name missing; used ticker fallback; country unknown
ENT001994,KLAR,KLAR,KLAR,,TRUE,Unknown,Unknown,GSE580_theta_data.csv,2026-05-08,0.80,parent relationships not resolved in v0; company_name missing; used ticker fallback; country unknown
ENT001995,KLC,KLC,KLC,,TRUE,Unknown,Unknown,GSE580_theta_data.csv,2026-05-08,0.80,parent relationships not resolved in v0; company_name missing; used ticker fallback; country unknown
ENT001996,KLIC,KLIC,KLIC,,TRUE,Unknown,Unknown,GSE580_theta_data.csv,2026-05-08,0.80,parent relationships not resolved in v0; company_name missing; used ticker fallback; country unknown
ENT001997,KLSE:AXIATA,KLSE:AXIATA,KLSE:AXIATA,,TRUE,Unknown,Unknown,GSE580_theta_data.csv,2026-05-08,0.80,parent relationships not resolved in v0; company_name missing; used ticker fallback; country unknown
ENT001998,KLSE:CIMB,KLSE:CIMB,KLSE:CIMB,,TRUE,Unknown,Unknown,GSE580_theta_data.csv,2026-05-08,0.80,parent relationships not resolved in v0; company_name missing; used ticker fallback; country unknown
ENT001999,KLSE:IHH,KLSE:IHH,KLSE:IHH,,TRUE,Unknown,Unknown,GSE580_theta_data.csv,2026-05-08,0.80,parent relationships not resolved in v0; company_name missing; used ticker fallback; country unknown
ENT002000,KLSE:MAYBANK,KLSE:MAYBANK,KLSE:MAYBANK,,TRUE,Unknown,Unknown,GSE580_theta_data.csv,2026-05-08,0.80,parent relationships not resolved in v0; company_name missing; used ticker fallback; country unknown
ENT002001,KLSE:PBBANK,KLSE:PBBANK,KLSE:PBBANK,,TRUE,Unknown,Unknown,GSE580_theta_data.csv,2026-05-08,0.80,parent relationships not resolved in v0; company_name missing; used ticker fallback; country unknown
ENT002002,KLSE:PCHEM,KLSE:PCHEM,KLSE:PCHEM,,TRUE,Unknown,Unknown,GSE580_theta_data.csv,2026-05-08,0.80,parent relationships not resolved in v0; company_name missing; used ticker fallback; country unknown
ENT002003,KLSE:VELESTO,KLSE:VELESTO,KLSE:VELESTO,,TRUE,Unknown,Unknown,GSE580_theta_data.csv,2026-05-08,0.80,parent relationships not resolved in v0; company_name missing; used ticker fallback; country unknown
ENT002004,KLTR,KLTR,KLTR,,TRUE,Unknown,Unknown,GSE580_theta_data.csv,2026-05-08,0.80,parent relationships not resolved in v0; company_name missing; used ticker fallback; country unknown
ENT002005,KMB,KMB,KMB,,TRUE,Unknown,Unknown,GSE580_theta_data.csv,2026-05-08,0.80,parent relationships not resolved in v0; company_name missing; used ticker fallback; country unknown
ENT002006,KMI,KMI,KMI,,TRUE,Unknown,Unknown,GSE580_theta_data.csv,2026-05-08,0.80,parent relationships not resolved in v0; company_name missing; used ticker fallback; country unknown
ENT002007,KMPR,KMPR,KMPR,,TRUE,Unknown,Unknown,GSE580_theta_data.csv,2026-05-08,0.80,parent relationships not resolved in v0; company_name missing; used ticker fallback; country unknown
ENT002008,KMT,KMT,KMT,,TRUE,Unknown,Unknown,GSE580_theta_data.csv,2026-05-08,0.80,parent relationships not resolved in v0; company_name missing; used ticker fallback; country unknown
ENT002009,KMTS,KMTS,KMTS,,TRUE,Unknown,Unknown,GSE580_theta_data.csv,2026-05-08,0.80,parent relationships not resolved in v0; company_name missing; used ticker fallback; country unknown
ENT002010,KMX,KMX,KMX,,TRUE,United States,North America,GSE580_theta_data.csv,2026-05-08,0.80,parent relationships not resolved in v0; company_name missing; used ticker fallback
ENT002011,KN,KN,KN,,TRUE,Unknown,Unknown,GSE580_theta_data.csv,2026-05-08,0.80,parent relationships not resolved in v0; company_name missing; used ticker fallback; country unknown
ENT002012,KNF,KNF,KNF,,TRUE,Unknown,Unknown,GSE580_theta_data.csv,2026-05-08,0.80,parent relationships not resolved in v0; company_name missing; used ticker fallback; country unknown
ENT002013,KNOP,KNOP,KNOP,,TRUE,Unknown,Unknown,GSE580_theta_data.csv,2026-05-08,0.80,parent relationships not resolved in v0; company_name missing; used ticker fallback; country unknown
ENT002014,KNSL,KNSL,KNSL,,TRUE,Unknown,Unknown,GSE580_theta_data.csv,2026-05-08,0.80,parent relationships not resolved in v0; company_name missing; used ticker fallback; country unknown
ENT002015,KNTK,KNTK,KNTK,,TRUE,Unknown,Unknown,GSE580_theta_data.csv,2026-05-08,0.80,parent relationships not resolved in v0; company_name missing; used ticker fallback; country unknown
ENT002016,KNX,KNX,KNX,,TRUE,Unknown,Unknown,GSE580_theta_data.csv,2026-05-08,0.80,parent relationships not resolved in v0; company_name missing; used ticker fallback; country unknown
ENT002017,KO,KO,KO,,TRUE,Unknown,Unknown,GSE580_theta_data.csv,2026-05-08,0.80,parent relationships not resolved in v0; company_name missing; used ticker fallback; country unknown
ENT002018,KODK,KODK,KODK,,TRUE,Unknown,Unknown,GSE580_theta_data.csv,2026-05-08,0.80,parent relationships not resolved in v0; company_name missing; used ticker fallback; country unknown
ENT002019,KOF,KOF,KOF,,TRUE,Unknown,Unknown,GSE580_theta_data.csv,2026-05-08,0.80,parent relationships not resolved in v0; company_name missing; used ticker fallback; country unknown
ENT002020,KOP,KOP,KOP,,TRUE,Unknown,Unknown,GSE580_theta_data.csv,2026-05-08,0.80,parent relationships not resolved in v0; company_name missing; used ticker fallback; country unknown
ENT002021,KOPN,KOPN,KOPN,,TRUE,Unknown,Unknown,GSE580_theta_data.csv,2026-05-08,0.80,parent relationships not resolved in v0; company_name missing; used ticker fallback; country unknown
ENT002022,KOSDAQ:A005290,KOSDAQ:A005290,KOSDAQ:A005290,,TRUE,Unknown,Unknown,GSE580_theta_data.csv,2026-05-08,0.80,parent relationships not resolved in v0; company_name missing; used ticker fallback; country unknown
ENT002023,KOSDAQ:A043150,KOSDAQ:A043150,KOSDAQ:A043150,,TRUE,Unknown,Unknown,GSE580_theta_data.csv,2026-05-08,0.80,parent relationships not resolved in v0; company_name missing; used ticker fallback; country unknown
ENT002024,KOSDAQ:A059090,KOSDAQ:A059090,KOSDAQ:A059090,,TRUE,Unknown,Unknown,GSE580_theta_data.csv,2026-05-08,0.80,parent relationships not resolved in v0; company_name missing; used ticker fallback; country unknown
ENT002025,KOSDAQ:A086900,KOSDAQ:A086900,KOSDAQ:A086900,,TRUE,Unknown,Unknown,GSE580_theta_data.csv,2026-05-08,0.80,parent relationships not resolved in v0; company_name missing; used ticker fallback; country unknown
ENT002026,KOSDAQ:A096530,KOSDAQ:A096530,KOSDAQ:A096530,,TRUE,Unknown,Unknown,GSE580_theta_data.csv,2026-05-08,0.80,parent relationships not resolved in v0; company_name missing; used ticker fallback; country unknown
ENT002027,KOSDAQ:A145020,KOSDAQ:A145020,KOSDAQ:A145020,,TRUE,Unknown,Unknown,GSE580_theta_data.csv,2026-05-08,0.80,parent relationships not resolved in v0; company_name missing; used ticker fallback; country unknown
ENT002028,KOSDAQ:A214150,KOSDAQ:A214150,KOSDAQ:A214150,,TRUE,Unknown,Unknown,GSE580_theta_data.csv,2026-05-08,0.80,parent relationships not resolved in v0; company_name missing; used ticker fallback; country unknown
ENT002029,KOSDAQ:A247540,KOSDAQ:A247540,KOSDAQ:A247540,,TRUE,Unknown,Unknown,GSE580_theta_data.csv,2026-05-08,0.80,parent relationships not resolved in v0; company_name missing; used ticker fallback; country unknown
ENT002030,KOSDAQ:A293490,KOSDAQ:A293490,KOSDAQ:A293490,,TRUE,Unknown,Unknown,GSE580_theta_data.csv,2026-05-08,0.80,parent relationships not resolved in v0; company_name missing; used ticker fallback; country unknown
ENT002031,KOSDAQ:A357780,KOSDAQ:A357780,KOSDAQ:A357780,,TRUE,Unknown,Unknown,GSE580_theta_data.csv,2026-05-08,0.80,parent relationships not resolved in v0; company_name missing; used ticker fallback; country unknown
ENT002032,KOSDAQ:A365340,KOSDAQ:A365340,KOSDAQ:A365340,,TRUE,Unknown,Unknown,GSE580_theta_data.csv,2026-05-08,0.80,parent relationships not resolved in v0; company_name missing; used ticker fallback; country unknown
ENT002033,KOSE:A000270,KOSE:A000270,KOSE:A000270,,TRUE,Unknown,Unknown,GSE580_theta_data.csv,2026-05-08,0.80,parent relationships not resolved in v0; company_name missing; used ticker fallback; country unknown
ENT002034,KOSE:A000660,KOSE:A000660,KOSE:A000660,,TRUE,Unknown,Unknown,GSE580_theta_data.csv,2026-05-08,0.80,parent relationships not resolved in v0; company_name missing; used ticker fallback; country unknown
ENT002035,KOSE:A000810,KOSE:A000810,KOSE:A000810,,TRUE,Unknown,Unknown,GSE580_theta_data.csv,2026-05-08,0.80,parent relationships not resolved in v0; company_name missing; used ticker fallback; country unknown
ENT002036,KOSE:A003490,KOSE:A003490,KOSE:A003490,,TRUE,Unknown,Unknown,GSE580_theta_data.csv,2026-05-08,0.80,parent relationships not resolved in v0; company_name missing; used ticker fallback; country unknown
ENT002037,KOSE:A004020,KOSE:A004020,KOSE:A004020,,TRUE,Unknown,Unknown,GSE580_theta_data.csv,2026-05-08,0.80,parent relationships not resolved in v0; company_name missing; used ticker fallback; country unknown
ENT002038,KOSE:A005380,KOSE:A005380,KOSE:A005380,,TRUE,Unknown,Unknown,GSE580_theta_data.csv,2026-05-08,0.80,parent relationships not resolved in v0; company_name missing; used ticker fallback; country unknown
ENT002039,KOSE:A005490,KOSE:A005490,KOSE:A005490,,TRUE,Unknown,Unknown,GSE580_theta_data.csv,2026-05-08,0.80,parent relationships not resolved in v0; company_name missing; used ticker fallback; country unknown
ENT002040,KOSE:A005830,KOSE:A005830,KOSE:A005830,,TRUE,Unknown,Unknown,GSE580_theta_data.csv,2026-05-08,0.80,parent relationships not resolved in v0; company_name missing; used ticker fallback; country unknown
ENT002041,KOSE:A005930,KOSE:A005930,KOSE:A005930,,TRUE,Unknown,Unknown,GSE580_theta_data.csv,2026-05-08,0.80,parent relationships not resolved in v0; company_name missing; used ticker fallback; country unknown
ENT002042,KOSE:A006400,KOSE:A006400,KOSE:A006400,,TRUE,United States,North America,GSE580_theta_data.csv,2026-05-08,0.80,parent relationships not resolved in v0; company_name missing; used ticker fallback
ENT002043,KOSE:A009150,KOSE:A009150,KOSE:A009150,,TRUE,Unknown,Unknown,GSE580_theta_data.csv,2026-05-08,0.80,parent relationships not resolved in v0; company_name missing; used ticker fallback; country unknown
ENT002044,KOSE:A009450,KOSE:A009450,KOSE:A009450,,TRUE,Unknown,Unknown,GSE580_theta_data.csv,2026-05-08,0.80,parent relationships not resolved in v0; company_name missing; used ticker fallback; country unknown
ENT002045,KOSE:A009830,KOSE:A009830,KOSE:A009830,,TRUE,Unknown,Unknown,GSE580_theta_data.csv,2026-05-08,0.80,parent relationships not resolved in v0; company_name missing; used ticker fallback; country unknown
ENT002046,KOSE:A010130,KOSE:A010130,KOSE:A010130,,TRUE,Unknown,Unknown,GSE580_theta_data.csv,2026-05-08,0.80,parent relationships not resolved in v0; company_name missing; used ticker fallback; country unknown
ENT002047,KOSE:A011070,KOSE:A011070,KOSE:A011070,,TRUE,Unknown,Unknown,GSE580_theta_data.csv,2026-05-08,0.80,parent relationships not resolved in v0; company_name missing; used ticker fallback; country unknown
ENT002048,KOSE:A012330,KOSE:A012330,KOSE:A012330,,TRUE,Unknown,Unknown,GSE580_theta_data.csv,2026-05-08,0.80,parent relationships not resolved in v0; company_name missing; used ticker fallback; country unknown
ENT002049,KOSE:A012450,KOSE:A012450,KOSE:A012450,,TRUE,Unknown,Unknown,GSE580_theta_data.csv,2026-05-08,0.80,parent relationships not resolved in v0; company_name missing; used ticker fallback; country unknown
ENT002050,KOSE:A015760,KOSE:A015760,KOSE:A015760,,TRUE,Unknown,Unknown,GSE580_theta_data.csv,2026-05-08,0.80,parent relationships not resolved in v0; company_name missing; used ticker fallback; country unknown
ENT002051,KOSE:A018880,KOSE:A018880,KOSE:A018880,,TRUE,Unknown,Unknown,GSE580_theta_data.csv,2026-05-08,0.80,parent relationships not resolved in v0; company_name missing; used ticker fallback; country unknown
ENT002052,KOSE:A028260,KOSE:A028260,KOSE:A028260,,TRUE,Unknown,Unknown,GSE580_theta_data.csv,2026-05-08,0.80,parent relationships not resolved in v0; company_name missing; used ticker fallback; country unknown
ENT002053,KOSE:A028670,KOSE:A028670,KOSE:A028670,,TRUE,Unknown,Unknown,GSE580_theta_data.csv,2026-05-08,0.80,parent relationships not resolved in v0; company_name missing; used ticker fallback; country unknown
ENT002054,KOSE:A032830,KOSE:A032830,KOSE:A032830,,TRUE,Unknown,Unknown,GSE580_theta_data.csv,2026-05-08,0.80,parent relationships not resolved in v0; company_name missing; used ticker fallback; country unknown
ENT002055,KOSE:A033780,KOSE:A033780,KOSE:A033780,,TRUE,Unknown,Unknown,GSE580_theta_data.csv,2026-05-08,0.80,parent relationships not resolved in v0; company_name missing; used ticker fallback; country unknown
ENT002056,KOSE:A034020,KOSE:A034020,KOSE:A034020,,TRUE,Unknown,Unknown,GSE580_theta_data.csv,2026-05-08,0.80,parent relationships not resolved in v0; company_name missing; used ticker fallback; country unknown
ENT002057,KOSE:A035420,KOSE:A035420,KOSE:A035420,,TRUE,Unknown,Unknown,GSE580_theta_data.csv,2026-05-08,0.80,parent relationships not resolved in v0; company_name missing; used ticker fallback; country unknown
ENT002058,KOSE:A035720,KOSE:A035720,KOSE:A035720,,TRUE,Unknown,Unknown,GSE580_theta_data.csv,2026-05-08,0.80,parent relationships not resolved in v0; company_name missing; used ticker fallback; country unknown
ENT002059,KOSE:A051900,KOSE:A051900,KOSE:A051900,,TRUE,Unknown,Unknown,GSE580_theta_data.csv,2026-05-08,0.80,parent relationships not resolved in v0; company_name missing; used ticker fallback; country unknown
ENT002060,KOSE:A051910,KOSE:A051910,KOSE:A051910,,TRUE,Unknown,Unknown,GSE580_theta_data.csv,2026-05-08,0.80,parent relationships not resolved in v0; company_name missing; used ticker fallback; country unknown
ENT002061,KOSE:A066570,KOSE:A066570,KOSE:A066570,,TRUE,Unknown,Unknown,GSE580_theta_data.csv,2026-05-08,0.80,parent relationships not resolved in v0; company_name missing; used ticker fallback; country unknown
ENT002062,KOSE:A068270,KOSE:A068270,KOSE:A068270,,TRUE,Unknown,Unknown,GSE580_theta_data.csv,2026-05-08,0.80,parent relationships not resolved in v0; company_name missing; used ticker fallback; country unknown
ENT002063,KOSE:A073240,KOSE:A073240,KOSE:A073240,,TRUE,Unknown,Unknown,GSE580_theta_data.csv,2026-05-08,0.80,parent relationships not resolved in v0; company_name missing; used ticker fallback; country unknown
ENT002064,KOSE:A079160,KOSE:A079160,KOSE:A079160,,TRUE,Unknown,Unknown,GSE580_theta_data.csv,2026-05-08,0.80,parent relationships not resolved in v0; company_name missing; used ticker fallback; country unknown
ENT002065,KOSE:A086280,KOSE:A086280,KOSE:A086280,,TRUE,Unknown,Unknown,GSE580_theta_data.csv,2026-05-08,0.80,parent relationships not resolved in v0; company_name missing; used ticker fallback; country unknown
ENT002066,KOSE:A086790,KOSE:A086790,KOSE:A086790,,TRUE,Unknown,Unknown,GSE580_theta_data.csv,2026-05-08,0.80,parent relationships not resolved in v0; company_name missing; used ticker fallback; country unknown
ENT002067,KOSE:A090430,KOSE:A090430,KOSE:A090430,,TRUE,Unknown,Unknown,GSE580_theta_data.csv,2026-05-08,0.80,parent relationships not resolved in v0; company_name missing; used ticker fallback; country unknown
ENT002068,KOSE:A096770,KOSE:A096770,KOSE:A096770,,TRUE,Unknown,Unknown,GSE580_theta_data.csv,2026-05-08,0.80,parent relationships not resolved in v0; company_name missing; used ticker fallback; country unknown
ENT002069,KOSE:A137310,KOSE:A137310,KOSE:A137310,,TRUE,Unknown,Unknown,GSE580_theta_data.csv,2026-05-08,0.80,parent relationships not resolved in v0; company_name missing; used ticker fallback; country unknown
ENT002070,KOSE:A161390,KOSE:A161390,KOSE:A161390,,TRUE,Unknown,Unknown,GSE580_theta_data.csv,2026-05-08,0.80,parent relationships not resolved in v0; company_name missing; used ticker fallback; country unknown
ENT002071,KOSE:A192080,KOSE:A192080,KOSE:A192080,,TRUE,Unknown,Unknown,GSE580_theta_data.csv,2026-05-08,0.80,parent relationships not resolved in v0; company_name missing; used ticker fallback; country unknown
ENT002072,KOSE:A207940,KOSE:A207940,KOSE:A207940,,TRUE,Unknown,Unknown,GSE580_theta_data.csv,2026-05-08,0.80,parent relationships not resolved in v0; company_name missing; used ticker fallback; country unknown
ENT002073,KOSE:A259960,KOSE:A259960,KOSE:A259960,,TRUE,Unknown,Unknown,GSE580_theta_data.csv,2026-05-08,0.80,parent relationships not resolved in v0; company_name missing; used ticker fallback; country unknown
ENT002074,KOSE:A267250,KOSE:A267250,KOSE:A267250,,TRUE,Unknown,Unknown,GSE580_theta_data.csv,2026-05-08,0.80,parent relationships not resolved in v0; company_name missing; used ticker fallback; country unknown
ENT002075,KOSE:A326030,KOSE:A326030,KOSE:A326030,,TRUE,Unknown,Unknown,GSE580_theta_data.csv,2026-05-08,0.80,parent relationships not resolved in v0; company_name missing; used ticker fallback; country unknown
ENT002076,KOSE:A329180,KOSE:A329180,KOSE:A329180,,TRUE,Unknown,Unknown,GSE580_theta_data.csv,2026-05-08,0.80,parent relationships not resolved in v0; company_name missing; used ticker fallback; country unknown
ENT002077,KOSE:A373220,KOSE:A373220,KOSE:A373220,,TRUE,Unknown,Unknown,GSE580_theta_data.csv,2026-05-08,0.80,parent relationships not resolved in v0; company_name missing; used ticker fallback; country unknown
ENT002078,KOSE:A489790,KOSE:A489790,KOSE:A489790,,TRUE,Unknown,Unknown,GSE580_theta_data.csv,2026-05-08,0.80,parent relationships not resolved in v0; company_name missing; used ticker fallback; country unknown
ENT002079,KR,KR,KR,,TRUE,Unknown,Unknown,GSE580_theta_data.csv,2026-05-08,0.80,parent relationships not resolved in v0; company_name missing; used ticker fallback; country unknown
ENT002080,KRC,KRC,KRC,,TRUE,Unknown,Unknown,GSE580_theta_data.csv,2026-05-08,0.80,parent relationships not resolved in v0; company_name missing; used ticker fallback; country unknown
ENT002081,KREF,KREF,KREF,,TRUE,Unknown,Unknown,GSE580_theta_data.csv,2026-05-08,0.80,parent relationships not resolved in v0; company_name missing; used ticker fallback; country unknown
ENT002082,KRG,KRG,KRG,,TRUE,Unknown,Unknown,GSE580_theta_data.csv,2026-05-08,0.80,parent relationships not resolved in v0; company_name missing; used ticker fallback; country unknown
ENT002083,KRMD,KRMD,KRMD,,TRUE,Unknown,Unknown,GSE580_theta_data.csv,2026-05-08,0.80,parent relationships not resolved in v0; company_name missing; used ticker fallback; country unknown
ENT002084,KRMN,KRMN,KRMN,,TRUE,Unknown,Unknown,GSE580_theta_data.csv,2026-05-08,0.80,parent relationships not resolved in v0; company_name missing; used ticker fallback; country unknown
ENT002085,KRNT,KRNT,KRNT,,TRUE,Unknown,Unknown,GSE580_theta_data.csv,2026-05-08,0.80,parent relationships not resolved in v0; company_name missing; used ticker fallback; country unknown
ENT002086,KRNY,KRNY,KRNY,,TRUE,Unknown,Unknown,GSE580_theta_data.csv,2026-05-08,0.80,parent relationships not resolved in v0; company_name missing; used ticker fallback; country unknown
ENT002087,KRO,KRO,KRO,,TRUE,Unknown,Unknown,GSE580_theta_data.csv,2026-05-08,0.80,parent relationships not resolved in v0; company_name missing; used ticker fallback; country unknown
ENT002088,KRT,KRT,KRT,,TRUE,Unknown,Unknown,GSE580_theta_data.csv,2026-05-08,0.80,parent relationships not resolved in v0; company_name missing; used ticker fallback; country unknown
ENT002089,KRUS,KRUS,KRUS,,TRUE,Unknown,Unknown,GSE580_theta_data.csv,2026-05-08,0.80,parent relationships not resolved in v0; company_name missing; used ticker fallback; country unknown
ENT002090,KSPI,KSPI,KSPI,,TRUE,Unknown,Unknown,GSE580_theta_data.csv,2026-05-08,0.80,parent relationships not resolved in v0; company_name missing; used ticker fallback; country unknown
ENT002091,KSS,KSS,KSS,,TRUE,Unknown,Unknown,GSE580_theta_data.csv,2026-05-08,0.80,parent relationships not resolved in v0; company_name missing; used ticker fallback; country unknown
ENT002092,KT,KT,KT,,TRUE,Unknown,Unknown,GSE580_theta_data.csv,2026-05-08,0.80,parent relationships not resolved in v0; company_name missing; used ticker fallback; country unknown
ENT002093,KTB,KTB,KTB,,TRUE,Unknown,Unknown,GSE580_theta_data.csv,2026-05-08,0.80,parent relationships not resolved in v0; company_name missing; used ticker fallback; country unknown
ENT002094,KTOS,KTOS,KTOS,,TRUE,United States,North America,GSE580_theta_data.csv,2026-05-08,0.80,parent relationships not resolved in v0; company_name missing; used ticker fallback
ENT002095,KUBR,KUBR,KUBR,,TRUE,Unknown,Unknown,GSE580_theta_data.csv,2026-05-08,0.80,parent relationships not resolved in v0; company_name missing; used ticker fallback; country unknown
ENT002096,KULR,KULR,KULR,,TRUE,Unknown,Unknown,GSE580_theta_data.csv,2026-05-08,0.80,parent relationships not resolved in v0; company_name missing; used ticker fallback; country unknown
ENT002097,KVHI,KVHI,KVHI,,TRUE,Unknown,Unknown,GSE580_theta_data.csv,2026-05-08,0.80,parent relationships not resolved in v0; company_name missing; used ticker fallback; country unknown
ENT002098,KVUE,KVUE,KVUE,,TRUE,Unknown,Unknown,GSE580_theta_data.csv,2026-05-08,0.80,parent relationships not resolved in v0; company_name missing; used ticker fallback; country unknown
ENT002099,KVYO,KVYO,KVYO,,TRUE,Unknown,Unknown,GSE580_theta_data.csv,2026-05-08,0.80,parent relationships not resolved in v0; company_name missing; used ticker fallback; country unknown
ENT002100,KW,KW,KW,,TRUE,Unknown,Unknown,GSE580_theta_data.csv,2026-05-08,0.80,parent relationships not resolved in v0; company_name missing; used ticker fallback; country unknown
ENT002101,KWR,KWR,KWR,,TRUE,Unknown,Unknown,GSE580_theta_data.csv,2026-05-08,0.80,parent relationships not resolved in v0; company_name missing; used ticker fallback; country unknown
ENT002102,KYIV,KYIV,KYIV,,TRUE,Unknown,Unknown,GSE580_theta_data.csv,2026-05-08,0.80,parent relationships not resolved in v0; company_name missing; used ticker fallback; country unknown
ENT002103,L,L,L,,TRUE,Unknown,Unknown,GSE580_theta_data.csv,2026-05-08,0.80,parent relationships not resolved in v0; company_name missing; used ticker fallback; country unknown
ENT002104,LAB,LAB,LAB,,TRUE,Unknown,Unknown,GSE580_theta_data.csv,2026-05-08,0.80,parent relationships not resolved in v0; company_name missing; used ticker fallback; country unknown
ENT002105,LAD,LAD,LAD,,TRUE,Unknown,Unknown,GSE580_theta_data.csv,2026-05-08,0.80,parent relationships not resolved in v0; company_name missing; used ticker fallback; country unknown
ENT002106,LADR,LADR,LADR,,TRUE,Unknown,Unknown,GSE580_theta_data.csv,2026-05-08,0.80,parent relationships not resolved in v0; company_name missing; used ticker fallback; country unknown
ENT002107,LAES,LAES,LAES,,TRUE,Unknown,Unknown,GSE580_theta_data.csv,2026-05-08,0.80,parent relationships not resolved in v0; company_name missing; used ticker fallback; country unknown
ENT002108,LAKE,LAKE,LAKE,,TRUE,Unknown,Unknown,GSE580_theta_data.csv,2026-05-08,0.80,parent relationships not resolved in v0; company_name missing; used ticker fallback; country unknown
ENT002109,LAMR,LAMR,LAMR,,TRUE,Unknown,Unknown,GSE580_theta_data.csv,2026-05-08,0.80,parent relationships not resolved in v0; company_name missing; used ticker fallback; country unknown
ENT002110,LAND,LAND,LAND,,TRUE,Unknown,Unknown,GSE580_theta_data.csv,2026-05-08,0.80,parent relationships not resolved in v0; company_name missing; used ticker fallback; country unknown
ENT002111,LANV,LANV,LANV,,TRUE,Unknown,Unknown,GSE580_theta_data.csv,2026-05-08,0.80,parent relationships not resolved in v0; company_name missing; used ticker fallback; country unknown
ENT002112,LASR,LASR,LASR,,TRUE,Unknown,Unknown,GSE580_theta_data.csv,2026-05-08,0.80,parent relationships not resolved in v0; company_name missing; used ticker fallback; country unknown
ENT002113,LAUR,LAUR,LAUR,,TRUE,Unknown,Unknown,GSE580_theta_data.csv,2026-05-08,0.80,parent relationships not resolved in v0; company_name missing; used ticker fallback; country unknown
ENT002114,LAW,LAW,LAW,,TRUE,Unknown,Unknown,GSE580_theta_data.csv,2026-05-08,0.80,parent relationships not resolved in v0; company_name missing; used ticker fallback; country unknown
ENT002115,LAZ,LAZ,LAZ,,TRUE,Unknown,Unknown,GSE580_theta_data.csv,2026-05-08,0.80,parent relationships not resolved in v0; company_name missing; used ticker fallback; country unknown
ENT002116,LB,LB,LB,,TRUE,Unknown,Unknown,GSE580_theta_data.csv,2026-05-08,0.80,parent relationships not resolved in v0; company_name missing; used ticker fallback; country unknown
ENT002117,LBRD.K,LBRD.K,LBRD.K,,TRUE,Unknown,Unknown,GSE580_theta_data.csv,2026-05-08,0.80,parent relationships not resolved in v0; company_name missing; used ticker fallback; country unknown
ENT002118,LBRT,LBRT,LBRT,,TRUE,Unknown,Unknown,GSE580_theta_data.csv,2026-05-08,0.80,parent relationships not resolved in v0; company_name missing; used ticker fallback; country unknown
ENT002119,LBRX,LBRX,LBRX,,TRUE,Unknown,Unknown,GSE580_theta_data.csv,2026-05-08,0.80,parent relationships not resolved in v0; company_name missing; used ticker fallback; country unknown
ENT002120,LBTY.A,LBTY.A,LBTY.A,,TRUE,Unknown,Unknown,GSE580_theta_data.csv,2026-05-08,0.80,parent relationships not resolved in v0; company_name missing; used ticker fallback; country unknown
ENT002121,LBTYA,LBTYA,LBTYA,,TRUE,Unknown,Unknown,GSE580_theta_data.csv,2026-05-08,0.80,parent relationships not resolved in v0; company_name missing; used ticker fallback; country unknown
ENT002122,LC,LC,LC,,TRUE,Unknown,Unknown,GSE580_theta_data.csv,2026-05-08,0.80,parent relationships not resolved in v0; company_name missing; used ticker fallback; country unknown
ENT002123,LCID,LCID,LCID,,TRUE,Unknown,Unknown,GSE580_theta_data.csv,2026-05-08,0.80,parent relationships not resolved in v0; company_name missing; used ticker fallback; country unknown
ENT002124,LCII,LCII,LCII,,TRUE,Unknown,Unknown,GSE580_theta_data.csv,2026-05-08,0.80,parent relationships not resolved in v0; company_name missing; used ticker fallback; country unknown
ENT002125,LDI,LDI,LDI,,TRUE,Unknown,Unknown,GSE580_theta_data.csv,2026-05-08,0.80,parent relationships not resolved in v0; company_name missing; used ticker fallback; country unknown
ENT002126,LDOS,LDOS,LDOS,,TRUE,United States,North America,GSE580_theta_data.csv,2026-05-08,0.80,parent relationships not resolved in v0; company_name missing; used ticker fallback
ENT002127,LE,LE,LE,,TRUE,United States,North America,GSE580_theta_data.csv,2026-05-08,0.80,parent relationships not resolved in v0; company_name missing; used ticker fallback
ENT002128,LEA,LEA,LEA,,TRUE,Unknown,Unknown,GSE580_theta_data.csv,2026-05-08,0.80,parent relationships not resolved in v0; company_name missing; used ticker fallback; country unknown
ENT002129,LECO,LECO,LE,,TRUE,Unknown,Unknown,GSE580_theta_data.csv,2026-05-08,0.80,parent relationships not resolved in v0; company_name missing; used ticker fallback; country unknown
ENT002130,LEG,LEG,LEG,,TRUE,Unknown,Unknown,GSE580_theta_data.csv,2026-05-08,0.80,parent relationships not resolved in v0; company_name missing; used ticker fallback; country unknown
ENT002131,LEGH,LEGH,LEGH,,TRUE,Unknown,Unknown,GSE580_theta_data.csv,2026-05-08,0.80,parent relationships not resolved in v0; company_name missing; used ticker fallback; country unknown
ENT002132,LEGT,LEGT,LEGT,,TRUE,Unknown,Unknown,GSE580_theta_data.csv,2026-05-08,0.80,parent relationships not resolved in v0; company_name missing; used ticker fallback; country unknown
ENT002133,LEN,LEN,LEN,,TRUE,Unknown,Unknown,GSE580_theta_data.csv,2026-05-08,0.80,parent relationships not resolved in v0; company_name missing; used ticker fallback; country unknown
ENT002134,LENZ,LENZ,LENZ,,TRUE,Unknown,Unknown,GSE580_theta_data.csv,2026-05-08,0.80,parent relationships not resolved in v0; company_name missing; used ticker fallback; country unknown
ENT002135,LEU,LEU,LEU,,TRUE,Unknown,Unknown,GSE580_theta_data.csv,2026-05-08,0.80,parent relationships not resolved in v0; company_name missing; used ticker fallback; country unknown
ENT002136,LEVI,LEVI,LEVI,,TRUE,Unknown,Unknown,GSE580_theta_data.csv,2026-05-08,0.80,parent relationships not resolved in v0; company_name missing; used ticker fallback; country unknown
ENT002137,LFCR,LFCR,LFCR,,TRUE,Unknown,Unknown,GSE580_theta_data.csv,2026-05-08,0.80,parent relationships not resolved in v0; company_name missing; used ticker fallback; country unknown
ENT002138,LFMD,LFMD,LFMD,,TRUE,Unknown,Unknown,GSE580_theta_data.csv,2026-05-08,0.80,parent relationships not resolved in v0; company_name missing; used ticker fallback; country unknown
ENT002139,LFS,LFS,LFS,,TRUE,Unknown,Unknown,GSE580_theta_data.csv,2026-05-08,0.80,parent relationships not resolved in v0; company_name missing; used ticker fallback; country unknown
ENT002140,LFST,LFST,LFST,,TRUE,Unknown,Unknown,GSE580_theta_data.csv,2026-05-08,0.80,parent relationships not resolved in v0; company_name missing; used ticker fallback; country unknown
ENT002141,LFUS,LFUS,LFUS,,TRUE,Unknown,Unknown,GSE580_theta_data.csv,2026-05-08,0.80,parent relationships not resolved in v0; company_name missing; used ticker fallback; country unknown
ENT002142,LGCY,LGCY,LGCY,,TRUE,Unknown,Unknown,GSE580_theta_data.csv,2026-05-08,0.80,parent relationships not resolved in v0; company_name missing; used ticker fallback; country unknown
ENT002143,LGIH,LGIH,LGIH,,TRUE,Unknown,Unknown,GSE580_theta_data.csv,2026-05-08,0.80,parent relationships not resolved in v0; company_name missing; used ticker fallback; country unknown
ENT002144,LGN,LGN,LGN,,TRUE,Unknown,Unknown,GSE580_theta_data.csv,2026-05-08,0.80,parent relationships not resolved in v0; company_name missing; used ticker fallback; country unknown
ENT002145,LGND,LGND,LGND,,TRUE,Unknown,Unknown,GSE580_theta_data.csv,2026-05-08,0.80,parent relationships not resolved in v0; company_name missing; used ticker fallback; country unknown
ENT002146,LH,LH,LH,,TRUE,Unknown,Unknown,GSE580_theta_data.csv,2026-05-08,0.80,parent relationships not resolved in v0; company_name missing; used ticker fallback; country unknown
ENT002147,LHAI,LHAI,LHAI,,TRUE,Unknown,Unknown,GSE580_theta_data.csv,2026-05-08,0.80,parent relationships not resolved in v0; company_name missing; used ticker fallback; country unknown
ENT002148,LHX,LHX,LHX,,TRUE,Unknown,Unknown,GSE580_theta_data.csv,2026-05-08,0.80,parent relationships not resolved in v0; company_name missing; used ticker fallback; country unknown
ENT002149,LI,LI,LI,,TRUE,Unknown,Unknown,GSE580_theta_data.csv,2026-05-08,0.80,parent relationships not resolved in v0; company_name missing; used ticker fallback; country unknown
ENT002150,LICT,LICT,LICT,,TRUE,Unknown,Unknown,GSE580_theta_data.csv,2026-05-08,0.80,parent relationships not resolved in v0; company_name missing; used ticker fallback; country unknown
ENT002151,LIF,LIF,LIF,,TRUE,Unknown,Unknown,GSE580_theta_data.csv,2026-05-08,0.80,parent relationships not resolved in v0; company_name missing; used ticker fallback; country unknown
ENT002152,LII,LII,LII,,TRUE,Unknown,Unknown,GSE580_theta_data.csv,2026-05-08,0.80,parent relationships not resolved in v0; company_name missing; used ticker fallback; country unknown
ENT002153,LILA,LILA,LILA,,TRUE,Unknown,Unknown,GSE580_theta_data.csv,2026-05-08,0.80,parent relationships not resolved in v0; company_name missing; used ticker fallback; country unknown
ENT002154,LILAK,LILAK,LILAK,,TRUE,Unknown,Unknown,GSE580_theta_data.csv,2026-05-08,0.80,parent relationships not resolved in v0; company_name missing; used ticker fallback; country unknown
ENT002155,LIN,LIN,LIN,,TRUE,Unknown,Unknown,GSE580_theta_data.csv,2026-05-08,0.80,parent relationships not resolved in v0; company_name missing; used ticker fallback; country unknown
ENT002156,LINC,LINC,L,,TRUE,Unknown,Unknown,GSE580_theta_data.csv,2026-05-08,0.80,parent relationships not resolved in v0; company_name missing; used ticker fallback; country unknown
ENT002157,LIND,LIND,LIND,,TRUE,Unknown,Unknown,GSE580_theta_data.csv,2026-05-08,0.80,parent relationships not resolved in v0; company_name missing; used ticker fallback; country unknown
ENT002158,LINE,LINE,LINE,,TRUE,Unknown,Unknown,GSE580_theta_data.csv,2026-05-08,0.80,parent relationships not resolved in v0; company_name missing; used ticker fallback; country unknown
ENT002159,LION,LION,LION,,TRUE,Unknown,Unknown,GSE580_theta_data.csv,2026-05-08,0.80,parent relationships not resolved in v0; company_name missing; used ticker fallback; country unknown
ENT002160,LITE,LITE,LITE,,TRUE,Unknown,Unknown,GSE580_theta_data.csv,2026-05-08,0.80,parent relationships not resolved in v0; company_name missing; used ticker fallback; country unknown
ENT002161,LIVN,LIVN,LIVN,,TRUE,Unknown,Unknown,GSE580_theta_data.csv,2026-05-08,0.80,parent relationships not resolved in v0; company_name missing; used ticker fallback; country unknown
ENT002162,LKNC.Y,LKNC.Y,LKNC.Y,,TRUE,Unknown,Unknown,GSE580_theta_data.csv,2026-05-08,0.80,parent relationships not resolved in v0; company_name missing; used ticker fallback; country unknown
ENT002163,LKQ,LKQ,LKQ,,TRUE,Unknown,Unknown,GSE580_theta_data.csv,2026-05-08,0.80,parent relationships not resolved in v0; company_name missing; used ticker fallback; country unknown
ENT002164,LLY,LLY,LLY,,TRUE,Unknown,Unknown,GSE580_theta_data.csv,2026-05-08,0.80,parent relationships not resolved in v0; company_name missing; used ticker fallback; country unknown
ENT002165,LLYV.A,LLYV.A,LLYV.A,,TRUE,Unknown,Unknown,GSE580_theta_data.csv,2026-05-08,0.80,parent relationships not resolved in v0; company_name missing; used ticker fallback; country unknown
ENT002166,LLYV.K,LLYV.K,LLYV.K,,TRUE,Unknown,Unknown,GSE580_theta_data.csv,2026-05-08,0.80,parent relationships not resolved in v0; company_name missing; used ticker fallback; country unknown
ENT002167,LMAT,LMAT,LMAT,,TRUE,Unknown,Unknown,GSE580_theta_data.csv,2026-05-08,0.80,parent relationships not resolved in v0; company_name missing; used ticker fallback; country unknown
ENT002168,LMB,LMB,LMB,,TRUE,Unknown,Unknown,GSE580_theta_data.csv,2026-05-08,0.80,parent relationships not resolved in v0; company_name missing; used ticker fallback; country unknown
ENT002169,LMND,LMND,LMND,,TRUE,United States,North America,GSE580_theta_data.csv,2026-05-08,0.80,parent relationships not resolved in v0; company_name missing; used ticker fallback
ENT002170,LMNR,LMNR,LMNR,,TRUE,Unknown,Unknown,GSE580_theta_data.csv,2026-05-08,0.80,parent relationships not resolved in v0; company_name missing; used ticker fallback; country unknown
ENT002171,LMT,LMT,LMT,,TRUE,Unknown,Unknown,GSE580_theta_data.csv,2026-05-08,0.80,parent relationships not resolved in v0; company_name missing; used ticker fallback; country unknown
ENT002172,LNC,LNC,LNC,,TRUE,Unknown,Unknown,GSE580_theta_data.csv,2026-05-08,0.80,parent relationships not resolved in v0; company_name missing; used ticker fallback; country unknown
ENT002173,LND,LND,LND,,TRUE,Unknown,Unknown,GSE580_theta_data.csv,2026-05-08,0.80,parent relationships not resolved in v0; company_name missing; used ticker fallback; country unknown
ENT002174,LNG,LNG,LNG,,TRUE,Unknown,Unknown,GSE580_theta_data.csv,2026-05-08,0.80,parent relationships not resolved in v0; company_name missing; used ticker fallback; country unknown
ENT002175,LNN,LNN,LNN,,TRUE,Unknown,Unknown,GSE580_theta_data.csv,2026-05-08,0.80,parent relationships not resolved in v0; company_name missing; used ticker fallback; country unknown
ENT002176,LNSR,LNSR,LNSR,,TRUE,Unknown,Unknown,GSE580_theta_data.csv,2026-05-08,0.80,parent relationships not resolved in v0; company_name missing; used ticker fallback; country unknown
ENT002177,LNT,LNT,LNT,,TRUE,Unknown,Unknown,GSE580_theta_data.csv,2026-05-08,0.80,parent relationships not resolved in v0; company_name missing; used ticker fallback; country unknown
ENT002178,LNTH,LNTH,LNTH,,TRUE,Unknown,Unknown,GSE580_theta_data.csv,2026-05-08,0.80,parent relationships not resolved in v0; company_name missing; used ticker fallback; country unknown
ENT002179,LNW,LNW,LNW,,TRUE,Unknown,Unknown,GSE580_theta_data.csv,2026-05-08,0.80,parent relationships not resolved in v0; company_name missing; used ticker fallback; country unknown
ENT002180,LOAR,LOAR,LOAR,,TRUE,Unknown,Unknown,GSE580_theta_data.csv,2026-05-08,0.80,parent relationships not resolved in v0; company_name missing; used ticker fallback; country unknown
ENT002181,LOB,LOB,LOB,,TRUE,Unknown,Unknown,GSE580_theta_data.csv,2026-05-08,0.80,parent relationships not resolved in v0; company_name missing; used ticker fallback; country unknown
ENT002182,LOCO,LOCO,LO,,TRUE,Unknown,Unknown,GSE580_theta_data.csv,2026-05-08,0.80,parent relationships not resolved in v0; company_name missing; used ticker fallback; country unknown
ENT002183,LOGC,LOGC,LOGC,,TRUE,Unknown,Unknown,GSE580_theta_data.csv,2026-05-08,0.80,parent relationships not resolved in v0; company_name missing; used ticker fallback; country unknown
ENT002184,LOGI,LOGI,LOGI,,TRUE,Unknown,Unknown,GSE580_theta_data.csv,2026-05-08,0.80,parent relationships not resolved in v0; company_name missing; used ticker fallback; country unknown
ENT002185,LOMA,LOMA,LOMA,,TRUE,Unknown,Unknown,GSE580_theta_data.csv,2026-05-08,0.80,parent relationships not resolved in v0; company_name missing; used ticker fallback; country unknown
ENT002186,LOPE,LOPE,LOPE,,TRUE,United States,North America,GSE580_theta_data.csv,2026-05-08,0.80,parent relationships not resolved in v0; company_name missing; used ticker fallback
ENT002187,LOT,LOT,LOT,,TRUE,Unknown,Unknown,GSE580_theta_data.csv,2026-05-08,0.80,parent relationships not resolved in v0; company_name missing; used ticker fallback; country unknown
ENT002188,LOVE,LOVE,LOVE,,TRUE,Unknown,Unknown,GSE580_theta_data.csv,2026-05-08,0.80,parent relationships not resolved in v0; company_name missing; used ticker fallback; country unknown
ENT002189,LOW,LOW,LOW,,TRUE,Unknown,Unknown,GSE580_theta_data.csv,2026-05-08,0.80,parent relationships not resolved in v0; company_name missing; used ticker fallback; country unknown
ENT002190,LPA,LPA,LPA,,TRUE,Unknown,Unknown,GSE580_theta_data.csv,2026-05-08,0.80,parent relationships not resolved in v0; company_name missing; used ticker fallback; country unknown
ENT002191,LPG,LPG,LPG,,TRUE,Unknown,Unknown,GSE580_theta_data.csv,2026-05-08,0.80,parent relationships not resolved in v0; company_name missing; used ticker fallback; country unknown
ENT002192,LPL,LPL,LPL,,TRUE,Unknown,Unknown,GSE580_theta_data.csv,2026-05-08,0.80,parent relationships not resolved in v0; company_name missing; used ticker fallback; country unknown
ENT002193,LPLA,LPLA,LPLA,,TRUE,Unknown,Unknown,GSE580_theta_data.csv,2026-05-08,0.80,parent relationships not resolved in v0; company_name missing; used ticker fallback; country unknown
ENT002194,LPRO,LPRO,LPRO,,TRUE,United States,North America,GSE580_theta_data.csv,2026-05-08,0.80,parent relationships not resolved in v0; company_name missing; used ticker fallback
ENT002195,LPTH,LPTH,LPTH,,TRUE,Unknown,Unknown,GSE580_theta_data.csv,2026-05-08,0.80,parent relationships not resolved in v0; company_name missing; used ticker fallback; country unknown
ENT002196,LPX,LPX,LPX,,TRUE,Unknown,Unknown,GSE580_theta_data.csv,2026-05-08,0.80,parent relationships not resolved in v0; company_name missing; used ticker fallback; country unknown
ENT002197,LQDA,LQDA,LQDA,,TRUE,Unknown,Unknown,GSE580_theta_data.csv,2026-05-08,0.80,parent relationships not resolved in v0; company_name missing; used ticker fallback; country unknown
ENT002198,LQDT,LQDT,LQDT,,TRUE,Unknown,Unknown,GSE580_theta_data.csv,2026-05-08,0.80,parent relationships not resolved in v0; company_name missing; used ticker fallback; country unknown
ENT002199,LRCX,LRCX,LRCX,,TRUE,Unknown,Unknown,GSE580_theta_data.csv,2026-05-08,0.80,parent relationships not resolved in v0; company_name missing; used ticker fallback; country unknown
ENT002200,LRN,LRN,LRN,,TRUE,Unknown,Unknown,GSE580_theta_data.csv,2026-05-08,0.80,parent relationships not resolved in v0; company_name missing; used ticker fallback; country unknown
ENT002201,LSAK,LSAK,LSAK,,TRUE,Unknown,Unknown,GSE580_theta_data.csv,2026-05-08,0.80,parent relationships not resolved in v0; company_name missing; used ticker fallback; country unknown
ENT002202,LSCC,LSCC,LSCC,,TRUE,Unknown,Unknown,GSE580_theta_data.csv,2026-05-08,0.80,parent relationships not resolved in v0; company_name missing; used ticker fallback; country unknown
ENT002203,LSE:AAL,LSE:AAL,LSE:AAL,,TRUE,Unknown,Unknown,GSE580_theta_data.csv,2026-05-08,0.80,parent relationships not resolved in v0; company_name missing; used ticker fallback; country unknown
ENT002204,LSE:ABDN,LSE:ABDN,LSE:ABDN,,TRUE,Unknown,Unknown,GSE580_theta_data.csv,2026-05-08,0.80,parent relationships not resolved in v0; company_name missing; used ticker fallback; country unknown
ENT002205,LSE:ABF,LSE:ABF,LSE:ABF,,TRUE,Unknown,Unknown,GSE580_theta_data.csv,2026-05-08,0.80,parent relationships not resolved in v0; company_name missing; used ticker fallback; country unknown
ENT002206,LSE:ADM,LSE:ADM,LSE:ADM,,TRUE,Unknown,Unknown,GSE580_theta_data.csv,2026-05-08,0.80,parent relationships not resolved in v0; company_name missing; used ticker fallback; country unknown
ENT002207,LSE:AHT,LSE:AHT,LSE:AHT,,TRUE,Unknown,Unknown,GSE580_theta_data.csv,2026-05-08,0.80,parent relationships not resolved in v0; company_name missing; used ticker fallback; country unknown
ENT002208,LSE:AML,LSE:AML,LSE:AML,,TRUE,Unknown,Unknown,GSE580_theta_data.csv,2026-05-08,0.80,parent relationships not resolved in v0; company_name missing; used ticker fallback; country unknown
ENT002209,LSE:ANTO,LSE:ANTO,LSE:ANTO,,TRUE,Unknown,Unknown,GSE580_theta_data.csv,2026-05-08,0.80,parent relationships not resolved in v0; company_name missing; used ticker fallback; country unknown
ENT002210,LSE:ASC,LSE:ASC,LSE:ASC,,TRUE,Unknown,Unknown,GSE580_theta_data.csv,2026-05-08,0.80,parent relationships not resolved in v0; company_name missing; used ticker fallback; country unknown
ENT002211,LSE:AUTO,LSE:AUTO,LSE:AUTO,,TRUE,Unknown,Unknown,GSE580_theta_data.csv,2026-05-08,0.80,parent relationships not resolved in v0; company_name missing; used ticker fallback; country unknown
ENT002212,LSE:AV.,LSE:AV.,LSE:AV.,,TRUE,Unknown,Unknown,GSE580_theta_data.csv,2026-05-08,0.80,parent relationships not resolved in v0; company_name missing; used ticker fallback; country unknown
ENT002213,LSE:BA.,LSE:BA.,LSE:BA.,,TRUE,Unknown,Unknown,GSE580_theta_data.csv,2026-05-08,0.80,parent relationships not resolved in v0; company_name missing; used ticker fallback; country unknown
ENT002214,LSE:BAB,LSE:BAB,LSE:BAB,,TRUE,Unknown,Unknown,GSE580_theta_data.csv,2026-05-08,0.80,parent relationships not resolved in v0; company_name missing; used ticker fallback; country unknown
ENT002215,LSE:BARC,LSE:BARC,LSE:BARC,,TRUE,Unknown,Unknown,GSE580_theta_data.csv,2026-05-08,0.80,parent relationships not resolved in v0; company_name missing; used ticker fallback; country unknown
ENT002216,LSE:BBY,LSE:BBY,LSE:BBY,,TRUE,Unknown,Unknown,GSE580_theta_data.csv,2026-05-08,0.80,parent relationships not resolved in v0; company_name missing; used ticker fallback; country unknown
ENT002217,LSE:BLND,LSE:BLND,LSE:BLND,,TRUE,Unknown,Unknown,GSE580_theta_data.csv,2026-05-08,0.80,parent relationships not resolved in v0; company_name missing; used ticker fallback; country unknown
ENT002218,LSE:BMY,LSE:BMY,LSE:BMY,,TRUE,Unknown,Unknown,GSE580_theta_data.csv,2026-05-08,0.80,parent relationships not resolved in v0; company_name missing; used ticker fallback; country unknown
ENT002219,LSE:BNZL,LSE:BNZL,LSE:BNZL,,TRUE,Unknown,Unknown,GSE580_theta_data.csv,2026-05-08,0.80,parent relationships not resolved in v0; company_name missing; used ticker fallback; country unknown
ENT002220,LSE:BP.,LSE:BP.,LSE:BP.,,TRUE,Unknown,Unknown,GSE580_theta_data.csv,2026-05-08,0.80,parent relationships not resolved in v0; company_name missing; used ticker fallback; country unknown
ENT002221,LSE:BRBY,LSE:BRBY,LSE:BRBY,,TRUE,Unknown,Unknown,GSE580_theta_data.csv,2026-05-08,0.80,parent relationships not resolved in v0; company_name missing; used ticker fallback; country unknown
ENT002222,LSE:BT.A,LSE:BT.A,LSE:BT.A,,TRUE,Unknown,Unknown,GSE580_theta_data.csv,2026-05-08,0.80,parent relationships not resolved in v0; company_name missing; used ticker fallback; country unknown
ENT002223,LSE:CCC,LSE:CCC,LSE:CCC,,TRUE,Unknown,Unknown,GSE580_theta_data.csv,2026-05-08,0.80,parent relationships not resolved in v0; company_name missing; used ticker fallback; country unknown
ENT002224,LSE:CCH,LSE:CCH,LSE:CCH,,TRUE,Unknown,Unknown,GSE580_theta_data.csv,2026-05-08,0.80,parent relationships not resolved in v0; company_name missing; used ticker fallback; country unknown
ENT002225,LSE:CPG,LSE:CPG,LSE:CPG,,TRUE,Unknown,Unknown,GSE580_theta_data.csv,2026-05-08,0.80,parent relationships not resolved in v0; company_name missing; used ticker fallback; country unknown
ENT002226,LSE:CPI,LSE:CPI,LSE:CPI,,TRUE,Unknown,Unknown,GSE580_theta_data.csv,2026-05-08,0.80,parent relationships not resolved in v0; company_name missing; used ticker fallback; country unknown
ENT002227,LSE:CRDA,LSE:CRDA,LSE:CRDA,,TRUE,Unknown,Unknown,GSE580_theta_data.csv,2026-05-08,0.80,parent relationships not resolved in v0; company_name missing; used ticker fallback; country unknown
ENT002228,LSE:CTEC,LSE:CTEC,LSE:CTEC,,TRUE,Unknown,Unknown,GSE580_theta_data.csv,2026-05-08,0.80,parent relationships not resolved in v0; company_name missing; used ticker fallback; country unknown
ENT002229,LSE:CWR,LSE:CWR,LSE:CWR,,TRUE,Unknown,Unknown,GSE580_theta_data.csv,2026-05-08,0.80,parent relationships not resolved in v0; company_name missing; used ticker fallback; country unknown
ENT002230,LSE:DCC,LSE:DCC,LSE:DCC,,TRUE,Unknown,Unknown,GSE580_theta_data.csv,2026-05-08,0.80,parent relationships not resolved in v0; company_name missing; used ticker fallback; country unknown
ENT002231,LSE:DLAR,LSE:DLAR,LSE:DLAR,,TRUE,Unknown,Unknown,GSE580_theta_data.csv,2026-05-08,0.80,parent relationships not resolved in v0; company_name missing; used ticker fallback; country unknown
ENT002232,LSE:DOCS,LSE:DOCS,LSE:DOCS,,TRUE,Unknown,Unknown,GSE580_theta_data.csv,2026-05-08,0.80,parent relationships not resolved in v0; company_name missing; used ticker fallback; country unknown
ENT002233,LSE:DOM,LSE:DOM,LSE:DOM,,TRUE,Unknown,Unknown,GSE580_theta_data.csv,2026-05-08,0.80,parent relationships not resolved in v0; company_name missing; used ticker fallback; country unknown
ENT002234,LSE:EDV,LSE:EDV,LSE:EDV,,TRUE,Unknown,Unknown,GSE580_theta_data.csv,2026-05-08,0.80,parent relationships not resolved in v0; company_name missing; used ticker fallback; country unknown
ENT002235,LSE:EMG,LSE:EMG,LSE:EMG,,TRUE,Unknown,Unknown,GSE580_theta_data.csv,2026-05-08,0.80,parent relationships not resolved in v0; company_name missing; used ticker fallback; country unknown
ENT002236,LSE:ENT,LSE:ENT,LSE:ENT,,TRUE,Unknown,Unknown,GSE580_theta_data.csv,2026-05-08,0.80,parent relationships not resolved in v0; company_name missing; used ticker fallback; country unknown
ENT002237,LSE:EVOK,LSE:EVOK,LSE:EVOK,,TRUE,Unknown,Unknown,GSE580_theta_data.csv,2026-05-08,0.80,parent relationships not resolved in v0; company_name missing; used ticker fallback; country unknown
ENT002238,LSE:EXPN,LSE:EXPN,LSE:EXPN,,TRUE,Unknown,Unknown,GSE580_theta_data.csv,2026-05-08,0.80,parent relationships not resolved in v0; company_name missing; used ticker fallback; country unknown
ENT002239,LSE:EZJ,LSE:EZJ,LSE:EZJ,,TRUE,Unknown,Unknown,GSE580_theta_data.csv,2026-05-08,0.80,parent relationships not resolved in v0; company_name missing; used ticker fallback; country unknown
ENT002240,LSE:FLTR,LSE:FLTR,LSE:FLTR,,TRUE,Unknown,Unknown,GSE580_theta_data.csv,2026-05-08,0.80,parent relationships not resolved in v0; company_name missing; used ticker fallback; country unknown
ENT002241,LSE:FRES,LSE:FRES,LSE:FRES,,TRUE,Unknown,Unknown,GSE580_theta_data.csv,2026-05-08,0.80,parent relationships not resolved in v0; company_name missing; used ticker fallback; country unknown
ENT002242,LSE:FUTR,LSE:FUTR,LSE:FUTR,,TRUE,Unknown,Unknown,GSE580_theta_data.csv,2026-05-08,0.80,parent relationships not resolved in v0; company_name missing; used ticker fallback; country unknown
ENT002243,LSE:GLEN,LSE:GLEN,LSE:GLEN,,TRUE,Unknown,Unknown,GSE580_theta_data.csv,2026-05-08,0.80,parent relationships not resolved in v0; company_name missing; used ticker fallback; country unknown
ENT002244,LSE:GRG,LSE:GRG,LSE:GRG,,TRUE,Unknown,Unknown,GSE580_theta_data.csv,2026-05-08,0.80,parent relationships not resolved in v0; company_name missing; used ticker fallback; country unknown
ENT002245,LSE:HAS,LSE:HAS,LSE:HAS,,TRUE,Unknown,Unknown,GSE580_theta_data.csv,2026-05-08,0.80,parent relationships not resolved in v0; company_name missing; used ticker fallback; country unknown
ENT002246,LSE:HBR,LSE:HBR,LSE:HBR,,TRUE,Unknown,Unknown,GSE580_theta_data.csv,2026-05-08,0.80,parent relationships not resolved in v0; company_name missing; used ticker fallback; country unknown
ENT002247,LSE:HIK,LSE:HIK,LSE:HIK,,TRUE,Unknown,Unknown,GSE580_theta_data.csv,2026-05-08,0.80,parent relationships not resolved in v0; company_name missing; used ticker fallback; country unknown
ENT002248,LSE:HLMA,LSE:HLMA,LSE:HLMA,,TRUE,Unknown,Unknown,GSE580_theta_data.csv,2026-05-08,0.80,parent relationships not resolved in v0; company_name missing; used ticker fallback; country unknown
ENT002249,LSE:HSX,LSE:HSX,LSE:HSX,,TRUE,Unknown,Unknown,GSE580_theta_data.csv,2026-05-08,0.80,parent relationships not resolved in v0; company_name missing; used ticker fallback; country unknown
ENT002250,LSE:HTG,LSE:HTG,LSE:HTG,,TRUE,Unknown,Unknown,GSE580_theta_data.csv,2026-05-08,0.80,parent relationships not resolved in v0; company_name missing; used ticker fallback; country unknown
ENT002251,LSE:HTWS,LSE:HTWS,LSE:HTWS,,TRUE,Unknown,Unknown,GSE580_theta_data.csv,2026-05-08,0.80,parent relationships not resolved in v0; company_name missing; used ticker fallback; country unknown
ENT002252,LSE:HWDN,LSE:HWDN,LSE:HWDN,,TRUE,Unknown,Unknown,GSE580_theta_data.csv,2026-05-08,0.80,parent relationships not resolved in v0; company_name missing; used ticker fallback; country unknown
ENT002253,LSE:ICG,LSE:ICG,LSE:ICG,,TRUE,Unknown,Unknown,GSE580_theta_data.csv,2026-05-08,0.80,parent relationships not resolved in v0; company_name missing; used ticker fallback; country unknown
ENT002254,LSE:IGG,LSE:IGG,LSE:IGG,,TRUE,Unknown,Unknown,GSE580_theta_data.csv,2026-05-08,0.80,parent relationships not resolved in v0; company_name missing; used ticker fallback; country unknown
ENT002255,LSE:III,LSE:III,LSE:III,,TRUE,Unknown,Unknown,GSE580_theta_data.csv,2026-05-08,0.80,parent relationships not resolved in v0; company_name missing; used ticker fallback; country unknown
ENT002256,LSE:IMB,LSE:IMB,LSE:IMB,,TRUE,Unknown,Unknown,GSE580_theta_data.csv,2026-05-08,0.80,parent relationships not resolved in v0; company_name missing; used ticker fallback; country unknown
ENT002257,LSE:IMI,LSE:IMI,LSE:IMI,,TRUE,Unknown,Unknown,GSE580_theta_data.csv,2026-05-08,0.80,parent relationships not resolved in v0; company_name missing; used ticker fallback; country unknown
ENT002258,LSE:INCH,LSE:INCH,LSE:INCH,,TRUE,Unknown,Unknown,GSE580_theta_data.csv,2026-05-08,0.80,parent relationships not resolved in v0; company_name missing; used ticker fallback; country unknown
ENT002259,LSE:INF,LSE:INF,LSE:INF,,TRUE,Unknown,Unknown,GSE580_theta_data.csv,2026-05-08,0.80,parent relationships not resolved in v0; company_name missing; used ticker fallback; country unknown
ENT002260,LSE:ITRK,LSE:ITRK,LSE:ITRK,,TRUE,Unknown,Unknown,GSE580_theta_data.csv,2026-05-08,0.80,parent relationships not resolved in v0; company_name missing; used ticker fallback; country unknown
ENT002261,LSE:JD.,LSE:JD.,LSE:JD.,,TRUE,Unknown,Unknown,GSE580_theta_data.csv,2026-05-08,0.80,parent relationships not resolved in v0; company_name missing; used ticker fallback; country unknown
ENT002262,LSE:JUST,LSE:JUST,LSE:JUST,,TRUE,Unknown,Unknown,GSE580_theta_data.csv,2026-05-08,0.80,parent relationships not resolved in v0; company_name missing; used ticker fallback; country unknown
ENT002263,LSE:KAP,LSE:KAP,LSE:KAP,,TRUE,Unknown,Unknown,GSE580_theta_data.csv,2026-05-08,0.80,parent relationships not resolved in v0; company_name missing; used ticker fallback; country unknown
ENT002264,LSE:KGF,LSE:KGF,LSE:KGF,,TRUE,Unknown,Unknown,GSE580_theta_data.csv,2026-05-08,0.80,parent relationships not resolved in v0; company_name missing; used ticker fallback; country unknown
ENT002265,LSE:LAND,LSE:LAND,LSE:LAND,,TRUE,Unknown,Unknown,GSE580_theta_data.csv,2026-05-08,0.80,parent relationships not resolved in v0; company_name missing; used ticker fallback; country unknown
ENT002266,LSE:LGEN,LSE:LGEN,LSE:LGEN,,TRUE,Unknown,Unknown,GSE580_theta_data.csv,2026-05-08,0.80,parent relationships not resolved in v0; company_name missing; used ticker fallback; country unknown
ENT002267,LSE:LMP,LSE:LMP,LSE:LMP,,TRUE,Unknown,Unknown,GSE580_theta_data.csv,2026-05-08,0.80,parent relationships not resolved in v0; company_name missing; used ticker fallback; country unknown
ENT002268,LSE:LRE,LSE:LRE,LSE:LRE,,TRUE,Unknown,Unknown,GSE580_theta_data.csv,2026-05-08,0.80,parent relationships not resolved in v0; company_name missing; used ticker fallback; country unknown
ENT002269,LSE:LSEG,LSE:LSEG,LSE:LSEG,,TRUE,Unknown,Unknown,GSE580_theta_data.csv,2026-05-08,0.80,parent relationships not resolved in v0; company_name missing; used ticker fallback; country unknown
ENT002270,LSE:MNDI,LSE:MNDI,LSE:MNDI,,TRUE,Unknown,Unknown,GSE580_theta_data.csv,2026-05-08,0.80,parent relationships not resolved in v0; company_name missing; used ticker fallback; country unknown
ENT002271,LSE:MNG,LSE:MNG,LSE:MNG,,TRUE,Unknown,Unknown,GSE580_theta_data.csv,2026-05-08,0.80,parent relationships not resolved in v0; company_name missing; used ticker fallback; country unknown
ENT002272,LSE:MRO,LSE:MRO,LSE:MRO,,TRUE,Unknown,Unknown,GSE580_theta_data.csv,2026-05-08,0.80,parent relationships not resolved in v0; company_name missing; used ticker fallback; country unknown
ENT002273,LSE:MTO,LSE:MTO,LSE:MTO,,TRUE,Unknown,Unknown,GSE580_theta_data.csv,2026-05-08,0.80,parent relationships not resolved in v0; company_name missing; used ticker fallback; country unknown
ENT002274,LSE:NG.,LSE:NG.,LSE:NG.,,TRUE,Unknown,Unknown,GSE580_theta_data.csv,2026-05-08,0.80,parent relationships not resolved in v0; company_name missing; used ticker fallback; country unknown
ENT002275,LSE:NXT,LSE:NXT,LSE:NXT,,TRUE,Unknown,Unknown,GSE580_theta_data.csv,2026-05-08,0.80,parent relationships not resolved in v0; company_name missing; used ticker fallback; country unknown
ENT002276,LSE:OCDO,LSE:OCDO,LSE:OCDO,,TRUE,Unknown,Unknown,GSE580_theta_data.csv,2026-05-08,0.80,parent relationships not resolved in v0; company_name missing; used ticker fallback; country unknown
ENT002277,LSE:ONT,LSE:ONT,LSE:ONT,,TRUE,Unknown,Unknown,GSE580_theta_data.csv,2026-05-08,0.80,parent relationships not resolved in v0; company_name missing; used ticker fallback; country unknown
ENT002278,LSE:OXIG,LSE:OXIG,LSE:OXIG,,TRUE,Unknown,Unknown,GSE580_theta_data.csv,2026-05-08,0.80,parent relationships not resolved in v0; company_name missing; used ticker fallback; country unknown
ENT002279,LSE:PAGE,LSE:PAGE,LSE:PAGE,,TRUE,Unknown,Unknown,GSE580_theta_data.csv,2026-05-08,0.80,parent relationships not resolved in v0; company_name missing; used ticker fallback; country unknown
ENT002280,LSE:PHP,LSE:PHP,LSE:PHP,,TRUE,Unknown,Unknown,GSE580_theta_data.csv,2026-05-08,0.80,parent relationships not resolved in v0; company_name missing; used ticker fallback; country unknown
ENT002281,LSE:PRU,LSE:PRU,LSE:PRU,,TRUE,Unknown,Unknown,GSE580_theta_data.csv,2026-05-08,0.80,parent relationships not resolved in v0; company_name missing; used ticker fallback; country unknown
ENT002282,LSE:PSN,LSE:PSN,LSE:PSN,,TRUE,Unknown,Unknown,GSE580_theta_data.csv,2026-05-08,0.80,parent relationships not resolved in v0; company_name missing; used ticker fallback; country unknown
ENT002283,LSE:RIO,LSE:RIO,LSE:RIO,,TRUE,Unknown,Unknown,GSE580_theta_data.csv,2026-05-08,0.80,parent relationships not resolved in v0; company_name missing; used ticker fallback; country unknown
ENT002284,LSE:RKT,LSE:RKT,LSE:RKT,,TRUE,Unknown,Unknown,GSE580_theta_data.csv,2026-05-08,0.80,parent relationships not resolved in v0; company_name missing; used ticker fallback; country unknown
ENT002285,LSE:RMV,LSE:RMV,LSE:RMV,,TRUE,Unknown,Unknown,GSE580_theta_data.csv,2026-05-08,0.80,parent relationships not resolved in v0; company_name missing; used ticker fallback; country unknown
ENT002286,LSE:ROR,LSE:ROR,LSE:ROR,,TRUE,Unknown,Unknown,GSE580_theta_data.csv,2026-05-08,0.80,parent relationships not resolved in v0; company_name missing; used ticker fallback; country unknown
ENT002287,LSE:RR.,LSE:RR.,LSE:RR.,,TRUE,Unknown,Unknown,GSE580_theta_data.csv,2026-05-08,0.80,parent relationships not resolved in v0; company_name missing; used ticker fallback; country unknown
ENT002288,LSE:RS1,LSE:RS1,LSE:RS1,,TRUE,Unknown,Unknown,GSE580_theta_data.csv,2026-05-08,0.80,parent relationships not resolved in v0; company_name missing; used ticker fallback; country unknown
ENT002289,LSE:RTO,LSE:RTO,LSE:RTO,,TRUE,Unknown,Unknown,GSE580_theta_data.csv,2026-05-08,0.80,parent relationships not resolved in v0; company_name missing; used ticker fallback; country unknown
ENT002290,LSE:SAFE,LSE:SAFE,LSE:SAFE,,TRUE,Unknown,Unknown,GSE580_theta_data.csv,2026-05-08,0.80,parent relationships not resolved in v0; company_name missing; used ticker fallback; country unknown
ENT002291,LSE:SBRY,LSE:SBRY,LSE:SBRY,,TRUE,Unknown,Unknown,GSE580_theta_data.csv,2026-05-08,0.80,parent relationships not resolved in v0; company_name missing; used ticker fallback; country unknown
ENT002292,LSE:SDLF,LSE:SDLF,LSE:SDLF,,TRUE,Unknown,Unknown,GSE580_theta_data.csv,2026-05-08,0.80,parent relationships not resolved in v0; company_name missing; used ticker fallback; country unknown
ENT002293,LSE:SDR,LSE:SDR,LSE:SDR,,TRUE,Unknown,Unknown,GSE580_theta_data.csv,2026-05-08,0.80,parent relationships not resolved in v0; company_name missing; used ticker fallback; country unknown
ENT002294,LSE:SGE,LSE:SGE,LSE:SGE,,TRUE,Unknown,Unknown,GSE580_theta_data.csv,2026-05-08,0.80,parent relationships not resolved in v0; company_name missing; used ticker fallback; country unknown
ENT002295,LSE:SGRO,LSE:SGRO,LSE:SGRO,,TRUE,Unknown,Unknown,GSE580_theta_data.csv,2026-05-08,0.80,parent relationships not resolved in v0; company_name missing; used ticker fallback; country unknown
ENT002296,LSE:SHEL,LSE:SHEL,LSE:SHEL,,TRUE,Unknown,Unknown,GSE580_theta_data.csv,2026-05-08,0.80,parent relationships not resolved in v0; company_name missing; used ticker fallback; country unknown
ENT002297,LSE:SMIN,LSE:SMIN,LSE:SMIN,,TRUE,Unknown,Unknown,GSE580_theta_data.csv,2026-05-08,0.80,parent relationships not resolved in v0; company_name missing; used ticker fallback; country unknown
ENT002298,LSE:SPX,LSE:SPX,LSE:SPX,,TRUE,Unknown,Unknown,GSE580_theta_data.csv,2026-05-08,0.80,parent relationships not resolved in v0; company_name missing; used ticker fallback; country unknown
ENT002299,LSE:SRP,LSE:SRP,LSE:SRP,,TRUE,Unknown,Unknown,GSE580_theta_data.csv,2026-05-08,0.80,parent relationships not resolved in v0; company_name missing; used ticker fallback; country unknown
ENT002300,LSE:STAN,LSE:STAN,LSE:STAN,,TRUE,Unknown,Unknown,GSE580_theta_data.csv,2026-05-08,0.80,parent relationships not resolved in v0; company_name missing; used ticker fallback; country unknown
ENT002301,LSE:STJ,LSE:STJ,LSE:STJ,,TRUE,Unknown,Unknown,GSE580_theta_data.csv,2026-05-08,0.80,parent relationships not resolved in v0; company_name missing; used ticker fallback; country unknown
ENT002302,LSE:SVS,LSE:SVS,LSE:SVS,,TRUE,Unknown,Unknown,GSE580_theta_data.csv,2026-05-08,0.80,parent relationships not resolved in v0; company_name missing; used ticker fallback; country unknown
ENT002303,LSE:TATE,LSE:TATE,LSE:TATE,,TRUE,Unknown,Unknown,GSE580_theta_data.csv,2026-05-08,0.80,parent relationships not resolved in v0; company_name missing; used ticker fallback; country unknown
ENT002304,LSE:TCAP,LSE:TCAP,LSE:TCAP,,TRUE,Unknown,Unknown,GSE580_theta_data.csv,2026-05-08,0.80,parent relationships not resolved in v0; company_name missing; used ticker fallback; country unknown
ENT002305,LSE:THRL,LSE:THRL,LSE:THRL,,TRUE,Unknown,Unknown,GSE580_theta_data.csv,2026-05-08,0.80,parent relationships not resolved in v0; company_name missing; used ticker fallback; country unknown
ENT002306,LSE:TLW,LSE:TLW,LSE:TLW,,TRUE,Unknown,Unknown,GSE580_theta_data.csv,2026-05-08,0.80,parent relationships not resolved in v0; company_name missing; used ticker fallback; country unknown
ENT002307,LSE:TRN,LSE:TRN,LSE:TRN,,TRUE,Unknown,Unknown,GSE580_theta_data.csv,2026-05-08,0.80,parent relationships not resolved in v0; company_name missing; used ticker fallback; country unknown
ENT002308,LSE:TSCO,LSE:TSCO,LSE:TS,,TRUE,Unknown,Unknown,GSE580_theta_data.csv,2026-05-08,0.80,parent relationships not resolved in v0; company_name missing; used ticker fallback; country unknown
ENT002309,LSE:TW.,LSE:TW.,LSE:TW.,,TRUE,Unknown,Unknown,GSE580_theta_data.csv,2026-05-08,0.80,parent relationships not resolved in v0; company_name missing; used ticker fallback; country unknown
ENT002310,LSE:VSVS,LSE:VSVS,LSE:VSVS,,TRUE,Unknown,Unknown,GSE580_theta_data.csv,2026-05-08,0.80,parent relationships not resolved in v0; company_name missing; used ticker fallback; country unknown
ENT002311,LSE:WEIR,LSE:WEIR,LSE:WEIR,,TRUE,Unknown,Unknown,GSE580_theta_data.csv,2026-05-08,0.80,parent relationships not resolved in v0; company_name missing; used ticker fallback; country unknown
ENT002312,LSE:WISE,LSE:WISE,LSE:WISE,,TRUE,Unknown,Unknown,GSE580_theta_data.csv,2026-05-08,0.80,parent relationships not resolved in v0; company_name missing; used ticker fallback; country unknown
ENT002313,LSE:WIZZ,LSE:WIZZ,LSE:WIZZ,,TRUE,Unknown,Unknown,GSE580_theta_data.csv,2026-05-08,0.80,parent relationships not resolved in v0; company_name missing; used ticker fallback; country unknown
ENT002314,LSE:WOSG,LSE:WOSG,LSE:WOSG,,TRUE,Unknown,Unknown,GSE580_theta_data.csv,2026-05-08,0.80,parent relationships not resolved in v0; company_name missing; used ticker fallback; country unknown
ENT002315,LSE:WTB,LSE:WTB,LSE:WTB,,TRUE,Unknown,Unknown,GSE580_theta_data.csv,2026-05-08,0.80,parent relationships not resolved in v0; company_name missing; used ticker fallback; country unknown
ENT002316,LSPD,LSPD,LSPD,,TRUE,Unknown,Unknown,GSE580_theta_data.csv,2026-05-08,0.80,parent relationships not resolved in v0; company_name missing; used ticker fallback; country unknown
ENT002317,LSTR,LSTR,LSTR,,TRUE,Unknown,Unknown,GSE580_theta_data.csv,2026-05-08,0.80,parent relationships not resolved in v0; company_name missing; used ticker fallback; country unknown
ENT002318,LTBR,LTBR,LTBR,,TRUE,Unknown,Unknown,GSE580_theta_data.csv,2026-05-08,0.80,parent relationships not resolved in v0; company_name missing; used ticker fallback; country unknown
ENT002319,LTC,LTC,LTC,,TRUE,United States,North America,GSE580_theta_data.csv,2026-05-08,0.80,parent relationships not resolved in v0; company_name missing; used ticker fallback
ENT002320,LTH,LTH,LTH,,TRUE,Unknown,Unknown,GSE580_theta_data.csv,2026-05-08,0.80,parent relationships not resolved in v0; company_name missing; used ticker fallback; country unknown
ENT002321,LTM,LTM,LTM,,TRUE,Unknown,Unknown,GSE580_theta_data.csv,2026-05-08,0.80,parent relationships not resolved in v0; company_name missing; used ticker fallback; country unknown
ENT002322,LTRX,LTRX,LTRX,,TRUE,United States,North America,GSE580_theta_data.csv,2026-05-08,0.80,parent relationships not resolved in v0; company_name missing; used ticker fallback
ENT002323,LU,LU,LU,,TRUE,Unknown,Unknown,GSE580_theta_data.csv,2026-05-08,0.80,parent relationships not resolved in v0; company_name missing; used ticker fallback; country unknown
ENT002324,LUCD,LUCD,LUCD,,TRUE,Unknown,Unknown,GSE580_theta_data.csv,2026-05-08,0.80,parent relationships not resolved in v0; company_name missing; used ticker fallback; country unknown
ENT002325,LUCK,LUCK,LUCK,,TRUE,United States,North America,GSE580_theta_data.csv,2026-05-08,0.80,parent relationships not resolved in v0; company_name missing; used ticker fallback
ENT002326,LUCN,LUCN,LUCN,,TRUE,Unknown,Unknown,GSE580_theta_data.csv,2026-05-08,0.80,parent relationships not resolved in v0; company_name missing; used ticker fallback; country unknown
ENT002327,LULU,LULU,LULU,,TRUE,Unknown,Unknown,GSE580_theta_data.csv,2026-05-08,0.80,parent relationships not resolved in v0; company_name missing; used ticker fallback; country unknown
ENT002328,LUMN,LUMN,LUMN,,TRUE,United States,North America,GSE580_theta_data.csv,2026-05-08,0.80,parent relationships not resolved in v0; company_name missing; used ticker fallback
ENT002329,LUNR,LUNR,LUNR,,TRUE,United States,North America,GSE580_theta_data.csv,2026-05-08,0.80,parent relationships not resolved in v0; company_name missing; used ticker fallback
ENT002330,LUV,LUV,LUV,,TRUE,Unknown,Unknown,GSE580_theta_data.csv,2026-05-08,0.80,parent relationships not resolved in v0; company_name missing; used ticker fallback; country unknown
ENT002331,LUXE,LUXE,LUXE,,TRUE,Unknown,Unknown,GSE580_theta_data.csv,2026-05-08,0.80,parent relationships not resolved in v0; company_name missing; used ticker fallback; country unknown
ENT002332,LVRO,LVRO,LVRO,,TRUE,Unknown,Unknown,GSE580_theta_data.csv,2026-05-08,0.80,parent relationships not resolved in v0; company_name missing; used ticker fallback; country unknown
ENT002333,LVS,LVS,LVS,,TRUE,United States,North America,GSE580_theta_data.csv,2026-05-08,0.80,parent relationships not resolved in v0; company_name missing; used ticker fallback
ENT002334,LVWR,LVWR,LVWR,,TRUE,Unknown,Unknown,GSE580_theta_data.csv,2026-05-08,0.80,parent relationships not resolved in v0; company_name missing; used ticker fallback; country unknown
ENT002335,LW,LW,LW,,TRUE,Unknown,Unknown,GSE580_theta_data.csv,2026-05-08,0.80,parent relationships not resolved in v0; company_name missing; used ticker fallback; country unknown
ENT002336,LWAY,LWAY,LWAY,,TRUE,Unknown,Unknown,GSE580_theta_data.csv,2026-05-08,0.80,parent relationships not resolved in v0; company_name missing; used ticker fallback; country unknown
ENT002337,LWLG,LWLG,LWLG,,TRUE,Unknown,Unknown,GSE580_theta_data.csv,2026-05-08,0.80,parent relationships not resolved in v0; company_name missing; used ticker fallback; country unknown
ENT002338,LX,LX,LX,,TRUE,Unknown,Unknown,GSE580_theta_data.csv,2026-05-08,0.80,parent relationships not resolved in v0; company_name missing; used ticker fallback; country unknown
ENT002339,LXFR,LXFR,LXFR,,TRUE,Unknown,Unknown,GSE580_theta_data.csv,2026-05-08,0.80,parent relationships not resolved in v0; company_name missing; used ticker fallback; country unknown
ENT002340,LXP,LXP,LXP,,TRUE,Unknown,Unknown,GSE580_theta_data.csv,2026-05-08,0.80,parent relationships not resolved in v0; company_name missing; used ticker fallback; country unknown
ENT002341,LXRX,LXRX,LXRX,,TRUE,Unknown,Unknown,GSE580_theta_data.csv,2026-05-08,0.80,parent relationships not resolved in v0; company_name missing; used ticker fallback; country unknown
ENT002342,LXU,LXU,LXU,,TRUE,Unknown,Unknown,GSE580_theta_data.csv,2026-05-08,0.80,parent relationships not resolved in v0; company_name missing; used ticker fallback; country unknown
ENT002343,LYB,LYB,LYB,,TRUE,Unknown,Unknown,GSE580_theta_data.csv,2026-05-08,0.80,parent relationships not resolved in v0; company_name missing; used ticker fallback; country unknown
ENT002344,LYFT,LYFT,LYFT,,TRUE,Unknown,Unknown,GSE580_theta_data.csv,2026-05-08,0.80,parent relationships not resolved in v0; company_name missing; used ticker fallback; country unknown
ENT002345,LYG,LYG,LYG,,TRUE,Unknown,Unknown,GSE580_theta_data.csv,2026-05-08,0.80,parent relationships not resolved in v0; company_name missing; used ticker fallback; country unknown
ENT002346,LYTS,LYTS,LYTS,,TRUE,Unknown,Unknown,GSE580_theta_data.csv,2026-05-08,0.80,parent relationships not resolved in v0; company_name missing; used ticker fallback; country unknown
ENT002347,LYV,LYV,LYV,,TRUE,Unknown,Unknown,GSE580_theta_data.csv,2026-05-08,0.80,parent relationships not resolved in v0; company_name missing; used ticker fallback; country unknown
ENT002348,LZ,LZ,LZ,,TRUE,Unknown,Unknown,GSE580_theta_data.csv,2026-05-08,0.80,parent relationships not resolved in v0; company_name missing; used ticker fallback; country unknown
ENT002349,LZB,LZB,LZB,,TRUE,Unknown,Unknown,GSE580_theta_data.csv,2026-05-08,0.80,parent relationships not resolved in v0; company_name missing; used ticker fallback; country unknown
ENT002350,LZM,LZM,LZM,,TRUE,Unknown,Unknown,GSE580_theta_data.csv,2026-05-08,0.80,parent relationships not resolved in v0; company_name missing; used ticker fallback; country unknown
ENT002351,LZMH,LZMH,LZMH,,TRUE,Unknown,Unknown,GSE580_theta_data.csv,2026-05-08,0.80,parent relationships not resolved in v0; company_name missing; used ticker fallback; country unknown
ENT002352,M,M,M,,TRUE,Unknown,Unknown,GSE580_theta_data.csv,2026-05-08,0.80,parent relationships not resolved in v0; company_name missing; used ticker fallback; country unknown
ENT002353,MA,MA,MA,,TRUE,Unknown,Unknown,GSE580_theta_data.csv,2026-05-08,0.80,parent relationships not resolved in v0; company_name missing; used ticker fallback; country unknown
ENT002354,MAA,MAA,MAA,,TRUE,Unknown,Unknown,GSE580_theta_data.csv,2026-05-08,0.80,parent relationships not resolved in v0; company_name missing; used ticker fallback; country unknown
ENT002355,MAC,MAC,MAC,,TRUE,Unknown,Unknown,GSE580_theta_data.csv,2026-05-08,0.80,parent relationships not resolved in v0; company_name missing; used ticker fallback; country unknown
ENT002356,MAGN,MAGN,MAGN,,TRUE,Unknown,Unknown,GSE580_theta_data.csv,2026-05-08,0.80,parent relationships not resolved in v0; company_name missing; used ticker fallback; country unknown
ENT002357,MAHN,MAHN,MAHN,,TRUE,Unknown,Unknown,GSE580_theta_data.csv,2026-05-08,0.80,parent relationships not resolved in v0; company_name missing; used ticker fallback; country unknown
ENT002358,MAMA,MAMA,MAMA,,TRUE,Unknown,Unknown,GSE580_theta_data.csv,2026-05-08,0.80,parent relationships not resolved in v0; company_name missing; used ticker fallback; country unknown
ENT002359,MAMK,MAMK,MAMK,,TRUE,Unknown,Unknown,GSE580_theta_data.csv,2026-05-08,0.80,parent relationships not resolved in v0; company_name missing; used ticker fallback; country unknown
ENT002360,MAMO,MAMO,MAMO,,TRUE,Unknown,Unknown,GSE580_theta_data.csv,2026-05-08,0.80,parent relationships not resolved in v0; company_name missing; used ticker fallback; country unknown
ENT002361,MAN,MAN,MAN,,TRUE,Unknown,Unknown,GSE580_theta_data.csv,2026-05-08,0.80,parent relationships not resolved in v0; company_name missing; used ticker fallback; country unknown
ENT002362,MANH,MANH,MANH,,TRUE,Unknown,Unknown,GSE580_theta_data.csv,2026-05-08,0.80,parent relationships not resolved in v0; company_name missing; used ticker fallback; country unknown
ENT002363,MANU,MANU,MANU,,TRUE,Unknown,Unknown,GSE580_theta_data.csv,2026-05-08,0.80,parent relationships not resolved in v0; company_name missing; used ticker fallback; country unknown
ENT002364,MAPS,MAPS,MAPS,,TRUE,Unknown,Unknown,GSE580_theta_data.csv,2026-05-08,0.80,parent relationships not resolved in v0; company_name missing; used ticker fallback; country unknown
ENT002365,MAR,MAR,MAR,,TRUE,Unknown,Unknown,GSE580_theta_data.csv,2026-05-08,0.80,parent relationships not resolved in v0; company_name missing; used ticker fallback; country unknown
ENT002366,MARA,MARA,MARA,,TRUE,Unknown,Unknown,GSE580_theta_data.csv,2026-05-08,0.80,parent relationships not resolved in v0; company_name missing; used ticker fallback; country unknown
ENT002367,MAS,MAS,MAS,,TRUE,Unknown,Unknown,GSE580_theta_data.csv,2026-05-08,0.80,parent relationships not resolved in v0; company_name missing; used ticker fallback; country unknown
ENT002368,MASI,MASI,MASI,,TRUE,Unknown,Unknown,GSE580_theta_data.csv,2026-05-08,0.80,parent relationships not resolved in v0; company_name missing; used ticker fallback; country unknown
ENT002369,MASS,MASS,MASS,,TRUE,Unknown,Unknown,GSE580_theta_data.csv,2026-05-08,0.80,parent relationships not resolved in v0; company_name missing; used ticker fallback; country unknown
ENT002370,MAT,MAT,MAT,,TRUE,Unknown,Unknown,GSE580_theta_data.csv,2026-05-08,0.80,parent relationships not resolved in v0; company_name missing; used ticker fallback; country unknown
ENT002371,MATH,MATH,MATH,,TRUE,Unknown,Unknown,GSE580_theta_data.csv,2026-05-08,0.80,parent relationships not resolved in v0; company_name missing; used ticker fallback; country unknown
ENT002372,MATV,MATV,MATV,,TRUE,Unknown,Unknown,GSE580_theta_data.csv,2026-05-08,0.80,parent relationships not resolved in v0; company_name missing; used ticker fallback; country unknown
ENT002373,MATW,MATW,MATW,,TRUE,Unknown,Unknown,GSE580_theta_data.csv,2026-05-08,0.80,parent relationships not resolved in v0; company_name missing; used ticker fallback; country unknown
ENT002374,MATX,MATX,MATX,,TRUE,Unknown,Unknown,GSE580_theta_data.csv,2026-05-08,0.80,parent relationships not resolved in v0; company_name missing; used ticker fallback; country unknown
ENT002375,MAX,MAX,MAX,,TRUE,United States,North America,GSE580_theta_data.csv,2026-05-08,0.80,parent relationships not resolved in v0; company_name missing; used ticker fallback
ENT002376,MAZE,MAZE,MAZE,,TRUE,Unknown,Unknown,GSE580_theta_data.csv,2026-05-08,0.80,parent relationships not resolved in v0; company_name missing; used ticker fallback; country unknown
ENT002377,MB,MB,MB,,TRUE,Unknown,Unknown,GSE580_theta_data.csv,2026-05-08,0.80,parent relationships not resolved in v0; company_name missing; used ticker fallback; country unknown
ENT002378,MBC,MBC,MBC,,TRUE,Unknown,Unknown,GSE580_theta_data.csv,2026-05-08,0.80,parent relationships not resolved in v0; company_name missing; used ticker fallback; country unknown
ENT002379,MBI,MBI,MBI,,TRUE,Unknown,Unknown,GSE580_theta_data.csv,2026-05-08,0.80,parent relationships not resolved in v0; company_name missing; used ticker fallback; country unknown
ENT002380,MBIN,MBIN,MBIN,,TRUE,Unknown,Unknown,GSE580_theta_data.csv,2026-05-08,0.80,parent relationships not resolved in v0; company_name missing; used ticker fallback; country unknown
ENT002381,MBLY,MBLY,MBLY,,TRUE,Unknown,Unknown,GSE580_theta_data.csv,2026-05-08,0.80,parent relationships not resolved in v0; company_name missing; used ticker fallback; country unknown
ENT002382,MBOT,MBOT,MBOT,,TRUE,Unknown,Unknown,GSE580_theta_data.csv,2026-05-08,0.80,parent relationships not resolved in v0; company_name missing; used ticker fallback; country unknown
ENT002383,MBUU,MBUU,MBUU,,TRUE,Unknown,Unknown,GSE580_theta_data.csv,2026-05-08,0.80,parent relationships not resolved in v0; company_name missing; used ticker fallback; country unknown
ENT002384,MBX,MBX,MBX,,TRUE,United States,North America,GSE580_theta_data.csv,2026-05-08,0.80,parent relationships not resolved in v0; company_name missing; used ticker fallback
ENT002385,MC,MC,MC,,TRUE,Unknown,Unknown,GSE580_theta_data.csv,2026-05-08,0.80,parent relationships not resolved in v0; company_name missing; used ticker fallback; country unknown
ENT002386,MCAP,MCAP,MCAP,,TRUE,Unknown,Unknown,GSE580_theta_data.csv,2026-05-08,0.80,parent relationships not resolved in v0; company_name missing; used ticker fallback; country unknown
ENT002387,MCCK,MCCK,MCCK,,TRUE,Unknown,Unknown,GSE580_theta_data.csv,2026-05-08,0.80,parent relationships not resolved in v0; company_name missing; used ticker fallback; country unknown
ENT002388,MCD,MCD,MCD,,TRUE,Unknown,Unknown,GSE580_theta_data.csv,2026-05-08,0.80,parent relationships not resolved in v0; company_name missing; used ticker fallback; country unknown
ENT002389,MCEM,MCEM,MCEM,,TRUE,Unknown,Unknown,GSE580_theta_data.csv,2026-05-08,0.80,parent relationships not resolved in v0; company_name missing; used ticker fallback; country unknown
ENT002390,MCFT,MCFT,MCFT,,TRUE,Unknown,Unknown,GSE580_theta_data.csv,2026-05-08,0.80,parent relationships not resolved in v0; company_name missing; used ticker fallback; country unknown
ENT002391,MCHP,MCHP,MCHP,,TRUE,Unknown,Unknown,GSE580_theta_data.csv,2026-05-08,0.80,parent relationships not resolved in v0; company_name missing; used ticker fallback; country unknown
ENT002392,MCK,MCK,MCK,,TRUE,Unknown,Unknown,GSE580_theta_data.csv,2026-05-08,0.80,parent relationships not resolved in v0; company_name missing; used ticker fallback; country unknown
ENT002393,MCO,MCO,M,,TRUE,Unknown,Unknown,GSE580_theta_data.csv,2026-05-08,0.80,parent relationships not resolved in v0; company_name missing; used ticker fallback; country unknown
ENT002394,MCRI,MCRI,MCRI,,TRUE,Unknown,Unknown,GSE580_theta_data.csv,2026-05-08,0.80,parent relationships not resolved in v0; company_name missing; used ticker fallback; country unknown
ENT002395,MCS,MCS,MCS,,TRUE,United States,North America,GSE580_theta_data.csv,2026-05-08,0.80,parent relationships not resolved in v0; company_name missing; used ticker fallback
ENT002396,MCTA,MCTA,MCTA,,TRUE,Unknown,Unknown,GSE580_theta_data.csv,2026-05-08,0.80,parent relationships not resolved in v0; company_name missing; used ticker fallback; country unknown
ENT002397,MCW,MCW,MCW,,TRUE,Unknown,Unknown,GSE580_theta_data.csv,2026-05-08,0.80,parent relationships not resolved in v0; company_name missing; used ticker fallback; country unknown
ENT002398,MCY,MCY,MCY,,TRUE,Unknown,Unknown,GSE580_theta_data.csv,2026-05-08,0.80,parent relationships not resolved in v0; company_name missing; used ticker fallback; country unknown
ENT002399,MD,MD,MD,,TRUE,Unknown,Unknown,GSE580_theta_data.csv,2026-05-08,0.80,parent relationships not resolved in v0; company_name missing; used ticker fallback; country unknown
ENT002400,MDB,MDB,MDB,,TRUE,Unknown,Unknown,GSE580_theta_data.csv,2026-05-08,0.80,parent relationships not resolved in v0; company_name missing; used ticker fallback; country unknown
ENT002401,MDLZ,MDLZ,MDLZ,,TRUE,Unknown,Unknown,GSE580_theta_data.csv,2026-05-08,0.80,parent relationships not resolved in v0; company_name missing; used ticker fallback; country unknown
ENT002402,MDRX,MDRX,MDRX,,TRUE,Unknown,Unknown,GSE580_theta_data.csv,2026-05-08,0.80,parent relationships not resolved in v0; company_name missing; used ticker fallback; country unknown
ENT002403,MDT,MDT,MDT,,TRUE,Unknown,Unknown,GSE580_theta_data.csv,2026-05-08,0.80,parent relationships not resolved in v0; company_name missing; used ticker fallback; country unknown
ENT002404,MDU,MDU,MDU,,TRUE,Unknown,Unknown,GSE580_theta_data.csv,2026-05-08,0.80,parent relationships not resolved in v0; company_name missing; used ticker fallback; country unknown
ENT002405,MDWD,MDWD,MDWD,,TRUE,Unknown,Unknown,GSE580_theta_data.csv,2026-05-08,0.80,parent relationships not resolved in v0; company_name missing; used ticker fallback; country unknown
ENT002406,MEC,MEC,MEC,,TRUE,Unknown,Unknown,GSE580_theta_data.csv,2026-05-08,0.80,parent relationships not resolved in v0; company_name missing; used ticker fallback; country unknown
ENT002407,MED,MED,MED,,TRUE,United States,North America,GSE580_theta_data.csv,2026-05-08,0.80,parent relationships not resolved in v0; company_name missing; used ticker fallback
ENT002408,MEDP,MEDP,MEDP,,TRUE,Unknown,Unknown,GSE580_theta_data.csv,2026-05-08,0.80,parent relationships not resolved in v0; company_name missing; used ticker fallback; country unknown
ENT002409,MEG,MEG,MEG,,TRUE,Unknown,Unknown,GSE580_theta_data.csv,2026-05-08,0.80,parent relationships not resolved in v0; company_name missing; used ticker fallback; country unknown
ENT002410,MEI,MEI,MEI,,TRUE,Unknown,Unknown,GSE580_theta_data.csv,2026-05-08,0.80,parent relationships not resolved in v0; company_name missing; used ticker fallback; country unknown
ENT002411,MELI,MELI,MELI,,TRUE,Unknown,Unknown,GSE580_theta_data.csv,2026-05-08,0.80,parent relationships not resolved in v0; company_name missing; used ticker fallback; country unknown
ENT002412,MEOH,MEOH,MEOH,,TRUE,Unknown,Unknown,GSE580_theta_data.csv,2026-05-08,0.80,parent relationships not resolved in v0; company_name missing; used ticker fallback; country unknown
ENT002413,MERC,MERC,MERC,,TRUE,Unknown,Unknown,GSE580_theta_data.csv,2026-05-08,0.80,parent relationships not resolved in v0; company_name missing; used ticker fallback; country unknown
ENT002414,MET,MET,MET,,TRUE,Unknown,Unknown,GSE580_theta_data.csv,2026-05-08,0.80,parent relationships not resolved in v0; company_name missing; used ticker fallback; country unknown
ENT002415,META,META,META,,TRUE,Unknown,Unknown,GSE580_theta_data.csv,2026-05-08,0.80,parent relationships not resolved in v0; company_name missing; used ticker fallback; country unknown
ENT002416,METC,METC,METC,,TRUE,Unknown,Unknown,GSE580_theta_data.csv,2026-05-08,0.80,parent relationships not resolved in v0; company_name missing; used ticker fallback; country unknown
ENT002417,MFA,MFA,MFA,,TRUE,United States,North America,GSE580_theta_data.csv,2026-05-08,0.80,parent relationships not resolved in v0; company_name missing; used ticker fallback
ENT002418,MFC,MFC,MFC,,TRUE,Unknown,Unknown,GSE580_theta_data.csv,2026-05-08,0.80,parent relationships not resolved in v0; company_name missing; used ticker fallback; country unknown
ENT002419,MFG,MFG,MFG,,TRUE,Unknown,Unknown,GSE580_theta_data.csv,2026-05-08,0.80,parent relationships not resolved in v0; company_name missing; used ticker fallback; country unknown
ENT002420,MFH,MFH,MFH,,TRUE,Unknown,Unknown,GSE580_theta_data.csv,2026-05-08,0.80,parent relationships not resolved in v0; company_name missing; used ticker fallback; country unknown
ENT002421,MFIN,MFIN,MFIN,,TRUE,Unknown,Unknown,GSE580_theta_data.csv,2026-05-08,0.80,parent relationships not resolved in v0; company_name missing; used ticker fallback; country unknown
ENT002422,MG,MG,MG,,TRUE,Unknown,Unknown,GSE580_theta_data.csv,2026-05-08,0.80,parent relationships not resolved in v0; company_name missing; used ticker fallback; country unknown
ENT002423,MGA,MGA,MGA,,TRUE,Unknown,Unknown,GSE580_theta_data.csv,2026-05-08,0.80,parent relationships not resolved in v0; company_name missing; used ticker fallback; country unknown
ENT002424,MGEE,MGEE,MGEE,,TRUE,Unknown,Unknown,GSE580_theta_data.csv,2026-05-08,0.80,parent relationships not resolved in v0; company_name missing; used ticker fallback; country unknown
ENT002425,MGM,MGM,MGM,,TRUE,Unknown,Unknown,GSE580_theta_data.csv,2026-05-08,0.80,parent relationships not resolved in v0; company_name missing; used ticker fallback; country unknown
ENT002426,MGNI,MGNI,MGNI,,TRUE,Unknown,Unknown,GSE580_theta_data.csv,2026-05-08,0.80,parent relationships not resolved in v0; company_name missing; used ticker fallback; country unknown
ENT002427,MGPI,MGPI,MGPI,,TRUE,Unknown,Unknown,GSE580_theta_data.csv,2026-05-08,0.80,parent relationships not resolved in v0; company_name missing; used ticker fallback; country unknown
ENT002428,MGRC,MGRC,MGRC,,TRUE,Unknown,Unknown,GSE580_theta_data.csv,2026-05-08,0.80,parent relationships not resolved in v0; company_name missing; used ticker fallback; country unknown
ENT002429,MGTE,MGTE,MGTE,,TRUE,Unknown,Unknown,GSE580_theta_data.csv,2026-05-08,0.80,parent relationships not resolved in v0; company_name missing; used ticker fallback; country unknown
ENT002430,MGY,MGY,MGY,,TRUE,Unknown,Unknown,GSE580_theta_data.csv,2026-05-08,0.80,parent relationships not resolved in v0; company_name missing; used ticker fallback; country unknown
ENT002431,MH,MH,MH,,TRUE,Unknown,Unknown,GSE580_theta_data.csv,2026-05-08,0.80,parent relationships not resolved in v0; company_name missing; used ticker fallback; country unknown
ENT002432,MHK,MHK,MHK,,TRUE,Unknown,Unknown,GSE580_theta_data.csv,2026-05-08,0.80,parent relationships not resolved in v0; company_name missing; used ticker fallback; country unknown
ENT002433,MHO,MHO,MHO,,TRUE,Unknown,Unknown,GSE580_theta_data.csv,2026-05-08,0.80,parent relationships not resolved in v0; company_name missing; used ticker fallback; country unknown
ENT002434,MIAX,MIAX,MIAX,,TRUE,Unknown,Unknown,GSE580_theta_data.csv,2026-05-08,0.80,parent relationships not resolved in v0; company_name missing; used ticker fallback; country unknown
ENT002435,MIDD,MIDD,MIDD,,TRUE,Unknown,Unknown,GSE580_theta_data.csv,2026-05-08,0.80,parent relationships not resolved in v0; company_name missing; used ticker fallback; country unknown
ENT002436,MIND,MIND,MIND,,TRUE,Unknown,Unknown,GSE580_theta_data.csv,2026-05-08,0.80,parent relationships not resolved in v0; company_name missing; used ticker fallback; country unknown
ENT002437,MIR,MIR,MIR,,TRUE,Unknown,Unknown,GSE580_theta_data.csv,2026-05-08,0.80,parent relationships not resolved in v0; company_name missing; used ticker fallback; country unknown
ENT002438,MIST,MIST,MIST,,TRUE,Unknown,Unknown,GSE580_theta_data.csv,2026-05-08,0.80,parent relationships not resolved in v0; company_name missing; used ticker fallback; country unknown
ENT002439,MISX:GMKN,MISX:GMKN,MISX:GMKN,,TRUE,Unknown,Unknown,GSE580_theta_data.csv,2026-05-08,0.80,parent relationships not resolved in v0; company_name missing; used ticker fallback; country unknown
ENT002440,MISX:NLMK,MISX:NLMK,MISX:NLMK,,TRUE,Unknown,Unknown,GSE580_theta_data.csv,2026-05-08,0.80,parent relationships not resolved in v0; company_name missing; used ticker fallback; country unknown
ENT002441,MISX:NVTK,MISX:NVTK,MISX:NVTK,,TRUE,Unknown,Unknown,GSE580_theta_data.csv,2026-05-08,0.80,parent relationships not resolved in v0; company_name missing; used ticker fallback; country unknown
ENT002442,MISX:PHOR,MISX:PHOR,MISX:PHOR,,TRUE,Unknown,Unknown,GSE580_theta_data.csv,2026-05-08,0.80,parent relationships not resolved in v0; company_name missing; used ticker fallback; country unknown
ENT002443,MISX:PLZL,MISX:PLZL,MISX:PLZL,,TRUE,Unknown,Unknown,GSE580_theta_data.csv,2026-05-08,0.80,parent relationships not resolved in v0; company_name missing; used ticker fallback; country unknown
ENT002444,MISX:RUAL,MISX:RUAL,MISX:RUAL,,TRUE,Unknown,Unknown,GSE580_theta_data.csv,2026-05-08,0.80,parent relationships not resolved in v0; company_name missing; used ticker fallback; country unknown
ENT002445,MISX:VSMO,MISX:VSMO,MISX:VSMO,,TRUE,Unknown,Unknown,GSE580_theta_data.csv,2026-05-08,0.80,parent relationships not resolved in v0; company_name missing; used ticker fallback; country unknown
ENT002446,MISX:YDEX,MISX:YDEX,MISX:YDEX,,TRUE,Unknown,Unknown,GSE580_theta_data.csv,2026-05-08,0.80,parent relationships not resolved in v0; company_name missing; used ticker fallback; country unknown
ENT002447,MITK,MITK,MITK,,TRUE,Unknown,Unknown,GSE580_theta_data.csv,2026-05-08,0.80,parent relationships not resolved in v0; company_name missing; used ticker fallback; country unknown
ENT002448,MITT,MITT,MITT,,TRUE,Unknown,Unknown,GSE580_theta_data.csv,2026-05-08,0.80,parent relationships not resolved in v0; company_name missing; used ticker fallback; country unknown
ENT002449,MKC.V,MKC.V,MKC.V,,TRUE,Unknown,Unknown,GSE580_theta_data.csv,2026-05-08,0.80,parent relationships not resolved in v0; company_name missing; used ticker fallback; country unknown
ENT002450,MKL,MKL,MKL,,TRUE,Unknown,Unknown,GSE580_theta_data.csv,2026-05-08,0.80,parent relationships not resolved in v0; company_name missing; used ticker fallback; country unknown
ENT002451,MKSI,MKSI,MKSI,,TRUE,Unknown,Unknown,GSE580_theta_data.csv,2026-05-08,0.80,parent relationships not resolved in v0; company_name missing; used ticker fallback; country unknown
ENT002452,MKTW,MKTW,MKTW,,TRUE,United States,North America,GSE580_theta_data.csv,2026-05-08,0.80,parent relationships not resolved in v0; company_name missing; used ticker fallback
ENT002453,MKTX,MKTX,MKTX,,TRUE,Unknown,Unknown,GSE580_theta_data.csv,2026-05-08,0.80,parent relationships not resolved in v0; company_name missing; used ticker fallback; country unknown
ENT002454,MLAB,MLAB,MLAB,,TRUE,Unknown,Unknown,GSE580_theta_data.csv,2026-05-08,0.80,parent relationships not resolved in v0; company_name missing; used ticker fallback; country unknown
ENT002455,MLCI,MLCI,MLCI,,TRUE,Unknown,Unknown,GSE580_theta_data.csv,2026-05-08,0.80,parent relationships not resolved in v0; company_name missing; used ticker fallback; country unknown
ENT002456,MLCO,MLCO,ML,,TRUE,Unknown,Unknown,GSE580_theta_data.csv,2026-05-08,0.80,parent relationships not resolved in v0; company_name missing; used ticker fallback; country unknown
ENT002457,MLI,MLI,MLI,,TRUE,Unknown,Unknown,GSE580_theta_data.csv,2026-05-08,0.80,parent relationships not resolved in v0; company_name missing; used ticker fallback; country unknown
ENT002458,MLKN,MLKN,MLKN,,TRUE,Unknown,Unknown,GSE580_theta_data.csv,2026-05-08,0.80,parent relationships not resolved in v0; company_name missing; used ticker fallback; country unknown
ENT002459,MLM,MLM,MLM,,TRUE,Unknown,Unknown,GSE580_theta_data.csv,2026-05-08,0.80,parent relationships not resolved in v0; company_name missing; used ticker fallback; country unknown
ENT002460,MLP,MLP,MLP,,TRUE,Unknown,Unknown,GSE580_theta_data.csv,2026-05-08,0.80,parent relationships not resolved in v0; company_name missing; used ticker fallback; country unknown
ENT002461,MLR,MLR,MLR,,TRUE,Unknown,Unknown,GSE580_theta_data.csv,2026-05-08,0.80,parent relationships not resolved in v0; company_name missing; used ticker fallback; country unknown
ENT002462,MMC,MMC,MMC,,TRUE,Unknown,Unknown,GSE580_theta_data.csv,2026-05-08,0.80,parent relationships not resolved in v0; company_name missing; used ticker fallback; country unknown
ENT002463,MMI,MMI,MMI,,TRUE,Unknown,Unknown,GSE580_theta_data.csv,2026-05-08,0.80,parent relationships not resolved in v0; company_name missing; used ticker fallback; country unknown
ENT002464,MMM,MMM,MMM,,TRUE,Unknown,Unknown,GSE580_theta_data.csv,2026-05-08,0.80,parent relationships not resolved in v0; company_name missing; used ticker fallback; country unknown
ENT002465,MMS,MMS,MMS,,TRUE,Unknown,Unknown,GSE580_theta_data.csv,2026-05-08,0.80,parent relationships not resolved in v0; company_name missing; used ticker fallback; country unknown
ENT002466,MMSI,MMSI,MMSI,,TRUE,Unknown,Unknown,GSE580_theta_data.csv,2026-05-08,0.80,parent relationships not resolved in v0; company_name missing; used ticker fallback; country unknown
ENT002467,MMYT,MMYT,MMYT,,TRUE,Unknown,Unknown,GSE580_theta_data.csv,2026-05-08,0.80,parent relationships not resolved in v0; company_name missing; used ticker fallback; country unknown
ENT002468,MNDY,MNDY,MNDY,,TRUE,Unknown,Unknown,GSE580_theta_data.csv,2026-05-08,0.80,parent relationships not resolved in v0; company_name missing; used ticker fallback; country unknown
ENT002469,MNMD,MNMD,MNMD,,TRUE,Unknown,Unknown,GSE580_theta_data.csv,2026-05-08,0.80,parent relationships not resolved in v0; company_name missing; used ticker fallback; country unknown
ENT002470,MNPP,MNPP,MNPP,,TRUE,Unknown,Unknown,GSE580_theta_data.csv,2026-05-08,0.80,parent relationships not resolved in v0; company_name missing; used ticker fallback; country unknown
ENT002471,MNRO,MNRO,MNRO,,TRUE,Unknown,Unknown,GSE580_theta_data.csv,2026-05-08,0.80,parent relationships not resolved in v0; company_name missing; used ticker fallback; country unknown
ENT002472,MNSO,MNSO,MNSO,,TRUE,Unknown,Unknown,GSE580_theta_data.csv,2026-05-08,0.80,parent relationships not resolved in v0; company_name missing; used ticker fallback; country unknown
ENT002473,MNST,MNST,MNST,,TRUE,Unknown,Unknown,GSE580_theta_data.csv,2026-05-08,0.80,parent relationships not resolved in v0; company_name missing; used ticker fallback; country unknown
ENT002474,MNTK,MNTK,MNTK,,TRUE,Unknown,Unknown,GSE580_theta_data.csv,2026-05-08,0.80,parent relationships not resolved in v0; company_name missing; used ticker fallback; country unknown
ENT002475,MNTN,MNTN,MNTN,,TRUE,Unknown,Unknown,GSE580_theta_data.csv,2026-05-08,0.80,parent relationships not resolved in v0; company_name missing; used ticker fallback; country unknown
ENT002476,MO,MO,MO,,TRUE,Unknown,Unknown,GSE580_theta_data.csv,2026-05-08,0.80,parent relationships not resolved in v0; company_name missing; used ticker fallback; country unknown
ENT002477,MOD,MOD,MOD,,TRUE,Unknown,Unknown,GSE580_theta_data.csv,2026-05-08,0.80,parent relationships not resolved in v0; company_name missing; used ticker fallback; country unknown
ENT002478,MOG.B,MOG.B,MOG.B,,TRUE,Unknown,Unknown,GSE580_theta_data.csv,2026-05-08,0.80,parent relationships not resolved in v0; company_name missing; used ticker fallback; country unknown
ENT002479,MOH,MOH,MOH,,TRUE,Unknown,Unknown,GSE580_theta_data.csv,2026-05-08,0.80,parent relationships not resolved in v0; company_name missing; used ticker fallback; country unknown
ENT002480,MOMO,MOMO,MOMO,,TRUE,Unknown,Unknown,GSE580_theta_data.csv,2026-05-08,0.80,parent relationships not resolved in v0; company_name missing; used ticker fallback; country unknown
ENT002481,MORN,MORN,MORN,,TRUE,Unknown,Unknown,GSE580_theta_data.csv,2026-05-08,0.80,parent relationships not resolved in v0; company_name missing; used ticker fallback; country unknown
ENT002482,MOS,MOS,MOS,,TRUE,Unknown,Unknown,GSE580_theta_data.csv,2026-05-08,0.80,parent relationships not resolved in v0; company_name missing; used ticker fallback; country unknown
ENT002483,MOV,MOV,MOV,,TRUE,Unknown,Unknown,GSE580_theta_data.csv,2026-05-08,0.80,parent relationships not resolved in v0; company_name missing; used ticker fallback; country unknown
ENT002484,MP,MP,MP,,TRUE,Unknown,Unknown,GSE580_theta_data.csv,2026-05-08,0.80,parent relationships not resolved in v0; company_name missing; used ticker fallback; country unknown
ENT002485,MPAA,MPAA,MPAA,,TRUE,Unknown,Unknown,GSE580_theta_data.csv,2026-05-08,0.80,parent relationships not resolved in v0; company_name missing; used ticker fallback; country unknown
ENT002486,MPC,MPC,MPC,,TRUE,Unknown,Unknown,GSE580_theta_data.csv,2026-05-08,0.80,parent relationships not resolved in v0; company_name missing; used ticker fallback; country unknown
ENT002487,MPLX,MPLX,MPLX,,TRUE,Unknown,Unknown,GSE580_theta_data.csv,2026-05-08,0.80,parent relationships not resolved in v0; company_name missing; used ticker fallback; country unknown
ENT002488,MPTI,MPTI,MPTI,,TRUE,Unknown,Unknown,GSE580_theta_data.csv,2026-05-08,0.80,parent relationships not resolved in v0; company_name missing; used ticker fallback; country unknown
ENT002489,MPW,MPW,MPW,,TRUE,Unknown,Unknown,GSE580_theta_data.csv,2026-05-08,0.80,parent relationships not resolved in v0; company_name missing; used ticker fallback; country unknown
ENT002490,MPWR,MPWR,MPWR,,TRUE,Unknown,Unknown,GSE580_theta_data.csv,2026-05-08,0.80,parent relationships not resolved in v0; company_name missing; used ticker fallback; country unknown
ENT002491,MPX,MPX,MPX,,TRUE,Unknown,Unknown,GSE580_theta_data.csv,2026-05-08,0.80,parent relationships not resolved in v0; company_name missing; used ticker fallback; country unknown
ENT002492,MQ,MQ,MQ,,TRUE,United States,North America,GSE580_theta_data.csv,2026-05-08,0.80,parent relationships not resolved in v0; company_name missing; used ticker fallback
ENT002493,MRAM,MRAM,MRAM,,TRUE,Unknown,Unknown,GSE580_theta_data.csv,2026-05-08,0.80,parent relationships not resolved in v0; company_name missing; used ticker fallback; country unknown
ENT002494,MRCY,MRCY,MRCY,,TRUE,Unknown,Unknown,GSE580_theta_data.csv,2026-05-08,0.80,parent relationships not resolved in v0; company_name missing; used ticker fallback; country unknown
ENT002495,MRK,MRK,MRK,,TRUE,Unknown,Unknown,GSE580_theta_data.csv,2026-05-08,0.80,parent relationships not resolved in v0; company_name missing; used ticker fallback; country unknown
ENT002496,MRNO,MRNO,MRNO,,TRUE,Unknown,Unknown,GSE580_theta_data.csv,2026-05-08,0.80,parent relationships not resolved in v0; company_name missing; used ticker fallback; country unknown
ENT002497,MRP,MRP,MRP,,TRUE,Unknown,Unknown,GSE580_theta_data.csv,2026-05-08,0.80,parent relationships not resolved in v0; company_name missing; used ticker fallback; country unknown
ENT002498,MRT,MRT,MRT,,TRUE,Unknown,Unknown,GSE580_theta_data.csv,2026-05-08,0.80,parent relationships not resolved in v0; company_name missing; used ticker fallback; country unknown
ENT002499,MRTN,MRTN,MRTN,,TRUE,Unknown,Unknown,GSE580_theta_data.csv,2026-05-08,0.80,parent relationships not resolved in v0; company_name missing; used ticker fallback; country unknown
ENT002500,MRVI,MRVI,MRVI,,TRUE,Unknown,Unknown,GSE580_theta_data.csv,2026-05-08,0.80,parent relationships not resolved in v0; company_name missing; used ticker fallback; country unknown
ENT002501,MRVL,MRVL,MRVL,,TRUE,Unknown,Unknown,GSE580_theta_data.csv,2026-05-08,0.80,parent relationships not resolved in v0; company_name missing; used ticker fallback; country unknown
ENT002502,MRX,MRX,MRX,,TRUE,Unknown,Unknown,GSE580_theta_data.csv,2026-05-08,0.80,parent relationships not resolved in v0; company_name missing; used ticker fallback; country unknown
ENT002503,MS,MS,MS,,TRUE,Unknown,Unknown,GSE580_theta_data.csv,2026-05-08,0.80,parent relationships not resolved in v0; company_name missing; used ticker fallback; country unknown
ENT002504,MSA,MSA,MSA,,TRUE,Unknown,Unknown,GSE580_theta_data.csv,2026-05-08,0.80,parent relationships not resolved in v0; company_name missing; used ticker fallback; country unknown
ENT002505,MSB,MSB,MSB,,TRUE,Unknown,Unknown,GSE580_theta_data.csv,2026-05-08,0.80,parent relationships not resolved in v0; company_name missing; used ticker fallback; country unknown
ENT002506,MSC,MSC,MSC,,TRUE,Unknown,Unknown,GSE580_theta_data.csv,2026-05-08,0.80,parent relationships not resolved in v0; company_name missing; used ticker fallback; country unknown
ENT002507,MSCI,MSCI,MSCI,,TRUE,Unknown,Unknown,GSE580_theta_data.csv,2026-05-08,0.80,parent relationships not resolved in v0; company_name missing; used ticker fallback; country unknown
ENT002508,MSEX,MSEX,MSEX,,TRUE,Unknown,Unknown,GSE580_theta_data.csv,2026-05-08,0.80,parent relationships not resolved in v0; company_name missing; used ticker fallback; country unknown
ENT002509,MSFT,MSFT,MSFT,,TRUE,Unknown,Unknown,GSE580_theta_data.csv,2026-05-08,0.80,parent relationships not resolved in v0; company_name missing; used ticker fallback; country unknown
ENT002510,MSGE,MSGE,MSGE,,TRUE,Unknown,Unknown,GSE580_theta_data.csv,2026-05-08,0.80,parent relationships not resolved in v0; company_name missing; used ticker fallback; country unknown
ENT002511,MSGS,MSGS,MSGS,,TRUE,Unknown,Unknown,GSE580_theta_data.csv,2026-05-08,0.80,parent relationships not resolved in v0; company_name missing; used ticker fallback; country unknown
ENT002512,MSI,MSI,MSI,,TRUE,Unknown,Unknown,GSE580_theta_data.csv,2026-05-08,0.80,parent relationships not resolved in v0; company_name missing; used ticker fallback; country unknown
ENT002513,MSM,MSM,MSM,,TRUE,Unknown,Unknown,GSE580_theta_data.csv,2026-05-08,0.80,parent relationships not resolved in v0; company_name missing; used ticker fallback; country unknown
ENT002514,MSTR,MSTR,MSTR,,TRUE,Unknown,Unknown,GSE580_theta_data.csv,2026-05-08,0.80,parent relationships not resolved in v0; company_name missing; used ticker fallback; country unknown
ENT002515,MTB,MTB,MTB,,TRUE,Unknown,Unknown,GSE580_theta_data.csv,2026-05-08,0.80,parent relationships not resolved in v0; company_name missing; used ticker fallback; country unknown
ENT002516,MTCH,MTCH,MTCH,,TRUE,Unknown,Unknown,GSE580_theta_data.csv,2026-05-08,0.80,parent relationships not resolved in v0; company_name missing; used ticker fallback; country unknown
ENT002517,MTD,MTD,MTD,,TRUE,Unknown,Unknown,GSE580_theta_data.csv,2026-05-08,0.80,parent relationships not resolved in v0; company_name missing; used ticker fallback; country unknown
ENT002518,MTG,MTG,MTG,,TRUE,Unknown,Unknown,GSE580_theta_data.csv,2026-05-08,0.80,parent relationships not resolved in v0; company_name missing; used ticker fallback; country unknown
ENT002519,MTH,MTH,MTH,,TRUE,Unknown,Unknown,GSE580_theta_data.csv,2026-05-08,0.80,parent relationships not resolved in v0; company_name missing; used ticker fallback; country unknown
ENT002520,MTLS,MTLS,MTLS,,TRUE,Unknown,Unknown,GSE580_theta_data.csv,2026-05-08,0.80,parent relationships not resolved in v0; company_name missing; used ticker fallback; country unknown
ENT002521,MTN,MTN,MTN,,TRUE,Unknown,Unknown,GSE580_theta_data.csv,2026-05-08,0.80,parent relationships not resolved in v0; company_name missing; used ticker fallback; country unknown
ENT002522,MTRN,MTRN,MTRN,,TRUE,Unknown,Unknown,GSE580_theta_data.csv,2026-05-08,0.80,parent relationships not resolved in v0; company_name missing; used ticker fallback; country unknown
ENT002523,MTRX,MTRX,MTRX,,TRUE,Unknown,Unknown,GSE580_theta_data.csv,2026-05-08,0.80,parent relationships not resolved in v0; company_name missing; used ticker fallback; country unknown
ENT002524,MTSI,MTSI,MTSI,,TRUE,Unknown,Unknown,GSE580_theta_data.csv,2026-05-08,0.80,parent relationships not resolved in v0; company_name missing; used ticker fallback; country unknown
ENT002525,MTUS,MTUS,MTUS,,TRUE,Unknown,Unknown,GSE580_theta_data.csv,2026-05-08,0.80,parent relationships not resolved in v0; company_name missing; used ticker fallback; country unknown
ENT002526,MTW,MTW,MTW,,TRUE,Unknown,Unknown,GSE580_theta_data.csv,2026-05-08,0.80,parent relationships not resolved in v0; company_name missing; used ticker fallback; country unknown
ENT002527,MTX,MTX,MTX,,TRUE,Unknown,Unknown,GSE580_theta_data.csv,2026-05-08,0.80,parent relationships not resolved in v0; company_name missing; used ticker fallback; country unknown
ENT002528,MTZ,MTZ,MTZ,,TRUE,Unknown,Unknown,GSE580_theta_data.csv,2026-05-08,0.80,parent relationships not resolved in v0; company_name missing; used ticker fallback; country unknown
ENT002529,MU,MU,MU,,TRUE,Unknown,Unknown,GSE580_theta_data.csv,2026-05-08,0.80,parent relationships not resolved in v0; company_name missing; used ticker fallback; country unknown
ENT002530,MUEL,MUEL,MUEL,,TRUE,Unknown,Unknown,GSE580_theta_data.csv,2026-05-08,0.80,parent relationships not resolved in v0; company_name missing; used ticker fallback; country unknown
ENT002531,MUFG,MUFG,MUFG,,TRUE,Unknown,Unknown,GSE580_theta_data.csv,2026-05-08,0.80,parent relationships not resolved in v0; company_name missing; used ticker fallback; country unknown
ENT002532,MUSA,MUSA,MUSA,,TRUE,Unknown,Unknown,GSE580_theta_data.csv,2026-05-08,0.80,parent relationships not resolved in v0; company_name missing; used ticker fallback; country unknown
ENT002533,MUX,MUX,MUX,,TRUE,Unknown,Unknown,GSE580_theta_data.csv,2026-05-08,0.80,parent relationships not resolved in v0; company_name missing; used ticker fallback; country unknown
ENT002534,MVIS,MVIS,MVIS,,TRUE,United States,North America,GSE580_theta_data.csv,2026-05-08,0.80,parent relationships not resolved in v0; company_name missing; used ticker fallback
ENT002535,MVST,MVST,MVST,,TRUE,Unknown,Unknown,GSE580_theta_data.csv,2026-05-08,0.80,parent relationships not resolved in v0; company_name missing; used ticker fallback; country unknown
ENT002536,MWA,MWA,MWA,,TRUE,Unknown,Unknown,GSE580_theta_data.csv,2026-05-08,0.80,parent relationships not resolved in v0; company_name missing; used ticker fallback; country unknown
ENT002537,MXCT,MXCT,MXCT,,TRUE,Unknown,Unknown,GSE580_theta_data.csv,2026-05-08,0.80,parent relationships not resolved in v0; company_name missing; used ticker fallback; country unknown
ENT002538,MXL,MXL,MXL,,TRUE,Unknown,Unknown,GSE580_theta_data.csv,2026-05-08,0.80,parent relationships not resolved in v0; company_name missing; used ticker fallback; country unknown
ENT002539,MYE,MYE,MYE,,TRUE,Unknown,Unknown,GSE580_theta_data.csv,2026-05-08,0.80,parent relationships not resolved in v0; company_name missing; used ticker fallback; country unknown
ENT002540,MYRG,MYRG,MYRG,,TRUE,Unknown,Unknown,GSE580_theta_data.csv,2026-05-08,0.80,parent relationships not resolved in v0; company_name missing; used ticker fallback; country unknown
ENT002541,MZTI,MZTI,MZTI,,TRUE,United States,North America,GSE580_theta_data.csv,2026-05-08,0.80,parent relationships not resolved in v0; company_name missing; used ticker fallback
ENT002542,NABL,NABL,NABL,,TRUE,Unknown,Unknown,GSE580_theta_data.csv,2026-05-08,0.80,parent relationships not resolved in v0; company_name missing; used ticker fallback; country unknown
ENT002543,NAGE,NAGE,NAGE,,TRUE,Unknown,Unknown,GSE580_theta_data.csv,2026-05-08,0.80,parent relationships not resolved in v0; company_name missing; used ticker fallback; country unknown
ENT002544,NAKA,NAKA,NAKA,,TRUE,Unknown,Unknown,GSE580_theta_data.csv,2026-05-08,0.80,parent relationships not resolved in v0; company_name missing; used ticker fallback; country unknown
ENT002545,NASB,NASB,NASB,,TRUE,Unknown,Unknown,GSE580_theta_data.csv,2026-05-08,0.80,parent relationships not resolved in v0; company_name missing; used ticker fallback; country unknown
ENT002546,NASDAQ:ARCT,NASDAQ:ARCT,NASDAQ:ARCT,,TRUE,Unknown,Unknown,GSE580_theta_data.csv,2026-05-08,0.80,parent relationships not resolved in v0; company_name missing; used ticker fallback; country unknown
ENT002547,NASDAQ:CRSP,NASDAQ:CRSP,NASDAQ:CRSP,,TRUE,Unknown,Unknown,GSE580_theta_data.csv,2026-05-08,0.80,parent relationships not resolved in v0; company_name missing; used ticker fallback; country unknown
ENT002548,NASDAQ:MAXN,NASDAQ:MAXN,NASDAQ:MAXN,,TRUE,Unknown,Unknown,GSE580_theta_data.csv,2026-05-08,0.80,parent relationships not resolved in v0; company_name missing; used ticker fallback; country unknown
ENT002549,NASDAQGS:ASND,NASDAQGS:ASND,NASDAQGS:ASND,,TRUE,Unknown,Unknown,GSE580_theta_data.csv,2026-05-08,0.80,parent relationships not resolved in v0; company_name missing; used ticker fallback; country unknown
ENT002550,NAT,NAT,NAT,,TRUE,Unknown,Unknown,GSE580_theta_data.csv,2026-05-08,0.80,parent relationships not resolved in v0; company_name missing; used ticker fallback; country unknown
ENT002551,NATH,NATH,NATH,,TRUE,Unknown,Unknown,GSE580_theta_data.csv,2026-05-08,0.80,parent relationships not resolved in v0; company_name missing; used ticker fallback; country unknown
ENT002552,NATL,NATL,NATL,,TRUE,Unknown,Unknown,GSE580_theta_data.csv,2026-05-08,0.80,parent relationships not resolved in v0; company_name missing; used ticker fallback; country unknown
ENT002553,NATR,NATR,NATR,,TRUE,Unknown,Unknown,GSE580_theta_data.csv,2026-05-08,0.80,parent relationships not resolved in v0; company_name missing; used ticker fallback; country unknown
ENT002554,NAUT,NAUT,NAUT,,TRUE,Unknown,Unknown,GSE580_theta_data.csv,2026-05-08,0.80,parent relationships not resolved in v0; company_name missing; used ticker fallback; country unknown
ENT002555,NAVI,NAVI,NAVI,,TRUE,Unknown,Unknown,GSE580_theta_data.csv,2026-05-08,0.80,parent relationships not resolved in v0; company_name missing; used ticker fallback; country unknown
ENT002556,NAVN,NAVN,NAVN,,TRUE,Unknown,Unknown,GSE580_theta_data.csv,2026-05-08,0.80,parent relationships not resolved in v0; company_name missing; used ticker fallback; country unknown
ENT002557,NB,NB,NB,,TRUE,Unknown,Unknown,GSE580_theta_data.csv,2026-05-08,0.80,parent relationships not resolved in v0; company_name missing; used ticker fallback; country unknown
ENT002558,NBIS,NBIS,NBIS,,TRUE,Unknown,Unknown,GSE580_theta_data.csv,2026-05-08,0.80,parent relationships not resolved in v0; company_name missing; used ticker fallback; country unknown
ENT002559,NBR,NBR,NBR,,TRUE,Unknown,Unknown,GSE580_theta_data.csv,2026-05-08,0.80,parent relationships not resolved in v0; company_name missing; used ticker fallback; country unknown
ENT002560,NBTB,NBTB,NBTB,,TRUE,Unknown,Unknown,GSE580_theta_data.csv,2026-05-08,0.80,parent relationships not resolved in v0; company_name missing; used ticker fallback; country unknown
ENT002561,NC,NC,NC,,TRUE,Unknown,Unknown,GSE580_theta_data.csv,2026-05-08,0.80,parent relationships not resolved in v0; company_name missing; used ticker fallback; country unknown
ENT002562,NCLH,NCLH,NCLH,,TRUE,Unknown,Unknown,GSE580_theta_data.csv,2026-05-08,0.80,parent relationships not resolved in v0; company_name missing; used ticker fallback; country unknown
ENT002563,NCMI,NCMI,NCMI,,TRUE,Unknown,Unknown,GSE580_theta_data.csv,2026-05-08,0.80,parent relationships not resolved in v0; company_name missing; used ticker fallback; country unknown
ENT002564,NCNO,NCNO,NCNO,,TRUE,Unknown,Unknown,GSE580_theta_data.csv,2026-05-08,0.80,parent relationships not resolved in v0; company_name missing; used ticker fallback; country unknown
ENT002565,NDAQ,NDAQ,NDAQ,,TRUE,Unknown,Unknown,GSE580_theta_data.csv,2026-05-08,0.80,parent relationships not resolved in v0; company_name missing; used ticker fallback; country unknown
ENT002566,NDBI,NDBI,NDBI,,TRUE,Unknown,Unknown,GSE580_theta_data.csv,2026-05-08,0.80,parent relationships not resolved in v0; company_name missing; used ticker fallback; country unknown
ENT002567,NDSN,NDSN,NDSN,,TRUE,Unknown,Unknown,GSE580_theta_data.csv,2026-05-08,0.80,parent relationships not resolved in v0; company_name missing; used ticker fallback; country unknown
ENT002568,NE,NE,NE,,TRUE,Unknown,Unknown,GSE580_theta_data.csv,2026-05-08,0.80,parent relationships not resolved in v0; company_name missing; used ticker fallback; country unknown
ENT002569,NEE,NEE,NEE,,TRUE,United States,North America,GSE580_theta_data.csv,2026-05-08,0.80,parent relationships not resolved in v0; company_name missing; used ticker fallback
ENT002570,NEGG,NEGG,NEGG,,TRUE,United States,North America,GSE580_theta_data.csv,2026-05-08,0.80,parent relationships not resolved in v0; company_name missing; used ticker fallback
ENT002571,NEM,NEM,NEM,,TRUE,Unknown,Unknown,GSE580_theta_data.csv,2026-05-08,0.80,parent relationships not resolved in v0; company_name missing; used ticker fallback; country unknown
ENT002572,NEN,NEN,NEN,,TRUE,Unknown,Unknown,GSE580_theta_data.csv,2026-05-08,0.80,parent relationships not resolved in v0; company_name missing; used ticker fallback; country unknown
ENT002573,NEO,NEO,NEO,,TRUE,Unknown,Unknown,GSE580_theta_data.csv,2026-05-08,0.80,parent relationships not resolved in v0; company_name missing; used ticker fallback; country unknown
ENT002574,NEOG,NEOG,NEOG,,TRUE,Unknown,Unknown,GSE580_theta_data.csv,2026-05-08,0.80,parent relationships not resolved in v0; company_name missing; used ticker fallback; country unknown
ENT002575,NEOV,NEOV,NEOV,,TRUE,Unknown,Unknown,GSE580_theta_data.csv,2026-05-08,0.80,parent relationships not resolved in v0; company_name missing; used ticker fallback; country unknown
ENT002576,NESR,NESR,NESR,,TRUE,Unknown,Unknown,GSE580_theta_data.csv,2026-05-08,0.80,parent relationships not resolved in v0; company_name missing; used ticker fallback; country unknown
ENT002577,NET,NET,NET,,TRUE,Unknown,Unknown,GSE580_theta_data.csv,2026-05-08,0.80,parent relationships not resolved in v0; company_name missing; used ticker fallback; country unknown
ENT002578,NEU,NEU,NEU,,TRUE,Unknown,Unknown,GSE580_theta_data.csv,2026-05-08,0.80,parent relationships not resolved in v0; company_name missing; used ticker fallback; country unknown
ENT002579,NEWT,NEWT,NEWT,,TRUE,Unknown,Unknown,GSE580_theta_data.csv,2026-05-08,0.80,parent relationships not resolved in v0; company_name missing; used ticker fallback; country unknown
ENT002580,NEXA,NEXA,NEXA,,TRUE,Unknown,Unknown,GSE580_theta_data.csv,2026-05-08,0.80,parent relationships not resolved in v0; company_name missing; used ticker fallback; country unknown
ENT002581,NEXN,NEXN,NEXN,,TRUE,Unknown,Unknown,GSE580_theta_data.csv,2026-05-08,0.80,parent relationships not resolved in v0; company_name missing; used ticker fallback; country unknown
ENT002582,NEXT,NEXT,NEXT,,TRUE,Unknown,Unknown,GSE580_theta_data.csv,2026-05-08,0.80,parent relationships not resolved in v0; company_name missing; used ticker fallback; country unknown
ENT002583,NFE,NFE,NFE,,TRUE,Unknown,Unknown,GSE580_theta_data.csv,2026-05-08,0.80,parent relationships not resolved in v0; company_name missing; used ticker fallback; country unknown
ENT002584,NFG,NFG,NFG,,TRUE,Unknown,Unknown,GSE580_theta_data.csv,2026-05-08,0.80,parent relationships not resolved in v0; company_name missing; used ticker fallback; country unknown
ENT002585,NFLX,NFLX,NFLX,,TRUE,Unknown,Unknown,GSE580_theta_data.csv,2026-05-08,0.80,parent relationships not resolved in v0; company_name missing; used ticker fallback; country unknown
ENT002586,NGL,NGL,NGL,,TRUE,Unknown,Unknown,GSE580_theta_data.csv,2026-05-08,0.80,parent relationships not resolved in v0; company_name missing; used ticker fallback; country unknown
ENT002587,NGS,NGS,NGS,,TRUE,Unknown,Unknown,GSE580_theta_data.csv,2026-05-08,0.80,parent relationships not resolved in v0; company_name missing; used ticker fallback; country unknown
ENT002588,NGVC,NGVC,NGVC,,TRUE,Unknown,Unknown,GSE580_theta_data.csv,2026-05-08,0.80,parent relationships not resolved in v0; company_name missing; used ticker fallback; country unknown
ENT002589,NGVT,NGVT,NGVT,,TRUE,Unknown,Unknown,GSE580_theta_data.csv,2026-05-08,0.80,parent relationships not resolved in v0; company_name missing; used ticker fallback; country unknown
ENT002590,NHC,NHC,NHC,,TRUE,Unknown,Unknown,GSE580_theta_data.csv,2026-05-08,0.80,parent relationships not resolved in v0; company_name missing; used ticker fallback; country unknown
ENT002591,NHI,NHI,NHI,,TRUE,United States,North America,GSE580_theta_data.csv,2026-05-08,0.80,parent relationships not resolved in v0; company_name missing; used ticker fallback
ENT002592,NHIC,NHIC,NHIC,,TRUE,Unknown,Unknown,GSE580_theta_data.csv,2026-05-08,0.80,parent relationships not resolved in v0; company_name missing; used ticker fallback; country unknown
ENT002593,NI,NI,NI,,TRUE,Unknown,Unknown,GSE580_theta_data.csv,2026-05-08,0.80,parent relationships not resolved in v0; company_name missing; used ticker fallback; country unknown
ENT002594,NICE,NICE,NICE,,TRUE,Unknown,Unknown,GSE580_theta_data.csv,2026-05-08,0.80,parent relationships not resolved in v0; company_name missing; used ticker fallback; country unknown
ENT002595,NIO,NIO,NIO,,TRUE,Unknown,Unknown,GSE580_theta_data.csv,2026-05-08,0.80,parent relationships not resolved in v0; company_name missing; used ticker fallback; country unknown
ENT002596,NIPG,NIPG,NIPG,,TRUE,Unknown,Unknown,GSE580_theta_data.csv,2026-05-08,0.80,parent relationships not resolved in v0; company_name missing; used ticker fallback; country unknown
ENT002597,NIQ,NIQ,NIQ,,TRUE,Unknown,Unknown,GSE580_theta_data.csv,2026-05-08,0.80,parent relationships not resolved in v0; company_name missing; used ticker fallback; country unknown
ENT002598,NIU,NIU,NIU,,TRUE,Unknown,Unknown,GSE580_theta_data.csv,2026-05-08,0.80,parent relationships not resolved in v0; company_name missing; used ticker fallback; country unknown
ENT002599,NJR,NJR,NJR,,TRUE,United States,North America,GSE580_theta_data.csv,2026-05-08,0.80,parent relationships not resolved in v0; company_name missing; used ticker fallback
ENT002600,NKE,NKE,NKE,,TRUE,Unknown,Unknown,GSE580_theta_data.csv,2026-05-08,0.80,parent relationships not resolved in v0; company_name missing; used ticker fallback; country unknown
ENT002601,NKLR,NKLR,NKLR,,TRUE,Unknown,Unknown,GSE580_theta_data.csv,2026-05-08,0.80,parent relationships not resolved in v0; company_name missing; used ticker fallback; country unknown
ENT002602,NKTR,NKTR,NKTR,,TRUE,United States,North America,GSE580_theta_data.csv,2026-05-08,0.80,parent relationships not resolved in v0; company_name missing; used ticker fallback
ENT002603,NL,NL,NL,,TRUE,Unknown,Unknown,GSE580_theta_data.csv,2026-05-08,0.80,parent relationships not resolved in v0; company_name missing; used ticker fallback; country unknown
ENT002604,NLCP,NLCP,NLCP,,TRUE,Unknown,Unknown,GSE580_theta_data.csv,2026-05-08,0.80,parent relationships not resolved in v0; company_name missing; used ticker fallback; country unknown
ENT002605,NLOP,NLOP,NLOP,,TRUE,Unknown,Unknown,GSE580_theta_data.csv,2026-05-08,0.80,parent relationships not resolved in v0; company_name missing; used ticker fallback; country unknown
ENT002606,NLST,NLST,NLST,,TRUE,Unknown,Unknown,GSE580_theta_data.csv,2026-05-08,0.80,parent relationships not resolved in v0; company_name missing; used ticker fallback; country unknown
ENT002607,NLY,NLY,NLY,,TRUE,United States,North America,GSE580_theta_data.csv,2026-05-08,0.80,parent relationships not resolved in v0; company_name missing; used ticker fallback
ENT002608,NMAX,NMAX,NMAX,,TRUE,Unknown,Unknown,GSE580_theta_data.csv,2026-05-08,0.80,parent relationships not resolved in v0; company_name missing; used ticker fallback; country unknown
ENT002609,NMIH,NMIH,NMIH,,TRUE,Unknown,Unknown,GSE580_theta_data.csv,2026-05-08,0.80,parent relationships not resolved in v0; company_name missing; used ticker fallback; country unknown
ENT002610,NMM,NMM,NMM,,TRUE,Unknown,Unknown,GSE580_theta_data.csv,2026-05-08,0.80,parent relationships not resolved in v0; company_name missing; used ticker fallback; country unknown
ENT002611,NMR,NMR,NMR,,TRUE,Unknown,Unknown,GSE580_theta_data.csv,2026-05-08,0.80,parent relationships not resolved in v0; company_name missing; used ticker fallback; country unknown
ENT002612,NMRA,NMRA,NMRA,,TRUE,Unknown,Unknown,GSE580_theta_data.csv,2026-05-08,0.80,parent relationships not resolved in v0; company_name missing; used ticker fallback; country unknown
ENT002613,NMRK,NMRK,NMRK,,TRUE,United States,North America,GSE580_theta_data.csv,2026-05-08,0.80,parent relationships not resolved in v0; company_name missing; used ticker fallback
ENT002614,NN,NN,NN,,TRUE,United States,North America,GSE580_theta_data.csv,2026-05-08,0.80,parent relationships not resolved in v0; company_name missing; used ticker fallback
ENT002615,NNDM,NNDM,NNDM,,TRUE,Unknown,Unknown,GSE580_theta_data.csv,2026-05-08,0.80,parent relationships not resolved in v0; company_name missing; used ticker fallback; country unknown
ENT002616,NNE,NNE,NNE,,TRUE,Unknown,Unknown,GSE580_theta_data.csv,2026-05-08,0.80,parent relationships not resolved in v0; company_name missing; used ticker fallback; country unknown
ENT002617,NNI,NNI,NNI,,TRUE,Unknown,Unknown,GSE580_theta_data.csv,2026-05-08,0.80,parent relationships not resolved in v0; company_name missing; used ticker fallback; country unknown
ENT002618,NNN,NNN,NNN,,TRUE,Unknown,Unknown,GSE580_theta_data.csv,2026-05-08,0.80,parent relationships not resolved in v0; company_name missing; used ticker fallback; country unknown
ENT002619,NNOX,NNOX,NNOX,,TRUE,Unknown,Unknown,GSE580_theta_data.csv,2026-05-08,0.80,parent relationships not resolved in v0; company_name missing; used ticker fallback; country unknown
ENT002620,NOA,NOA,NOA,,TRUE,Unknown,Unknown,GSE580_theta_data.csv,2026-05-08,0.80,parent relationships not resolved in v0; company_name missing; used ticker fallback; country unknown
ENT002621,NOAH,NOAH,NOAH,,TRUE,Unknown,Unknown,GSE580_theta_data.csv,2026-05-08,0.80,parent relationships not resolved in v0; company_name missing; used ticker fallback; country unknown
ENT002622,NOC,NOC,NOC,,TRUE,Unknown,Unknown,GSE580_theta_data.csv,2026-05-08,0.80,parent relationships not resolved in v0; company_name missing; used ticker fallback; country unknown
ENT002623,NODK,NODK,NODK,,TRUE,Unknown,Unknown,GSE580_theta_data.csv,2026-05-08,0.80,parent relationships not resolved in v0; company_name missing; used ticker fallback; country unknown
ENT002624,NOK,NOK,NOK,,TRUE,Unknown,Unknown,GSE580_theta_data.csv,2026-05-08,0.80,parent relationships not resolved in v0; company_name missing; used ticker fallback; country unknown
ENT002625,NOMA,NOMA,NOMA,,TRUE,Unknown,Unknown,GSE580_theta_data.csv,2026-05-08,0.80,parent relationships not resolved in v0; company_name missing; used ticker fallback; country unknown
ENT002626,NOMD,NOMD,NOMD,,TRUE,Unknown,Unknown,GSE580_theta_data.csv,2026-05-08,0.80,parent relationships not resolved in v0; company_name missing; used ticker fallback; country unknown
ENT002627,NOV,NOV,NOV,,TRUE,Unknown,Unknown,GSE580_theta_data.csv,2026-05-08,0.80,parent relationships not resolved in v0; company_name missing; used ticker fallback; country unknown
ENT002628,NOVT,NOVT,NOVT,,TRUE,Unknown,Unknown,GSE580_theta_data.csv,2026-05-08,0.80,parent relationships not resolved in v0; company_name missing; used ticker fallback; country unknown
ENT002629,NOW,NOW,NOW,,TRUE,Unknown,Unknown,GSE580_theta_data.csv,2026-05-08,0.80,parent relationships not resolved in v0; company_name missing; used ticker fallback; country unknown
ENT002630,NP,NP,NP,,TRUE,United States,North America,GSE580_theta_data.csv,2026-05-08,0.80,parent relationships not resolved in v0; company_name missing; used ticker fallback
ENT002631,NPCE,NPCE,NPCE,,TRUE,Unknown,Unknown,GSE580_theta_data.csv,2026-05-08,0.80,parent relationships not resolved in v0; company_name missing; used ticker fallback; country unknown
ENT002632,NPK,NPK,NPK,,TRUE,United States,North America,GSE580_theta_data.csv,2026-05-08,0.80,parent relationships not resolved in v0; company_name missing; used ticker fallback
ENT002633,NPKI,NPKI,NPKI,,TRUE,United States,North America,GSE580_theta_data.csv,2026-05-08,0.80,parent relationships not resolved in v0; company_name missing; used ticker fallback
ENT002634,NPO,NPO,NPO,,TRUE,Unknown,Unknown,GSE580_theta_data.csv,2026-05-08,0.80,parent relationships not resolved in v0; company_name missing; used ticker fallback; country unknown
ENT002635,NPWR,NPWR,NPWR,,TRUE,Unknown,Unknown,GSE580_theta_data.csv,2026-05-08,0.80,parent relationships not resolved in v0; company_name missing; used ticker fallback; country unknown
ENT002636,NRC,NRC,NRC,,TRUE,Unknown,Unknown,GSE580_theta_data.csv,2026-05-08,0.80,parent relationships not resolved in v0; company_name missing; used ticker fallback; country unknown
ENT002637,NRDS,NRDS,NRDS,,TRUE,Unknown,Unknown,GSE580_theta_data.csv,2026-05-08,0.80,parent relationships not resolved in v0; company_name missing; used ticker fallback; country unknown
ENT002638,NRDY,NRDY,NRDY,,TRUE,Unknown,Unknown,GSE580_theta_data.csv,2026-05-08,0.80,parent relationships not resolved in v0; company_name missing; used ticker fallback; country unknown
ENT002639,NREF,NREF,NREF,,TRUE,Unknown,Unknown,GSE580_theta_data.csv,2026-05-08,0.80,parent relationships not resolved in v0; company_name missing; used ticker fallback; country unknown
ENT002640,NRG,NRG,NRG,,TRUE,Unknown,Unknown,GSE580_theta_data.csv,2026-05-08,0.80,parent relationships not resolved in v0; company_name missing; used ticker fallback; country unknown
ENT002641,NRGV,NRGV,NRGV,,TRUE,Unknown,Unknown,GSE580_theta_data.csv,2026-05-08,0.80,parent relationships not resolved in v0; company_name missing; used ticker fallback; country unknown
ENT002642,NRP,NRP,NRP,,TRUE,Unknown,Unknown,GSE580_theta_data.csv,2026-05-08,0.80,parent relationships not resolved in v0; company_name missing; used ticker fallback; country unknown
ENT002643,NSA,NSA,NSA,,TRUE,Unknown,Unknown,GSE580_theta_data.csv,2026-05-08,0.80,parent relationships not resolved in v0; company_name missing; used ticker fallback; country unknown
ENT002644,NSC,NSC,NSC,,TRUE,Unknown,Unknown,GSE580_theta_data.csv,2026-05-08,0.80,parent relationships not resolved in v0; company_name missing; used ticker fallback; country unknown
ENT002645,NSEI:ADANIENT,NSEI:ADANIENT,NSEI:ADANIENT,,TRUE,Unknown,Unknown,GSE580_theta_data.csv,2026-05-08,0.80,parent relationships not resolved in v0; company_name missing; used ticker fallback; country unknown
ENT002646,NSEI:ADANIGREEN,NSEI:ADANIGREEN,NSEI:ADANIGREEN,,TRUE,Unknown,Unknown,GSE580_theta_data.csv,2026-05-08,0.80,parent relationships not resolved in v0; company_name missing; used ticker fallback; country unknown
ENT002647,NSEI:AMBUJACEM,NSEI:AMBUJACEM,NSEI:AMBUJACEM,,TRUE,Unknown,Unknown,GSE580_theta_data.csv,2026-05-08,0.80,parent relationships not resolved in v0; company_name missing; used ticker fallback; country unknown
ENT002648,NSEI:AUROPHARMA,NSEI:AUROPHARMA,NSEI:AUROPHARMA,,TRUE,Unknown,Unknown,GSE580_theta_data.csv,2026-05-08,0.80,parent relationships not resolved in v0; company_name missing; used ticker fallback; country unknown
ENT002649,NSEI:BAJAJ-AUTO,NSEI:BAJAJ-AUTO,NSEI:BAJAJ-AUTO,,TRUE,Unknown,Unknown,GSE580_theta_data.csv,2026-05-08,0.80,parent relationships not resolved in v0; company_name missing; used ticker fallback; country unknown
ENT002650,NSEI:BAJFINANCE,NSEI:BAJFINANCE,NSEI:BAJFINANCE,,TRUE,Unknown,Unknown,GSE580_theta_data.csv,2026-05-08,0.80,parent relationships not resolved in v0; company_name missing; used ticker fallback; country unknown
ENT002651,NSEI:BALKRISIND,NSEI:BALKRISIND,NSEI:BALKRISIND,,TRUE,Unknown,Unknown,GSE580_theta_data.csv,2026-05-08,0.80,parent relationships not resolved in v0; company_name missing; used ticker fallback; country unknown
ENT002652,NSEI:BHARTIARTL,NSEI:BHARTIARTL,NSEI:BHARTIARTL,,TRUE,Unknown,Unknown,GSE580_theta_data.csv,2026-05-08,0.80,parent relationships not resolved in v0; company_name missing; used ticker fallback; country unknown
ENT002653,NSEI:BPCL,NSEI:BPCL,NSEI:BPCL,,TRUE,Unknown,Unknown,GSE580_theta_data.csv,2026-05-08,0.80,parent relationships not resolved in v0; company_name missing; used ticker fallback; country unknown
ENT002654,NSEI:BRITANNIA,NSEI:BRITANNIA,NSEI:BRITANNIA,,TRUE,Unknown,Unknown,GSE580_theta_data.csv,2026-05-08,0.80,parent relationships not resolved in v0; company_name missing; used ticker fallback; country unknown
ENT002655,NSEI:CIPLA,NSEI:CIPLA,NSEI:CIPLA,,TRUE,Unknown,Unknown,GSE580_theta_data.csv,2026-05-08,0.80,parent relationships not resolved in v0; company_name missing; used ticker fallback; country unknown
ENT002656,NSEI:COALINDIA,NSEI:COALINDIA,NSEI:COALINDIA,,TRUE,Unknown,Unknown,GSE580_theta_data.csv,2026-05-08,0.80,parent relationships not resolved in v0; company_name missing; used ticker fallback; country unknown
ENT002657,NSEI:COLPAL,NSEI:COLPAL,NSEI:COLPAL,,TRUE,Unknown,Unknown,GSE580_theta_data.csv,2026-05-08,0.80,parent relationships not resolved in v0; company_name missing; used ticker fallback; country unknown
ENT002658,NSEI:CRISIL,NSEI:CRISIL,NSEI:CRISIL,,TRUE,Unknown,Unknown,GSE580_theta_data.csv,2026-05-08,0.80,parent relationships not resolved in v0; company_name missing; used ticker fallback; country unknown
ENT002659,NSEI:DABUR,NSEI:DABUR,NSEI:DABUR,,TRUE,Unknown,Unknown,GSE580_theta_data.csv,2026-05-08,0.80,parent relationships not resolved in v0; company_name missing; used ticker fallback; country unknown
ENT002660,NSEI:DIVISLAB,NSEI:DIVISLAB,NSEI:DIVISLAB,,TRUE,Unknown,Unknown,GSE580_theta_data.csv,2026-05-08,0.80,parent relationships not resolved in v0; company_name missing; used ticker fallback; country unknown
ENT002661,NSEI:DMART,NSEI:DMART,NSEI:DMART,,TRUE,Unknown,Unknown,GSE580_theta_data.csv,2026-05-08,0.80,parent relationships not resolved in v0; company_name missing; used ticker fallback; country unknown
ENT002662,NSEI:DRREDDY,NSEI:DRREDDY,NSEI:DRREDDY,,TRUE,Unknown,Unknown,GSE580_theta_data.csv,2026-05-08,0.80,parent relationships not resolved in v0; company_name missing; used ticker fallback; country unknown
ENT002663,NSEI:EICHERMOT,NSEI:EICHERMOT,NSEI:EICHERMOT,,TRUE,Unknown,Unknown,GSE580_theta_data.csv,2026-05-08,0.80,parent relationships not resolved in v0; company_name missing; used ticker fallback; country unknown
ENT002664,NSEI:EMAMILTD,NSEI:EMAMILTD,NSEI:EMAMI,,TRUE,Unknown,Unknown,GSE580_theta_data.csv,2026-05-08,0.80,parent relationships not resolved in v0; company_name missing; used ticker fallback; country unknown
ENT002665,NSEI:GODREJCP,NSEI:GODREJCP,NSEI:GODREJCP,,TRUE,Unknown,Unknown,GSE580_theta_data.csv,2026-05-08,0.80,parent relationships not resolved in v0; company_name missing; used ticker fallback; country unknown
ENT002666,NSEI:GRASIM,NSEI:GRASIM,NSEI:GRASIM,,TRUE,Unknown,Unknown,GSE580_theta_data.csv,2026-05-08,0.80,parent relationships not resolved in v0; company_name missing; used ticker fallback; country unknown
ENT002667,NSEI:HAVELLS,NSEI:HAVELLS,NSEI:HAVELLS,,TRUE,Unknown,Unknown,GSE580_theta_data.csv,2026-05-08,0.80,parent relationships not resolved in v0; company_name missing; used ticker fallback; country unknown
ENT002668,NSEI:HCLTECH,NSEI:HCLTECH,NSEI:HCLTECH,,TRUE,Unknown,Unknown,GSE580_theta_data.csv,2026-05-08,0.80,parent relationships not resolved in v0; company_name missing; used ticker fallback; country unknown
ENT002669,NSEI:HEROMOTOCO,NSEI:HEROMOTOCO,NSEI:HEROMOTO,,TRUE,Unknown,Unknown,GSE580_theta_data.csv,2026-05-08,0.80,parent relationships not resolved in v0; company_name missing; used ticker fallback; country unknown
ENT002670,NSEI:HINDALCO,NSEI:HINDALCO,NSEI:HINDAL,,TRUE,Unknown,Unknown,GSE580_theta_data.csv,2026-05-08,0.80,parent relationships not resolved in v0; company_name missing; used ticker fallback; country unknown
ENT002671,NSEI:HINDUNILVR,NSEI:HINDUNILVR,NSEI:HINDUNILVR,,TRUE,Unknown,Unknown,GSE580_theta_data.csv,2026-05-08,0.80,parent relationships not resolved in v0; company_name missing; used ticker fallback; country unknown
ENT002672,NSEI:HINDZINC,NSEI:HINDZINC,NSEI:HINDZ,,TRUE,Unknown,Unknown,GSE580_theta_data.csv,2026-05-08,0.80,parent relationships not resolved in v0; company_name missing; used ticker fallback; country unknown
ENT002673,NSEI:HSCL,NSEI:HSCL,NSEI:HSCL,,TRUE,Unknown,Unknown,GSE580_theta_data.csv,2026-05-08,0.80,parent relationships not resolved in v0; company_name missing; used ticker fallback; country unknown
ENT002674,NSEI:INDUSTOWER,NSEI:INDUSTOWER,NSEI:INDUSTOWER,,TRUE,Unknown,Unknown,GSE580_theta_data.csv,2026-05-08,0.80,parent relationships not resolved in v0; company_name missing; used ticker fallback; country unknown
ENT002675,NSEI:INOXINDIA,NSEI:INOXINDIA,NSEI:INOXINDIA,,TRUE,Unknown,Unknown,GSE580_theta_data.csv,2026-05-08,0.80,parent relationships not resolved in v0; company_name missing; used ticker fallback; country unknown
ENT002676,NSEI:IOC,NSEI:IOC,NSEI:IOC,,TRUE,Unknown,Unknown,GSE580_theta_data.csv,2026-05-08,0.80,parent relationships not resolved in v0; company_name missing; used ticker fallback; country unknown
ENT002677,NSEI:ITC,NSEI:ITC,NSEI:ITC,,TRUE,Unknown,Unknown,GSE580_theta_data.csv,2026-05-08,0.80,parent relationships not resolved in v0; company_name missing; used ticker fallback; country unknown
ENT002678,NSEI:JISLJALEQS,NSEI:JISLJALEQS,NSEI:JISLJALEQS,,TRUE,Unknown,Unknown,GSE580_theta_data.csv,2026-05-08,0.80,parent relationships not resolved in v0; company_name missing; used ticker fallback; country unknown
ENT002679,NSEI:JSWSTEEL,NSEI:JSWSTEEL,NSEI:JSWSTEEL,,TRUE,Unknown,Unknown,GSE580_theta_data.csv,2026-05-08,0.80,parent relationships not resolved in v0; company_name missing; used ticker fallback; country unknown
ENT002680,NSEI:JUBLFOOD,NSEI:JUBLFOOD,NSEI:JUBLFOOD,,TRUE,Unknown,Unknown,GSE580_theta_data.csv,2026-05-08,0.80,parent relationships not resolved in v0; company_name missing; used ticker fallback; country unknown
ENT002681,NSEI:JUBLINGREA,NSEI:JUBLINGREA,NSEI:JUBLINGREA,,TRUE,Unknown,Unknown,GSE580_theta_data.csv,2026-05-08,0.80,parent relationships not resolved in v0; company_name missing; used ticker fallback; country unknown
ENT002682,NSEI:KOTAKBANK,NSEI:KOTAKBANK,NSEI:KOTAKBANK,,TRUE,Unknown,Unknown,GSE580_theta_data.csv,2026-05-08,0.80,parent relationships not resolved in v0; company_name missing; used ticker fallback; country unknown
ENT002683,NSEI:LALPATHLAB,NSEI:LALPATHLAB,NSEI:LALPATHLAB,,TRUE,Unknown,Unknown,GSE580_theta_data.csv,2026-05-08,0.80,parent relationships not resolved in v0; company_name missing; used ticker fallback; country unknown
ENT002684,NSEI:LT,NSEI:LT,NSEI:LT,,TRUE,Unknown,Unknown,GSE580_theta_data.csv,2026-05-08,0.80,parent relationships not resolved in v0; company_name missing; used ticker fallback; country unknown
ENT002685,NSEI:LUPIN,NSEI:LUPIN,NSEI:LUPIN,,TRUE,Unknown,Unknown,GSE580_theta_data.csv,2026-05-08,0.80,parent relationships not resolved in v0; company_name missing; used ticker fallback; country unknown
ENT002686,NSEI:M&M,NSEI:M&M,NSEI:M&M,,TRUE,Unknown,Unknown,GSE580_theta_data.csv,2026-05-08,0.80,parent relationships not resolved in v0; company_name missing; used ticker fallback; country unknown
ENT002687,NSEI:MARICO,NSEI:MARICO,NSEI:MARI,,TRUE,Unknown,Unknown,GSE580_theta_data.csv,2026-05-08,0.80,parent relationships not resolved in v0; company_name missing; used ticker fallback; country unknown
ENT002688,NSEI:MARUTI,NSEI:MARUTI,NSEI:MARUTI,,TRUE,Unknown,Unknown,GSE580_theta_data.csv,2026-05-08,0.80,parent relationships not resolved in v0; company_name missing; used ticker fallback; country unknown
ENT002689,NSEI:NESTLEIND,NSEI:NESTLEIND,NSEI:NESTLEIND,,TRUE,Unknown,Unknown,GSE580_theta_data.csv,2026-05-08,0.80,parent relationships not resolved in v0; company_name missing; used ticker fallback; country unknown
ENT002690,NSEI:NTPC,NSEI:NTPC,NSEI:NTPC,,TRUE,Unknown,Unknown,GSE580_theta_data.csv,2026-05-08,0.80,parent relationships not resolved in v0; company_name missing; used ticker fallback; country unknown
ENT002691,NSEI:ONGC,NSEI:ONGC,NSEI:ONGC,,TRUE,Unknown,Unknown,GSE580_theta_data.csv,2026-05-08,0.80,parent relationships not resolved in v0; company_name missing; used ticker fallback; country unknown
ENT002692,NSEI:PAGEIND,NSEI:PAGEIND,NSEI:PAGEIND,,TRUE,Unknown,Unknown,GSE580_theta_data.csv,2026-05-08,0.80,parent relationships not resolved in v0; company_name missing; used ticker fallback; country unknown
ENT002693,NSEI:PCBL,NSEI:PCBL,NSEI:PCBL,,TRUE,Unknown,Unknown,GSE580_theta_data.csv,2026-05-08,0.80,parent relationships not resolved in v0; company_name missing; used ticker fallback; country unknown
ENT002694,NSEI:PIDILITIND,NSEI:PIDILITIND,NSEI:PIDILITIND,,TRUE,Unknown,Unknown,GSE580_theta_data.csv,2026-05-08,0.80,parent relationships not resolved in v0; company_name missing; used ticker fallback; country unknown
ENT002695,NSEI:PIIND,NSEI:PIIND,NSEI:PIIND,,TRUE,Unknown,Unknown,GSE580_theta_data.csv,2026-05-08,0.80,parent relationships not resolved in v0; company_name missing; used ticker fallback; country unknown
ENT002696,NSEI:RAIN,NSEI:RAIN,NSEI:RAIN,,TRUE,Unknown,Unknown,GSE580_theta_data.csv,2026-05-08,0.80,parent relationships not resolved in v0; company_name missing; used ticker fallback; country unknown
ENT002697,NSEI:RALLIS,NSEI:RALLIS,NSEI:RALLIS,,TRUE,Unknown,Unknown,GSE580_theta_data.csv,2026-05-08,0.80,parent relationships not resolved in v0; company_name missing; used ticker fallback; country unknown
ENT002698,NSEI:RELIANCE,NSEI:RELIANCE,NSEI:RELIANCE,,TRUE,Unknown,Unknown,GSE580_theta_data.csv,2026-05-08,0.80,parent relationships not resolved in v0; company_name missing; used ticker fallback; country unknown
ENT002699,NSEI:SBIN,NSEI:SBIN,NSEI:SBIN,,TRUE,Unknown,Unknown,GSE580_theta_data.csv,2026-05-08,0.80,parent relationships not resolved in v0; company_name missing; used ticker fallback; country unknown
ENT002700,NSEI:SHREECEM,NSEI:SHREECEM,NSEI:SHREECEM,,TRUE,Unknown,Unknown,GSE580_theta_data.csv,2026-05-08,0.80,parent relationships not resolved in v0; company_name missing; used ticker fallback; country unknown
ENT002701,NSEI:SUNPHARMA,NSEI:SUNPHARMA,NSEI:SUNPHARMA,,TRUE,Unknown,Unknown,GSE580_theta_data.csv,2026-05-08,0.80,parent relationships not resolved in v0; company_name missing; used ticker fallback; country unknown
ENT002702,NSEI:TATASTEEL,NSEI:TATASTEEL,NSEI:TATASTEEL,,TRUE,Unknown,Unknown,GSE580_theta_data.csv,2026-05-08,0.80,parent relationships not resolved in v0; company_name missing; used ticker fallback; country unknown
ENT002703,NSEI:TCS,NSEI:TCS,NSEI:TCS,,TRUE,Unknown,Unknown,GSE580_theta_data.csv,2026-05-08,0.80,parent relationships not resolved in v0; company_name missing; used ticker fallback; country unknown
ENT002704,NSEI:TECHM,NSEI:TECHM,NSEI:TECHM,,TRUE,Unknown,Unknown,GSE580_theta_data.csv,2026-05-08,0.80,parent relationships not resolved in v0; company_name missing; used ticker fallback; country unknown
ENT002705,NSEI:TIMETECHNO,NSEI:TIMETECHNO,NSEI:TIMETECHNO,,TRUE,Unknown,Unknown,GSE580_theta_data.csv,2026-05-08,0.80,parent relationships not resolved in v0; company_name missing; used ticker fallback; country unknown
ENT002706,NSEI:TITAGARH,NSEI:TITAGARH,NSEI:TITAGARH,,TRUE,Unknown,Unknown,GSE580_theta_data.csv,2026-05-08,0.80,parent relationships not resolved in v0; company_name missing; used ticker fallback; country unknown
ENT002707,NSEI:TITAN,NSEI:TITAN,NSEI:TITAN,,TRUE,Unknown,Unknown,GSE580_theta_data.csv,2026-05-08,0.80,parent relationships not resolved in v0; company_name missing; used ticker fallback; country unknown
ENT002708,NSEI:TRENT,NSEI:TRENT,NSEI:TRENT,,TRUE,Unknown,Unknown,GSE580_theta_data.csv,2026-05-08,0.80,parent relationships not resolved in v0; company_name missing; used ticker fallback; country unknown
ENT002709,NSEI:UFLEX,NSEI:UFLEX,NSEI:UFLEX,,TRUE,Unknown,Unknown,GSE580_theta_data.csv,2026-05-08,0.80,parent relationships not resolved in v0; company_name missing; used ticker fallback; country unknown
ENT002710,NSEI:ULTRACEMCO,NSEI:ULTRACEMCO,NSEI:ULTRACEM,,TRUE,Unknown,Unknown,GSE580_theta_data.csv,2026-05-08,0.80,parent relationships not resolved in v0; company_name missing; used ticker fallback; country unknown
ENT002711,NSEI:UNITDSPR,NSEI:UNITDSPR,NSEI:UNITDSPR,,TRUE,Unknown,Unknown,GSE580_theta_data.csv,2026-05-08,0.80,parent relationships not resolved in v0; company_name missing; used ticker fallback; country unknown
ENT002712,NSEI:UPL,NSEI:UPL,NSEI:UPL,,TRUE,Unknown,Unknown,GSE580_theta_data.csv,2026-05-08,0.80,parent relationships not resolved in v0; company_name missing; used ticker fallback; country unknown
ENT002713,NSEI:VBL,NSEI:VBL,NSEI:VBL,,TRUE,Unknown,Unknown,GSE580_theta_data.csv,2026-05-08,0.80,parent relationships not resolved in v0; company_name missing; used ticker fallback; country unknown
ENT002714,NSEI:VEDL,NSEI:VEDL,NSEI:VEDL,,TRUE,Unknown,Unknown,GSE580_theta_data.csv,2026-05-08,0.80,parent relationships not resolved in v0; company_name missing; used ticker fallback; country unknown
ENT002715,NSIT,NSIT,NSIT,,TRUE,Unknown,Unknown,GSE580_theta_data.csv,2026-05-08,0.80,parent relationships not resolved in v0; company_name missing; used ticker fallback; country unknown
ENT002716,NSP,NSP,NSP,,TRUE,Unknown,Unknown,GSE580_theta_data.csv,2026-05-08,0.80,parent relationships not resolved in v0; company_name missing; used ticker fallback; country unknown
ENT002717,NSSC,NSSC,NSSC,,TRUE,Unknown,Unknown,GSE580_theta_data.csv,2026-05-08,0.80,parent relationships not resolved in v0; company_name missing; used ticker fallback; country unknown
ENT002718,NTAP,NTAP,NTAP,,TRUE,Unknown,Unknown,GSE580_theta_data.csv,2026-05-08,0.80,parent relationships not resolved in v0; company_name missing; used ticker fallback; country unknown
ENT002719,NTB,NTB,NTB,,TRUE,Unknown,Unknown,GSE580_theta_data.csv,2026-05-08,0.80,parent relationships not resolved in v0; company_name missing; used ticker fallback; country unknown
ENT002720,NTCT,NTCT,NTCT,,TRUE,Unknown,Unknown,GSE580_theta_data.csv,2026-05-08,0.80,parent relationships not resolved in v0; company_name missing; used ticker fallback; country unknown
ENT002721,NTDT.Y,NTDT.Y,NTDT.Y,,TRUE,Unknown,Unknown,GSE580_theta_data.csv,2026-05-08,0.80,parent relationships not resolved in v0; company_name missing; used ticker fallback; country unknown
ENT002722,NTES,NTES,NTES,,TRUE,Unknown,Unknown,GSE580_theta_data.csv,2026-05-08,0.80,parent relationships not resolved in v0; company_name missing; used ticker fallback; country unknown
ENT002723,NTGR,NTGR,NTGR,,TRUE,Unknown,Unknown,GSE580_theta_data.csv,2026-05-08,0.80,parent relationships not resolved in v0; company_name missing; used ticker fallback; country unknown
ENT002724,NTHI,NTHI,NTHI,,TRUE,Unknown,Unknown,GSE580_theta_data.csv,2026-05-08,0.80,parent relationships not resolved in v0; company_name missing; used ticker fallback; country unknown
ENT002725,NTNX,NTNX,NTNX,,TRUE,Unknown,Unknown,GSE580_theta_data.csv,2026-05-08,0.80,parent relationships not resolved in v0; company_name missing; used ticker fallback; country unknown
ENT002726,NTPI.F,NTPI.F,NTPI.F,,TRUE,Unknown,Unknown,GSE580_theta_data.csv,2026-05-08,0.80,parent relationships not resolved in v0; company_name missing; used ticker fallback; country unknown
ENT002727,NTR,NTR,NTR,,TRUE,Unknown,Unknown,GSE580_theta_data.csv,2026-05-08,0.80,parent relationships not resolved in v0; company_name missing; used ticker fallback; country unknown
ENT002728,NTRS,NTRS,NTRS,,TRUE,Unknown,Unknown,GSE580_theta_data.csv,2026-05-08,0.80,parent relationships not resolved in v0; company_name missing; used ticker fallback; country unknown
ENT002729,NTSK,NTSK,NTSK,,TRUE,Unknown,Unknown,GSE580_theta_data.csv,2026-05-08,0.80,parent relationships not resolved in v0; company_name missing; used ticker fallback; country unknown
ENT002730,NTST,NTST,NTST,,TRUE,Unknown,Unknown,GSE580_theta_data.csv,2026-05-08,0.80,parent relationships not resolved in v0; company_name missing; used ticker fallback; country unknown
ENT002731,NU,NU,NU,,TRUE,Unknown,Unknown,GSE580_theta_data.csv,2026-05-08,0.80,parent relationships not resolved in v0; company_name missing; used ticker fallback; country unknown
ENT002732,NUE,NUE,NUE,,TRUE,Unknown,Unknown,GSE580_theta_data.csv,2026-05-08,0.80,parent relationships not resolved in v0; company_name missing; used ticker fallback; country unknown
ENT002733,NUS,NUS,NUS,,TRUE,Unknown,Unknown,GSE580_theta_data.csv,2026-05-08,0.80,parent relationships not resolved in v0; company_name missing; used ticker fallback; country unknown
ENT002734,NUTX,NUTX,NUTX,,TRUE,United States,North America,GSE580_theta_data.csv,2026-05-08,0.80,parent relationships not resolved in v0; company_name missing; used ticker fallback
ENT002735,NUVB,NUVB,NUVB,,TRUE,Unknown,Unknown,GSE580_theta_data.csv,2026-05-08,0.80,parent relationships not resolved in v0; company_name missing; used ticker fallback; country unknown
ENT002736,NVCR,NVCR,NVCR,,TRUE,Unknown,Unknown,GSE580_theta_data.csv,2026-05-08,0.80,parent relationships not resolved in v0; company_name missing; used ticker fallback; country unknown
ENT002737,NVDA,NVDA,NVDA,,TRUE,Unknown,Unknown,GSE580_theta_data.csv,2026-05-08,0.80,parent relationships not resolved in v0; company_name missing; used ticker fallback; country unknown
ENT002738,NVEC,NVEC,NVEC,,TRUE,Unknown,Unknown,GSE580_theta_data.csv,2026-05-08,0.80,parent relationships not resolved in v0; company_name missing; used ticker fallback; country unknown
ENT002739,NVGS,NVGS,NVGS,,TRUE,Unknown,Unknown,GSE580_theta_data.csv,2026-05-08,0.80,parent relationships not resolved in v0; company_name missing; used ticker fallback; country unknown
ENT002740,NVMI,NVMI,NVMI,,TRUE,Unknown,Unknown,GSE580_theta_data.csv,2026-05-08,0.80,parent relationships not resolved in v0; company_name missing; used ticker fallback; country unknown
ENT002741,NVO,NVO,NVO,,TRUE,Unknown,Unknown,GSE580_theta_data.csv,2026-05-08,0.80,parent relationships not resolved in v0; company_name missing; used ticker fallback; country unknown
ENT002742,NVR,NVR,NVR,,TRUE,Unknown,Unknown,GSE580_theta_data.csv,2026-05-08,0.80,parent relationships not resolved in v0; company_name missing; used ticker fallback; country unknown
ENT002743,NVRI,NVRI,NVRI,,TRUE,Unknown,Unknown,GSE580_theta_data.csv,2026-05-08,0.80,parent relationships not resolved in v0; company_name missing; used ticker fallback; country unknown
ENT002744,NVS,NVS,NVS,,TRUE,Unknown,Unknown,GSE580_theta_data.csv,2026-05-08,0.80,parent relationships not resolved in v0; company_name missing; used ticker fallback; country unknown
ENT002745,NVST,NVST,NVST,,TRUE,Unknown,Unknown,GSE580_theta_data.csv,2026-05-08,0.80,parent relationships not resolved in v0; company_name missing; used ticker fallback; country unknown
ENT002746,NVT,NVT,NVT,,TRUE,Unknown,Unknown,GSE580_theta_data.csv,2026-05-08,0.80,parent relationships not resolved in v0; company_name missing; used ticker fallback; country unknown
ENT002747,NVTS,NVTS,NVTS,,TRUE,Unknown,Unknown,GSE580_theta_data.csv,2026-05-08,0.80,parent relationships not resolved in v0; company_name missing; used ticker fallback; country unknown
ENT002748,NVX,NVX,NVX,,TRUE,Unknown,Unknown,GSE580_theta_data.csv,2026-05-08,0.80,parent relationships not resolved in v0; company_name missing; used ticker fallback; country unknown
ENT002749,NWE,NWE,NWE,,TRUE,Unknown,Unknown,GSE580_theta_data.csv,2026-05-08,0.80,parent relationships not resolved in v0; company_name missing; used ticker fallback; country unknown
ENT002750,NWG,NWG,NWG,,TRUE,Unknown,Unknown,GSE580_theta_data.csv,2026-05-08,0.80,parent relationships not resolved in v0; company_name missing; used ticker fallback; country unknown
ENT002751,NWL,NWL,NWL,,TRUE,Unknown,Unknown,GSE580_theta_data.csv,2026-05-08,0.80,parent relationships not resolved in v0; company_name missing; used ticker fallback; country unknown
ENT002752,NWN,NWN,NWN,,TRUE,Unknown,Unknown,GSE580_theta_data.csv,2026-05-08,0.80,parent relationships not resolved in v0; company_name missing; used ticker fallback; country unknown
ENT002753,NWPX,NWPX,NWPX,,TRUE,Unknown,Unknown,GSE580_theta_data.csv,2026-05-08,0.80,parent relationships not resolved in v0; company_name missing; used ticker fallback; country unknown
ENT002754,NWS,NWS,NWS,,TRUE,Unknown,Unknown,GSE580_theta_data.csv,2026-05-08,0.80,parent relationships not resolved in v0; company_name missing; used ticker fallback; country unknown
ENT002755,NX,NX,NX,,TRUE,Unknown,Unknown,GSE580_theta_data.csv,2026-05-08,0.80,parent relationships not resolved in v0; company_name missing; used ticker fallback; country unknown
ENT002756,NXDR,NXDR,NXDR,,TRUE,Unknown,Unknown,GSE580_theta_data.csv,2026-05-08,0.80,parent relationships not resolved in v0; company_name missing; used ticker fallback; country unknown
ENT002757,NXPI,NXPI,NXPI,,TRUE,Unknown,Unknown,GSE580_theta_data.csv,2026-05-08,0.80,parent relationships not resolved in v0; company_name missing; used ticker fallback; country unknown
ENT002758,NXRT,NXRT,NXRT,,TRUE,Unknown,Unknown,GSE580_theta_data.csv,2026-05-08,0.80,parent relationships not resolved in v0; company_name missing; used ticker fallback; country unknown
ENT002759,NXST,NXST,NXST,,TRUE,Unknown,Unknown,GSE580_theta_data.csv,2026-05-08,0.80,parent relationships not resolved in v0; company_name missing; used ticker fallback; country unknown
ENT002760,NXT,NXT,NXT,,TRUE,Unknown,Unknown,GSE580_theta_data.csv,2026-05-08,0.80,parent relationships not resolved in v0; company_name missing; used ticker fallback; country unknown
ENT002761,NXTN,NXTN,NXTN,,TRUE,Unknown,Unknown,GSE580_theta_data.csv,2026-05-08,0.80,parent relationships not resolved in v0; company_name missing; used ticker fallback; country unknown
ENT002762,NYAX,NYAX,NYAX,,TRUE,Unknown,Unknown,GSE580_theta_data.csv,2026-05-08,0.80,parent relationships not resolved in v0; company_name missing; used ticker fallback; country unknown
ENT002763,NYSE:CRD.A,NYSE:CRD.A,NYSE:CRD.A,,TRUE,Unknown,Unknown,GSE580_theta_data.csv,2026-05-08,0.80,parent relationships not resolved in v0; company_name missing; used ticker fallback; country unknown
ENT002764,NYSE:KLAR,NYSE:KLAR,NYSE:KLAR,,TRUE,Unknown,Unknown,GSE580_theta_data.csv,2026-05-08,0.80,parent relationships not resolved in v0; company_name missing; used ticker fallback; country unknown
ENT002765,NYSE:LUXE,NYSE:LUXE,NYSE:LUXE,,TRUE,Unknown,Unknown,GSE580_theta_data.csv,2026-05-08,0.80,parent relationships not resolved in v0; company_name missing; used ticker fallback; country unknown
ENT002766,NYSE:MDT,NYSE:MDT,NYSE:MDT,,TRUE,Unknown,Unknown,GSE580_theta_data.csv,2026-05-08,0.80,parent relationships not resolved in v0; company_name missing; used ticker fallback; country unknown
ENT002767,NYSE:OVV,NYSE:OVV,NYSE:OVV,,TRUE,Unknown,Unknown,GSE580_theta_data.csv,2026-05-08,0.80,parent relationships not resolved in v0; company_name missing; used ticker fallback; country unknown
ENT002768,NYSE:SLB,NYSE:SLB,NYSE:SLB,,TRUE,Unknown,Unknown,GSE580_theta_data.csv,2026-05-08,0.80,parent relationships not resolved in v0; company_name missing; used ticker fallback; country unknown
ENT002769,NYSE:TEN,NYSE:TEN,NYSE:TEN,,TRUE,Unknown,Unknown,GSE580_theta_data.csv,2026-05-08,0.80,parent relationships not resolved in v0; company_name missing; used ticker fallback; country unknown
ENT002770,NYT,NYT,NYT,,TRUE,Unknown,Unknown,GSE580_theta_data.csv,2026-05-08,0.80,parent relationships not resolved in v0; company_name missing; used ticker fallback; country unknown
ENT002771,NYXH,NYXH,NYXH,,TRUE,Unknown,Unknown,GSE580_theta_data.csv,2026-05-08,0.80,parent relationships not resolved in v0; company_name missing; used ticker fallback; country unknown
ENT002772,NZSE:FPH,NZSE:FPH,NZSE:FPH,,TRUE,Unknown,Unknown,GSE580_theta_data.csv,2026-05-08,0.80,parent relationships not resolved in v0; company_name missing; used ticker fallback; country unknown
ENT002773,O,O,O,,TRUE,Unknown,Unknown,GSE580_theta_data.csv,2026-05-08,0.80,parent relationships not resolved in v0; company_name missing; used ticker fallback; country unknown
ENT002774,OABI,OABI,OABI,,TRUE,Unknown,Unknown,GSE580_theta_data.csv,2026-05-08,0.80,parent relationships not resolved in v0; company_name missing; used ticker fallback; country unknown
ENT002775,OAKC,OAKC,OAKC,,TRUE,Unknown,Unknown,GSE580_theta_data.csv,2026-05-08,0.80,parent relationships not resolved in v0; company_name missing; used ticker fallback; country unknown
ENT002776,OB:ACR,OB:ACR,OB:ACR,,TRUE,Unknown,Unknown,GSE580_theta_data.csv,2026-05-08,0.80,parent relationships not resolved in v0; company_name missing; used ticker fallback; country unknown
ENT002777,OB:AKSO,OB:AKSO,OB:AKSO,,TRUE,Unknown,Unknown,GSE580_theta_data.csv,2026-05-08,0.80,parent relationships not resolved in v0; company_name missing; used ticker fallback; country unknown
ENT002778,OB:AUTO,OB:AUTO,OB:AUTO,,TRUE,Unknown,Unknown,GSE580_theta_data.csv,2026-05-08,0.80,parent relationships not resolved in v0; company_name missing; used ticker fallback; country unknown
ENT002779,OB:BWLPG,OB:BWLPG,OB:BWLPG,,TRUE,Unknown,Unknown,GSE580_theta_data.csv,2026-05-08,0.80,parent relationships not resolved in v0; company_name missing; used ticker fallback; country unknown
ENT002780,OB:DNB,OB:DNB,OB:DNB,,TRUE,Unknown,Unknown,GSE580_theta_data.csv,2026-05-08,0.80,parent relationships not resolved in v0; company_name missing; used ticker fallback; country unknown
ENT002781,OB:DOFG,OB:DOFG,OB:DOFG,,TRUE,Unknown,Unknown,GSE580_theta_data.csv,2026-05-08,0.80,parent relationships not resolved in v0; company_name missing; used ticker fallback; country unknown
ENT002782,OB:ELK,OB:ELK,OB:ELK,,TRUE,Unknown,Unknown,GSE580_theta_data.csv,2026-05-08,0.80,parent relationships not resolved in v0; company_name missing; used ticker fallback; country unknown
ENT002783,OB:EQNR,OB:EQNR,OB:EQNR,,TRUE,Unknown,Unknown,GSE580_theta_data.csv,2026-05-08,0.80,parent relationships not resolved in v0; company_name missing; used ticker fallback; country unknown
ENT002784,OB:HAFNI,OB:HAFNI,OB:HAFNI,,TRUE,Unknown,Unknown,GSE580_theta_data.csv,2026-05-08,0.80,parent relationships not resolved in v0; company_name missing; used ticker fallback; country unknown
ENT002785,OB:HEX,OB:HEX,OB:HEX,,TRUE,Unknown,Unknown,GSE580_theta_data.csv,2026-05-08,0.80,parent relationships not resolved in v0; company_name missing; used ticker fallback; country unknown
ENT002786,OB:KOG,OB:KOG,OB:KOG,,TRUE,Unknown,Unknown,GSE580_theta_data.csv,2026-05-08,0.80,parent relationships not resolved in v0; company_name missing; used ticker fallback; country unknown
ENT002787,OB:MOWI,OB:MOWI,OB:MOWI,,TRUE,Unknown,Unknown,GSE580_theta_data.csv,2026-05-08,0.80,parent relationships not resolved in v0; company_name missing; used ticker fallback; country unknown
ENT002788,OB:MPCC,OB:MPCC,OB:MPCC,,TRUE,Unknown,Unknown,GSE580_theta_data.csv,2026-05-08,0.80,parent relationships not resolved in v0; company_name missing; used ticker fallback; country unknown
ENT002789,OB:NAS,OB:NAS,OB:NAS,,TRUE,Unknown,Unknown,GSE580_theta_data.csv,2026-05-08,0.80,parent relationships not resolved in v0; company_name missing; used ticker fallback; country unknown
ENT002790,OB:NEL,OB:NEL,OB:NEL,,TRUE,Unknown,Unknown,GSE580_theta_data.csv,2026-05-08,0.80,parent relationships not resolved in v0; company_name missing; used ticker fallback; country unknown
ENT002791,OB:NHY,OB:NHY,OB:NHY,,TRUE,Unknown,Unknown,GSE580_theta_data.csv,2026-05-08,0.80,parent relationships not resolved in v0; company_name missing; used ticker fallback; country unknown
ENT002792,OB:NOD,OB:NOD,OB:NOD,,TRUE,Unknown,Unknown,GSE580_theta_data.csv,2026-05-08,0.80,parent relationships not resolved in v0; company_name missing; used ticker fallback; country unknown
ENT002793,OB:NORSE,OB:NORSE,OB:NORSE,,TRUE,Unknown,Unknown,GSE580_theta_data.csv,2026-05-08,0.80,parent relationships not resolved in v0; company_name missing; used ticker fallback; country unknown
ENT002794,OB:ORK,OB:ORK,OB:ORK,,TRUE,Unknown,Unknown,GSE580_theta_data.csv,2026-05-08,0.80,parent relationships not resolved in v0; company_name missing; used ticker fallback; country unknown
ENT002795,OB:RECSI,OB:RECSI,OB:RECSI,,TRUE,Unknown,Unknown,GSE580_theta_data.csv,2026-05-08,0.80,parent relationships not resolved in v0; company_name missing; used ticker fallback; country unknown
ENT002796,OB:SALM,OB:SALM,OB:SALM,,TRUE,Unknown,Unknown,GSE580_theta_data.csv,2026-05-08,0.80,parent relationships not resolved in v0; company_name missing; used ticker fallback; country unknown
ENT002797,OB:SOFF,OB:SOFF,OB:SOFF,,TRUE,Unknown,Unknown,GSE580_theta_data.csv,2026-05-08,0.80,parent relationships not resolved in v0; company_name missing; used ticker fallback; country unknown
ENT002798,OB:TEL,OB:TEL,OB:TEL,,TRUE,Unknown,Unknown,GSE580_theta_data.csv,2026-05-08,0.80,parent relationships not resolved in v0; company_name missing; used ticker fallback; country unknown
ENT002799,OB:TOM,OB:TOM,OB:TOM,,TRUE,Unknown,Unknown,GSE580_theta_data.csv,2026-05-08,0.80,parent relationships not resolved in v0; company_name missing; used ticker fallback; country unknown
ENT002800,OB:YAR,OB:YAR,OB:YAR,,TRUE,Unknown,Unknown,GSE580_theta_data.csv,2026-05-08,0.80,parent relationships not resolved in v0; company_name missing; used ticker fallback; country unknown
ENT002801,OBIO,OBIO,OBIO,,TRUE,Unknown,Unknown,GSE580_theta_data.csv,2026-05-08,0.80,parent relationships not resolved in v0; company_name missing; used ticker fallback; country unknown
ENT002802,OBK,OBK,OBK,,TRUE,Unknown,Unknown,GSE580_theta_data.csv,2026-05-08,0.80,parent relationships not resolved in v0; company_name missing; used ticker fallback; country unknown
ENT002803,OC,OC,OC,,TRUE,Unknown,Unknown,GSE580_theta_data.csv,2026-05-08,0.80,parent relationships not resolved in v0; company_name missing; used ticker fallback; country unknown
ENT002804,OCFC,OCFC,OCFC,,TRUE,Unknown,Unknown,GSE580_theta_data.csv,2026-05-08,0.80,parent relationships not resolved in v0; company_name missing; used ticker fallback; country unknown
ENT002805,OCS,OCS,OCS,,TRUE,Unknown,Unknown,GSE580_theta_data.csv,2026-05-08,0.80,parent relationships not resolved in v0; company_name missing; used ticker fallback; country unknown
ENT002806,OCUL,OCUL,OCUL,,TRUE,United States,North America,GSE580_theta_data.csv,2026-05-08,0.80,parent relationships not resolved in v0; company_name missing; used ticker fallback
ENT002807,ODC,ODC,ODC,,TRUE,Unknown,Unknown,GSE580_theta_data.csv,2026-05-08,0.80,parent relationships not resolved in v0; company_name missing; used ticker fallback; country unknown
ENT002808,ODD,ODD,ODD,,TRUE,Unknown,Unknown,GSE580_theta_data.csv,2026-05-08,0.80,parent relationships not resolved in v0; company_name missing; used ticker fallback; country unknown
ENT002809,ODFL,ODFL,ODFL,,TRUE,United States,North America,GSE580_theta_data.csv,2026-05-08,0.80,parent relationships not resolved in v0; company_name missing; used ticker fallback
ENT002810,ODP,ODP,ODP,,TRUE,Unknown,Unknown,GSE580_theta_data.csv,2026-05-08,0.80,parent relationships not resolved in v0; company_name missing; used ticker fallback; country unknown
ENT002811,OEC,OEC,OEC,,TRUE,Unknown,Unknown,GSE580_theta_data.csv,2026-05-08,0.80,parent relationships not resolved in v0; company_name missing; used ticker fallback; country unknown
ENT002812,OFIX,OFIX,OFIX,,TRUE,Unknown,Unknown,GSE580_theta_data.csv,2026-05-08,0.80,parent relationships not resolved in v0; company_name missing; used ticker fallback; country unknown
ENT002813,OFLX,OFLX,OFLX,,TRUE,Unknown,Unknown,GSE580_theta_data.csv,2026-05-08,0.80,parent relationships not resolved in v0; company_name missing; used ticker fallback; country unknown
ENT002814,OGE,OGE,OGE,,TRUE,Unknown,Unknown,GSE580_theta_data.csv,2026-05-08,0.80,parent relationships not resolved in v0; company_name missing; used ticker fallback; country unknown
ENT002815,OGI,OGI,OGI,,TRUE,Unknown,Unknown,GSE580_theta_data.csv,2026-05-08,0.80,parent relationships not resolved in v0; company_name missing; used ticker fallback; country unknown
ENT002816,OGN,OGN,OGN,,TRUE,Unknown,Unknown,GSE580_theta_data.csv,2026-05-08,0.80,parent relationships not resolved in v0; company_name missing; used ticker fallback; country unknown
ENT002817,OGS,OGS,OGS,,TRUE,Unknown,Unknown,GSE580_theta_data.csv,2026-05-08,0.80,parent relationships not resolved in v0; company_name missing; used ticker fallback; country unknown
ENT002818,OHI,OHI,OHI,,TRUE,Unknown,Unknown,GSE580_theta_data.csv,2026-05-08,0.80,parent relationships not resolved in v0; company_name missing; used ticker fallback; country unknown
ENT002819,OI,OI,OI,,TRUE,Unknown,Unknown,GSE580_theta_data.csv,2026-05-08,0.80,parent relationships not resolved in v0; company_name missing; used ticker fallback; country unknown
ENT002820,OII,OII,OII,,TRUE,Unknown,Unknown,GSE580_theta_data.csv,2026-05-08,0.80,parent relationships not resolved in v0; company_name missing; used ticker fallback; country unknown
ENT002821,OIS,OIS,OIS,,TRUE,Unknown,Unknown,GSE580_theta_data.csv,2026-05-08,0.80,parent relationships not resolved in v0; company_name missing; used ticker fallback; country unknown
ENT002822,OKE,OKE,OKE,,TRUE,Unknown,Unknown,GSE580_theta_data.csv,2026-05-08,0.80,parent relationships not resolved in v0; company_name missing; used ticker fallback; country unknown
ENT002823,OKLO,OKLO,OKLO,,TRUE,Unknown,Unknown,GSE580_theta_data.csv,2026-05-08,0.80,parent relationships not resolved in v0; company_name missing; used ticker fallback; country unknown
ENT002824,OKTA,OKTA,OKTA,,TRUE,Unknown,Unknown,GSE580_theta_data.csv,2026-05-08,0.80,parent relationships not resolved in v0; company_name missing; used ticker fallback; country unknown
ENT002825,OLED,OLED,OLED,,TRUE,Unknown,Unknown,GSE580_theta_data.csv,2026-05-08,0.80,parent relationships not resolved in v0; company_name missing; used ticker fallback; country unknown
ENT002826,OLLI,OLLI,OLLI,,TRUE,Unknown,Unknown,GSE580_theta_data.csv,2026-05-08,0.80,parent relationships not resolved in v0; company_name missing; used ticker fallback; country unknown
ENT002827,OLN,OLN,OLN,,TRUE,Unknown,Unknown,GSE580_theta_data.csv,2026-05-08,0.80,parent relationships not resolved in v0; company_name missing; used ticker fallback; country unknown
ENT002828,OLP,OLP,OLP,,TRUE,Unknown,Unknown,GSE580_theta_data.csv,2026-05-08,0.80,parent relationships not resolved in v0; company_name missing; used ticker fallback; country unknown
ENT002829,OLPX,OLPX,OLPX,,TRUE,Unknown,Unknown,GSE580_theta_data.csv,2026-05-08,0.80,parent relationships not resolved in v0; company_name missing; used ticker fallback; country unknown
ENT002830,OM,OM,OM,,TRUE,Unknown,Unknown,GSE580_theta_data.csv,2026-05-08,0.80,parent relationships not resolved in v0; company_name missing; used ticker fallback; country unknown
ENT002831,OM:ALFA,OM:ALFA,OM:ALFA,,TRUE,Unknown,Unknown,GSE580_theta_data.csv,2026-05-08,0.80,parent relationships not resolved in v0; company_name missing; used ticker fallback; country unknown
ENT002832,OM:ARJO B,OM:ARJO B,OM:ARJO B,,TRUE,Unknown,Unknown,GSE580_theta_data.csv,2026-05-08,0.80,parent relationships not resolved in v0; company_name missing; used ticker fallback; country unknown
ENT002833,OM:ASSA B,OM:ASSA B,OM:ASSA B,,TRUE,Unknown,Unknown,GSE580_theta_data.csv,2026-05-08,0.80,parent relationships not resolved in v0; company_name missing; used ticker fallback; country unknown
ENT002834,OM:ATCO A,OM:ATCO A,OM:ATCO A,,TRUE,Unknown,Unknown,GSE580_theta_data.csv,2026-05-08,0.80,parent relationships not resolved in v0; company_name missing; used ticker fallback; country unknown
ENT002835,OM:BOL,OM:BOL,OM:BOL,,TRUE,Unknown,Unknown,GSE580_theta_data.csv,2026-05-08,0.80,parent relationships not resolved in v0; company_name missing; used ticker fallback; country unknown
ENT002836,OM:CAMX,OM:CAMX,OM:CAMX,,TRUE,Unknown,Unknown,GSE580_theta_data.csv,2026-05-08,0.80,parent relationships not resolved in v0; company_name missing; used ticker fallback; country unknown
ENT002837,OM:CS,OM:CS,OM:CS,,TRUE,Unknown,Unknown,GSE580_theta_data.csv,2026-05-08,0.80,parent relationships not resolved in v0; company_name missing; used ticker fallback; country unknown
ENT002838,OM:DOM,OM:DOM,OM:DOM,,TRUE,Unknown,Unknown,GSE580_theta_data.csv,2026-05-08,0.80,parent relationships not resolved in v0; company_name missing; used ticker fallback; country unknown
ENT002839,OM:ELUX B,OM:ELUX B,OM:ELUX B,,TRUE,Unknown,Unknown,GSE580_theta_data.csv,2026-05-08,0.80,parent relationships not resolved in v0; company_name missing; used ticker fallback; country unknown
ENT002840,OM:EMBRAC B,OM:EMBRAC B,OM:EMBRAC B,,TRUE,Unknown,Unknown,GSE580_theta_data.csv,2026-05-08,0.80,parent relationships not resolved in v0; company_name missing; used ticker fallback; country unknown
ENT002841,OM:EPI A,OM:EPI A,OM:EPI A,,TRUE,Unknown,Unknown,GSE580_theta_data.csv,2026-05-08,0.80,parent relationships not resolved in v0; company_name missing; used ticker fallback; country unknown
ENT002842,OM:EPRO B,OM:EPRO B,OM:EPRO B,,TRUE,Unknown,Unknown,GSE580_theta_data.csv,2026-05-08,0.80,parent relationships not resolved in v0; company_name missing; used ticker fallback; country unknown
ENT002843,OM:EQT,OM:EQT,OM:EQT,,TRUE,Unknown,Unknown,GSE580_theta_data.csv,2026-05-08,0.80,parent relationships not resolved in v0; company_name missing; used ticker fallback; country unknown
ENT002844,OM:ERIC B,OM:ERIC B,OM:ERIC B,,TRUE,Unknown,Unknown,GSE580_theta_data.csv,2026-05-08,0.80,parent relationships not resolved in v0; company_name missing; used ticker fallback; country unknown
ENT002845,OM:ESSITY B,OM:ESSITY B,OM:ESSITY B,,TRUE,Unknown,Unknown,GSE580_theta_data.csv,2026-05-08,0.80,parent relationships not resolved in v0; company_name missing; used ticker fallback; country unknown
ENT002846,OM:EVO,OM:EVO,OM:EVO,,TRUE,Unknown,Unknown,GSE580_theta_data.csv,2026-05-08,0.80,parent relationships not resolved in v0; company_name missing; used ticker fallback; country unknown
ENT002847,OM:GETI B,OM:GETI B,OM:GETI B,,TRUE,Unknown,Unknown,GSE580_theta_data.csv,2026-05-08,0.80,parent relationships not resolved in v0; company_name missing; used ticker fallback; country unknown
ENT002848,OM:HEXA B,OM:HEXA B,OM:HEXA B,,TRUE,Unknown,Unknown,GSE580_theta_data.csv,2026-05-08,0.80,parent relationships not resolved in v0; company_name missing; used ticker fallback; country unknown
ENT002849,OM:HM B,OM:HM B,OM:HM B,,TRUE,Unknown,Unknown,GSE580_theta_data.csv,2026-05-08,0.80,parent relationships not resolved in v0; company_name missing; used ticker fallback; country unknown
ENT002850,OM:HUSQ B,OM:HUSQ B,OM:HUSQ B,,TRUE,Unknown,Unknown,GSE580_theta_data.csv,2026-05-08,0.80,parent relationships not resolved in v0; company_name missing; used ticker fallback; country unknown
ENT002851,OM:INTRUM,OM:INTRUM,OM:INTRUM,,TRUE,Unknown,Unknown,GSE580_theta_data.csv,2026-05-08,0.80,parent relationships not resolved in v0; company_name missing; used ticker fallback; country unknown
ENT002852,OM:INVE B,OM:INVE B,OM:INVE B,,TRUE,Unknown,Unknown,GSE580_theta_data.csv,2026-05-08,0.80,parent relationships not resolved in v0; company_name missing; used ticker fallback; country unknown
ENT002853,OM:LOOMIS,OM:LOOMIS,OM:LOOMIS,,TRUE,Unknown,Unknown,GSE580_theta_data.csv,2026-05-08,0.80,parent relationships not resolved in v0; company_name missing; used ticker fallback; country unknown
ENT002854,OM:MSAB B,OM:MSAB B,OM:MSAB B,,TRUE,Unknown,Unknown,GSE580_theta_data.csv,2026-05-08,0.80,parent relationships not resolved in v0; company_name missing; used ticker fallback; country unknown
ENT002855,OM:MTRS,OM:MTRS,OM:MTRS,,TRUE,Unknown,Unknown,GSE580_theta_data.csv,2026-05-08,0.80,parent relationships not resolved in v0; company_name missing; used ticker fallback; country unknown
ENT002856,OM:NIBE B,OM:NIBE B,OM:NIBE B,,TRUE,Unknown,Unknown,GSE580_theta_data.csv,2026-05-08,0.80,parent relationships not resolved in v0; company_name missing; used ticker fallback; country unknown
ENT002857,OM:PTRK,OM:PTRK,OM:PTRK,,TRUE,Unknown,Unknown,GSE580_theta_data.csv,2026-05-08,0.80,parent relationships not resolved in v0; company_name missing; used ticker fallback; country unknown
ENT002858,OM:SAAB B,OM:SAAB B,OM:SAAB B,,TRUE,Unknown,Unknown,GSE580_theta_data.csv,2026-05-08,0.80,parent relationships not resolved in v0; company_name missing; used ticker fallback; country unknown
ENT002859,OM:SAND,OM:SAND,OM:SAND,,TRUE,Unknown,Unknown,GSE580_theta_data.csv,2026-05-08,0.80,parent relationships not resolved in v0; company_name missing; used ticker fallback; country unknown
ENT002860,OM:SECU B,OM:SECU B,OM:SECU B,,TRUE,Unknown,Unknown,GSE580_theta_data.csv,2026-05-08,0.80,parent relationships not resolved in v0; company_name missing; used ticker fallback; country unknown
ENT002861,OM:SINCH,OM:SINCH,OM:SINCH,,TRUE,Unknown,Unknown,GSE580_theta_data.csv,2026-05-08,0.80,parent relationships not resolved in v0; company_name missing; used ticker fallback; country unknown
ENT002862,OM:SKA B,OM:SKA B,OM:SKA B,,TRUE,Unknown,Unknown,GSE580_theta_data.csv,2026-05-08,0.80,parent relationships not resolved in v0; company_name missing; used ticker fallback; country unknown
ENT002863,OM:SKF B,OM:SKF B,OM:SKF B,,TRUE,Unknown,Unknown,GSE580_theta_data.csv,2026-05-08,0.80,parent relationships not resolved in v0; company_name missing; used ticker fallback; country unknown
ENT002864,OM:SSAB A,OM:SSAB A,OM:SSAB A,,TRUE,Unknown,Unknown,GSE580_theta_data.csv,2026-05-08,0.80,parent relationships not resolved in v0; company_name missing; used ticker fallback; country unknown
ENT002865,OM:SWEC B,OM:SWEC B,OM:SWEC B,,TRUE,Unknown,Unknown,GSE580_theta_data.csv,2026-05-08,0.80,parent relationships not resolved in v0; company_name missing; used ticker fallback; country unknown
ENT002866,OM:TREL B,OM:TREL B,OM:TREL B,,TRUE,Unknown,Unknown,GSE580_theta_data.csv,2026-05-08,0.80,parent relationships not resolved in v0; company_name missing; used ticker fallback; country unknown
ENT002867,OM:VOLCAR B,OM:VOLCAR B,OM:VOLCAR B,,TRUE,Unknown,Unknown,GSE580_theta_data.csv,2026-05-08,0.80,parent relationships not resolved in v0; company_name missing; used ticker fallback; country unknown
ENT002868,OM:VOLV B,OM:VOLV B,OM:VOLV B,,TRUE,Unknown,Unknown,GSE580_theta_data.csv,2026-05-08,0.80,parent relationships not resolved in v0; company_name missing; used ticker fallback; country unknown
ENT002869,OM:VSURE,OM:VSURE,OM:VSURE,,TRUE,Unknown,Unknown,GSE580_theta_data.csv,2026-05-08,0.80,parent relationships not resolved in v0; company_name missing; used ticker fallback; country unknown
ENT002870,OM:XVIVO,OM:XVIVO,OM:XVIVO,,TRUE,Unknown,Unknown,GSE580_theta_data.csv,2026-05-08,0.80,parent relationships not resolved in v0; company_name missing; used ticker fallback; country unknown
ENT002871,OMAB,OMAB,OMAB,,TRUE,Unknown,Unknown,GSE580_theta_data.csv,2026-05-08,0.80,parent relationships not resolved in v0; company_name missing; used ticker fallback; country unknown
ENT002872,OMC,OMC,OMC,,TRUE,Unknown,Unknown,GSE580_theta_data.csv,2026-05-08,0.80,parent relationships not resolved in v0; company_name missing; used ticker fallback; country unknown
ENT002873,OMCL,OMCL,OMCL,,TRUE,United States,North America,GSE580_theta_data.csv,2026-05-08,0.80,parent relationships not resolved in v0; company_name missing; used ticker fallback
ENT002874,OMDA,OMDA,OMDA,,TRUE,Unknown,Unknown,GSE580_theta_data.csv,2026-05-08,0.80,parent relationships not resolved in v0; company_name missing; used ticker fallback; country unknown
ENT002875,OMER,OMER,OMER,,TRUE,United States,North America,GSE580_theta_data.csv,2026-05-08,0.80,parent relationships not resolved in v0; company_name missing; used ticker fallback
ENT002876,OMEX,OMEX,OMEX,,TRUE,Unknown,Unknown,GSE580_theta_data.csv,2026-05-08,0.80,parent relationships not resolved in v0; company_name missing; used ticker fallback; country unknown
ENT002877,OMF,OMF,OMF,,TRUE,United States,North America,GSE580_theta_data.csv,2026-05-08,0.80,parent relationships not resolved in v0; company_name missing; used ticker fallback
ENT002878,OMI,OMI,OMI,,TRUE,Unknown,Unknown,GSE580_theta_data.csv,2026-05-08,0.80,parent relationships not resolved in v0; company_name missing; used ticker fallback; country unknown
ENT002879,OMSE,OMSE,OMSE,,TRUE,Unknown,Unknown,GSE580_theta_data.csv,2026-05-08,0.80,parent relationships not resolved in v0; company_name missing; used ticker fallback; country unknown
ENT002880,ON,ON,ON,,TRUE,Unknown,Unknown,GSE580_theta_data.csv,2026-05-08,0.80,parent relationships not resolved in v0; company_name missing; used ticker fallback; country unknown
ENT002881,ONDS,ONDS,ONDS,,TRUE,Unknown,Unknown,GSE580_theta_data.csv,2026-05-08,0.80,parent relationships not resolved in v0; company_name missing; used ticker fallback; country unknown
ENT002882,ONEG,ONEG,ONEG,,TRUE,Unknown,Unknown,GSE580_theta_data.csv,2026-05-08,0.80,parent relationships not resolved in v0; company_name missing; used ticker fallback; country unknown
ENT002883,ONEW,ONEW,ONEW,,TRUE,Unknown,Unknown,GSE580_theta_data.csv,2026-05-08,0.80,parent relationships not resolved in v0; company_name missing; used ticker fallback; country unknown
ENT002884,ONIT,ONIT,ONIT,,TRUE,Unknown,Unknown,GSE580_theta_data.csv,2026-05-08,0.80,parent relationships not resolved in v0; company_name missing; used ticker fallback; country unknown
ENT002885,ONON,ONON,ONON,,TRUE,Unknown,Unknown,GSE580_theta_data.csv,2026-05-08,0.80,parent relationships not resolved in v0; company_name missing; used ticker fallback; country unknown
ENT002886,ONTF,ONTF,ONTF,,TRUE,Unknown,Unknown,GSE580_theta_data.csv,2026-05-08,0.80,parent relationships not resolved in v0; company_name missing; used ticker fallback; country unknown
ENT002887,ONTO,ONTO,ONTO,,TRUE,Unknown,Unknown,GSE580_theta_data.csv,2026-05-08,0.80,parent relationships not resolved in v0; company_name missing; used ticker fallback; country unknown
ENT002888,OOMA,OOMA,OOMA,,TRUE,United States,North America,GSE580_theta_data.csv,2026-05-08,0.80,parent relationships not resolved in v0; company_name missing; used ticker fallback
ENT002889,OPCH,OPCH,OPCH,,TRUE,Unknown,Unknown,GSE580_theta_data.csv,2026-05-08,0.80,parent relationships not resolved in v0; company_name missing; used ticker fallback; country unknown
ENT002890,OPEN,OPEN,OPEN,,TRUE,United States,North America,GSE580_theta_data.csv,2026-05-08,0.80,parent relationships not resolved in v0; company_name missing; used ticker fallback
ENT002891,OPFI,OPFI,OPFI,,TRUE,Unknown,Unknown,GSE580_theta_data.csv,2026-05-08,0.80,parent relationships not resolved in v0; company_name missing; used ticker fallback; country unknown
ENT002892,OPK,OPK,OPK,,TRUE,Unknown,Unknown,GSE580_theta_data.csv,2026-05-08,0.80,parent relationships not resolved in v0; company_name missing; used ticker fallback; country unknown
ENT002893,OPRA,OPRA,OPRA,,TRUE,Unknown,Unknown,GSE580_theta_data.csv,2026-05-08,0.80,parent relationships not resolved in v0; company_name missing; used ticker fallback; country unknown
ENT002894,OPRT,OPRT,OPRT,,TRUE,Unknown,Unknown,GSE580_theta_data.csv,2026-05-08,0.80,parent relationships not resolved in v0; company_name missing; used ticker fallback; country unknown
ENT002895,OPRX,OPRX,OPRX,,TRUE,United States,North America,GSE580_theta_data.csv,2026-05-08,0.80,parent relationships not resolved in v0; company_name missing; used ticker fallback
ENT002896,OPTU,OPTU,OPTU,,TRUE,United States,North America,GSE580_theta_data.csv,2026-05-08,0.80,parent relationships not resolved in v0; company_name missing; used ticker fallback
ENT002897,OPXS,OPXS,OPXS,,TRUE,United States,North America,GSE580_theta_data.csv,2026-05-08,0.80,parent relationships not resolved in v0; company_name missing; used ticker fallback
ENT002898,OPY,OPY,OPY,,TRUE,United States,North America,GSE580_theta_data.csv,2026-05-08,0.80,parent relationships not resolved in v0; company_name missing; used ticker fallback
ENT002899,ORA,ORA,ORA,,TRUE,Unknown,Unknown,GSE580_theta_data.csv,2026-05-08,0.80,parent relationships not resolved in v0; company_name missing; used ticker fallback; country unknown
ENT002900,ORBS,ORBS,ORBS,,TRUE,Unknown,Unknown,GSE580_theta_data.csv,2026-05-08,0.80,parent relationships not resolved in v0; company_name missing; used ticker fallback; country unknown
ENT002901,ORC,ORC,ORC,,TRUE,Unknown,Unknown,GSE580_theta_data.csv,2026-05-08,0.80,parent relationships not resolved in v0; company_name missing; used ticker fallback; country unknown
ENT002902,ORCL,ORCL,ORCL,,TRUE,Unknown,Unknown,GSE580_theta_data.csv,2026-05-08,0.80,parent relationships not resolved in v0; company_name missing; used ticker fallback; country unknown
ENT002903,ORI,ORI,ORI,,TRUE,Unknown,Unknown,GSE580_theta_data.csv,2026-05-08,0.80,parent relationships not resolved in v0; company_name missing; used ticker fallback; country unknown
ENT002904,ORLY,ORLY,ORLY,,TRUE,United States,North America,GSE580_theta_data.csv,2026-05-08,0.80,parent relationships not resolved in v0; company_name missing; used ticker fallback
ENT002905,ORN,ORN,ORN,,TRUE,Unknown,Unknown,GSE580_theta_data.csv,2026-05-08,0.80,parent relationships not resolved in v0; company_name missing; used ticker fallback; country unknown
ENT002906,OS,OS,OS,,TRUE,Unknown,Unknown,GSE580_theta_data.csv,2026-05-08,0.80,parent relationships not resolved in v0; company_name missing; used ticker fallback; country unknown
ENT002907,OSCR,OSCR,OSCR,,TRUE,Unknown,Unknown,GSE580_theta_data.csv,2026-05-08,0.80,parent relationships not resolved in v0; company_name missing; used ticker fallback; country unknown
ENT002908,OSG,OSG,OSG,,TRUE,United States,North America,GSE580_theta_data.csv,2026-05-08,0.80,parent relationships not resolved in v0; company_name missing; used ticker fallback
ENT002909,OSIS,OSIS,OSIS,,TRUE,Unknown,Unknown,GSE580_theta_data.csv,2026-05-08,0.80,parent relationships not resolved in v0; company_name missing; used ticker fallback; country unknown
ENT002910,OSK,OSK,OSK,,TRUE,Unknown,Unknown,GSE580_theta_data.csv,2026-05-08,0.80,parent relationships not resolved in v0; company_name missing; used ticker fallback; country unknown
ENT002911,OSPN,OSPN,OSPN,,TRUE,Unknown,Unknown,GSE580_theta_data.csv,2026-05-08,0.80,parent relationships not resolved in v0; company_name missing; used ticker fallback; country unknown
ENT002912,OSS,OSS,OSS,,TRUE,Unknown,Unknown,GSE580_theta_data.csv,2026-05-08,0.80,parent relationships not resolved in v0; company_name missing; used ticker fallback; country unknown
ENT002913,OSUR,OSUR,OSUR,,TRUE,Unknown,Unknown,GSE580_theta_data.csv,2026-05-08,0.80,parent relationships not resolved in v0; company_name missing; used ticker fallback; country unknown
ENT002914,OSW,OSW,OSW,,TRUE,Unknown,Unknown,GSE580_theta_data.csv,2026-05-08,0.80,parent relationships not resolved in v0; company_name missing; used ticker fallback; country unknown
ENT002915,OTCM,OTCM,OTCM,,TRUE,Unknown,Unknown,GSE580_theta_data.csv,2026-05-08,0.80,parent relationships not resolved in v0; company_name missing; used ticker fallback; country unknown
ENT002916,OTEX,OTEX,OTEX,,TRUE,Unknown,Unknown,GSE580_theta_data.csv,2026-05-08,0.80,parent relationships not resolved in v0; company_name missing; used ticker fallback; country unknown
ENT002917,OTF,OTF,OTF,,TRUE,United States,North America,GSE580_theta_data.csv,2026-05-08,0.80,parent relationships not resolved in v0; company_name missing; used ticker fallback
ENT002918,OTIS,OTIS,OTIS,,TRUE,Unknown,Unknown,GSE580_theta_data.csv,2026-05-08,0.80,parent relationships not resolved in v0; company_name missing; used ticker fallback; country unknown
ENT002919,OTLY,OTLY,OTLY,,TRUE,Unknown,Unknown,GSE580_theta_data.csv,2026-05-08,0.80,parent relationships not resolved in v0; company_name missing; used ticker fallback; country unknown
ENT002920,OTTR,OTTR,OTTR,,TRUE,Unknown,Unknown,GSE580_theta_data.csv,2026-05-08,0.80,parent relationships not resolved in v0; company_name missing; used ticker fallback; country unknown
ENT002921,OUST,OUST,OUST,,TRUE,Unknown,Unknown,GSE580_theta_data.csv,2026-05-08,0.80,parent relationships not resolved in v0; company_name missing; used ticker fallback; country unknown
ENT002922,OUT,OUT,OUT,,TRUE,United States,North America,GSE580_theta_data.csv,2026-05-08,0.80,parent relationships not resolved in v0; company_name missing; used ticker fallback
ENT002923,OWL,OWL,OWL,,TRUE,United States,North America,GSE580_theta_data.csv,2026-05-08,0.80,parent relationships not resolved in v0; company_name missing; used ticker fallback
ENT002924,OWLS,OWLS,OWLS,,TRUE,Unknown,Unknown,GSE580_theta_data.csv,2026-05-08,0.80,parent relationships not resolved in v0; company_name missing; used ticker fallback; country unknown
ENT002925,OWLT,OWLT,OWLT,,TRUE,Unknown,Unknown,GSE580_theta_data.csv,2026-05-08,0.80,parent relationships not resolved in v0; company_name missing; used ticker fallback; country unknown
ENT002926,OXM,OXM,OXM,,TRUE,United States,North America,GSE580_theta_data.csv,2026-05-08,0.80,parent relationships not resolved in v0; company_name missing; used ticker fallback
ENT002927,OXY,OXY,OXY,,TRUE,Unknown,Unknown,GSE580_theta_data.csv,2026-05-08,0.80,parent relationships not resolved in v0; company_name missing; used ticker fallback; country unknown
ENT002928,OZ,OZ,OZ,,TRUE,Unknown,Unknown,GSE580_theta_data.csv,2026-05-08,0.80,parent relationships not resolved in v0; company_name missing; used ticker fallback; country unknown
ENT002929,OZK,OZK,OZK,,TRUE,Unknown,Unknown,GSE580_theta_data.csv,2026-05-08,0.80,parent relationships not resolved in v0; company_name missing; used ticker fallback; country unknown
ENT002930,PAA,PAA,PAA,,TRUE,Unknown,Unknown,GSE580_theta_data.csv,2026-05-08,0.80,parent relationships not resolved in v0; company_name missing; used ticker fallback; country unknown
ENT002931,PAC,PAC,PAC,,TRUE,Unknown,Unknown,GSE580_theta_data.csv,2026-05-08,0.80,parent relationships not resolved in v0; company_name missing; used ticker fallback; country unknown
ENT002932,PACB,PACB,PACB,,TRUE,Unknown,Unknown,GSE580_theta_data.csv,2026-05-08,0.80,parent relationships not resolved in v0; company_name missing; used ticker fallback; country unknown
ENT002933,PACK,PACK,PACK,,TRUE,Unknown,Unknown,GSE580_theta_data.csv,2026-05-08,0.80,parent relationships not resolved in v0; company_name missing; used ticker fallback; country unknown
ENT002934,PACS,PACS,PACS,,TRUE,Unknown,Unknown,GSE580_theta_data.csv,2026-05-08,0.80,parent relationships not resolved in v0; company_name missing; used ticker fallback; country unknown
ENT002935,PAG,PAG,PAG,,TRUE,Unknown,Unknown,GSE580_theta_data.csv,2026-05-08,0.80,parent relationships not resolved in v0; company_name missing; used ticker fallback; country unknown
ENT002936,PAGP,PAGP,PAGP,,TRUE,Unknown,Unknown,GSE580_theta_data.csv,2026-05-08,0.80,parent relationships not resolved in v0; company_name missing; used ticker fallback; country unknown
ENT002937,PAGS,PAGS,PAGS,,TRUE,Unknown,Unknown,GSE580_theta_data.csv,2026-05-08,0.80,parent relationships not resolved in v0; company_name missing; used ticker fallback; country unknown
ENT002938,PAHC,PAHC,PAHC,,TRUE,Unknown,Unknown,GSE580_theta_data.csv,2026-05-08,0.80,parent relationships not resolved in v0; company_name missing; used ticker fallback; country unknown
ENT002939,PAL,PAL,PAL,,TRUE,Unknown,Unknown,GSE580_theta_data.csv,2026-05-08,0.80,parent relationships not resolved in v0; company_name missing; used ticker fallback; country unknown
ENT002940,PAMT,PAMT,PAMT,,TRUE,Unknown,Unknown,GSE580_theta_data.csv,2026-05-08,0.80,parent relationships not resolved in v0; company_name missing; used ticker fallback; country unknown
ENT002941,PANL,PANL,PANL,,TRUE,Unknown,Unknown,GSE580_theta_data.csv,2026-05-08,0.80,parent relationships not resolved in v0; company_name missing; used ticker fallback; country unknown
ENT002942,PANW,PANW,PANW,,TRUE,Unknown,Unknown,GSE580_theta_data.csv,2026-05-08,0.80,parent relationships not resolved in v0; company_name missing; used ticker fallback; country unknown
ENT002943,PAR,PAR,PAR,,TRUE,Unknown,Unknown,GSE580_theta_data.csv,2026-05-08,0.80,parent relationships not resolved in v0; company_name missing; used ticker fallback; country unknown
ENT002944,PARR,PARR,PARR,,TRUE,Unknown,Unknown,GSE580_theta_data.csv,2026-05-08,0.80,parent relationships not resolved in v0; company_name missing; used ticker fallback; country unknown
ENT002945,PATH,PATH,PATH,,TRUE,Unknown,Unknown,GSE580_theta_data.csv,2026-05-08,0.80,parent relationships not resolved in v0; company_name missing; used ticker fallback; country unknown
ENT002946,PATK,PATK,PATK,,TRUE,Unknown,Unknown,GSE580_theta_data.csv,2026-05-08,0.80,parent relationships not resolved in v0; company_name missing; used ticker fallback; country unknown
ENT002947,PAX,PAX,PAX,,TRUE,Unknown,Unknown,GSE580_theta_data.csv,2026-05-08,0.80,parent relationships not resolved in v0; company_name missing; used ticker fallback; country unknown
ENT002948,PAY,PAY,PAY,,TRUE,Unknown,Unknown,GSE580_theta_data.csv,2026-05-08,0.80,parent relationships not resolved in v0; company_name missing; used ticker fallback; country unknown
ENT002949,PAYC,PAYC,PAYC,,TRUE,United States,North America,GSE580_theta_data.csv,2026-05-08,0.80,parent relationships not resolved in v0; company_name missing; used ticker fallback
ENT002950,PAYO,PAYO,PAYO,,TRUE,Unknown,Unknown,GSE580_theta_data.csv,2026-05-08,0.80,parent relationships not resolved in v0; company_name missing; used ticker fallback; country unknown
ENT002951,PAYS,PAYS,PAYS,,TRUE,Unknown,Unknown,GSE580_theta_data.csv,2026-05-08,0.80,parent relationships not resolved in v0; company_name missing; used ticker fallback; country unknown
ENT002952,PAYX,PAYX,PAYX,,TRUE,Unknown,Unknown,GSE580_theta_data.csv,2026-05-08,0.80,parent relationships not resolved in v0; company_name missing; used ticker fallback; country unknown
ENT002953,PB,PB,PB,,TRUE,Unknown,Unknown,GSE580_theta_data.csv,2026-05-08,0.80,parent relationships not resolved in v0; company_name missing; used ticker fallback; country unknown
ENT002954,PBF,PBF,PBF,,TRUE,Unknown,Unknown,GSE580_theta_data.csv,2026-05-08,0.80,parent relationships not resolved in v0; company_name missing; used ticker fallback; country unknown
ENT002955,PBH,PBH,PBH,,TRUE,Unknown,Unknown,GSE580_theta_data.csv,2026-05-08,0.80,parent relationships not resolved in v0; company_name missing; used ticker fallback; country unknown
ENT002956,PBI,PBI,PBI,,TRUE,United States,North America,GSE580_theta_data.csv,2026-05-08,0.80,parent relationships not resolved in v0; company_name missing; used ticker fallback
ENT002957,PCAR,PCAR,PCAR,,TRUE,Unknown,Unknown,GSE580_theta_data.csv,2026-05-08,0.80,parent relationships not resolved in v0; company_name missing; used ticker fallback; country unknown
ENT002958,PCG,PCG,PCG,,TRUE,Unknown,Unknown,GSE580_theta_data.csv,2026-05-08,0.80,parent relationships not resolved in v0; company_name missing; used ticker fallback; country unknown
ENT002959,PCH,PCH,PCH,,TRUE,Unknown,Unknown,GSE580_theta_data.csv,2026-05-08,0.80,parent relationships not resolved in v0; company_name missing; used ticker fallback; country unknown
ENT002960,PCOR,PCOR,PCOR,,TRUE,Unknown,Unknown,GSE580_theta_data.csv,2026-05-08,0.80,parent relationships not resolved in v0; company_name missing; used ticker fallback; country unknown
ENT002961,PCRX,PCRX,PCRX,,TRUE,United States,North America,GSE580_theta_data.csv,2026-05-08,0.80,parent relationships not resolved in v0; company_name missing; used ticker fallback
ENT002962,PCT,PCT,PCT,,TRUE,Unknown,Unknown,GSE580_theta_data.csv,2026-05-08,0.80,parent relationships not resolved in v0; company_name missing; used ticker fallback; country unknown
ENT002963,PCTY,PCTY,PCTY,,TRUE,Unknown,Unknown,GSE580_theta_data.csv,2026-05-08,0.80,parent relationships not resolved in v0; company_name missing; used ticker fallback; country unknown
ENT002964,PCYO,PCYO,PCYO,,TRUE,Unknown,Unknown,GSE580_theta_data.csv,2026-05-08,0.80,parent relationships not resolved in v0; company_name missing; used ticker fallback; country unknown
ENT002965,PD,PD,PD,,TRUE,Unknown,Unknown,GSE580_theta_data.csv,2026-05-08,0.80,parent relationships not resolved in v0; company_name missing; used ticker fallback; country unknown
ENT002966,PDD,PDD,PDD,,TRUE,Unknown,Unknown,GSE580_theta_data.csv,2026-05-08,0.80,parent relationships not resolved in v0; company_name missing; used ticker fallback; country unknown
ENT002967,PDEX,PDEX,PDEX,,TRUE,Unknown,Unknown,GSE580_theta_data.csv,2026-05-08,0.80,parent relationships not resolved in v0; company_name missing; used ticker fallback; country unknown
ENT002968,PDFS,PDFS,PDFS,,TRUE,Unknown,Unknown,GSE580_theta_data.csv,2026-05-08,0.80,parent relationships not resolved in v0; company_name missing; used ticker fallback; country unknown
ENT002969,PDIV,PDIV,PDIV,,TRUE,Unknown,Unknown,GSE580_theta_data.csv,2026-05-08,0.80,parent relationships not resolved in v0; company_name missing; used ticker fallback; country unknown
ENT002970,PDM,PDM,PDM,,TRUE,Unknown,Unknown,GSE580_theta_data.csv,2026-05-08,0.80,parent relationships not resolved in v0; company_name missing; used ticker fallback; country unknown
ENT002971,PDS,PDS,PDS,,TRUE,Unknown,Unknown,GSE580_theta_data.csv,2026-05-08,0.80,parent relationships not resolved in v0; company_name missing; used ticker fallback; country unknown
ENT002972,PDYN,PDYN,PDYN,,TRUE,Unknown,Unknown,GSE580_theta_data.csv,2026-05-08,0.80,parent relationships not resolved in v0; company_name missing; used ticker fallback; country unknown
ENT002973,PEB,PEB,PEB,,TRUE,United States,North America,GSE580_theta_data.csv,2026-05-08,0.80,parent relationships not resolved in v0; company_name missing; used ticker fallback
ENT002974,PECO,PECO,PE,,TRUE,Unknown,Unknown,GSE580_theta_data.csv,2026-05-08,0.80,parent relationships not resolved in v0; company_name missing; used ticker fallback; country unknown
ENT002975,PEG,PEG,PEG,,TRUE,Unknown,Unknown,GSE580_theta_data.csv,2026-05-08,0.80,parent relationships not resolved in v0; company_name missing; used ticker fallback; country unknown
ENT002976,PEGA,PEGA,PEGA,,TRUE,Unknown,Unknown,GSE580_theta_data.csv,2026-05-08,0.80,parent relationships not resolved in v0; company_name missing; used ticker fallback; country unknown
ENT002977,PEN,PEN,PEN,,TRUE,Unknown,Unknown,GSE580_theta_data.csv,2026-05-08,0.80,parent relationships not resolved in v0; company_name missing; used ticker fallback; country unknown
ENT002978,PENG,PENG,PENG,,TRUE,United States,North America,GSE580_theta_data.csv,2026-05-08,0.80,parent relationships not resolved in v0; company_name missing; used ticker fallback
ENT002979,PENN,PENN,PENN,,TRUE,United States,North America,GSE580_theta_data.csv,2026-05-08,0.80,parent relationships not resolved in v0; company_name missing; used ticker fallback
ENT002980,PEP,PEP,PEP,,TRUE,Unknown,Unknown,GSE580_theta_data.csv,2026-05-08,0.80,parent relationships not resolved in v0; company_name missing; used ticker fallback; country unknown
ENT002981,PERF,PERF,PERF,,TRUE,Unknown,Unknown,GSE580_theta_data.csv,2026-05-08,0.80,parent relationships not resolved in v0; company_name missing; used ticker fallback; country unknown
ENT002982,PERI,PERI,PERI,,TRUE,Unknown,Unknown,GSE580_theta_data.csv,2026-05-08,0.80,parent relationships not resolved in v0; company_name missing; used ticker fallback; country unknown
ENT002983,PESI,PESI,PESI,,TRUE,Unknown,Unknown,GSE580_theta_data.csv,2026-05-08,0.80,parent relationships not resolved in v0; company_name missing; used ticker fallback; country unknown
ENT002984,PEW,PEW,PEW,,TRUE,Unknown,Unknown,GSE580_theta_data.csv,2026-05-08,0.80,parent relationships not resolved in v0; company_name missing; used ticker fallback; country unknown
ENT002985,PFBC,PFBC,PFBC,,TRUE,Unknown,Unknown,GSE580_theta_data.csv,2026-05-08,0.80,parent relationships not resolved in v0; company_name missing; used ticker fallback; country unknown
ENT002986,PFE,PFE,PFE,,TRUE,Unknown,Unknown,GSE580_theta_data.csv,2026-05-08,0.80,parent relationships not resolved in v0; company_name missing; used ticker fallback; country unknown
ENT002987,PFG,PFG,PFG,,TRUE,Unknown,Unknown,GSE580_theta_data.csv,2026-05-08,0.80,parent relationships not resolved in v0; company_name missing; used ticker fallback; country unknown
ENT002988,PFGC,PFGC,PFGC,,TRUE,United States,North America,GSE580_theta_data.csv,2026-05-08,0.80,parent relationships not resolved in v0; company_name missing; used ticker fallback
ENT002989,PFSI,PFSI,PFSI,,TRUE,Unknown,Unknown,GSE580_theta_data.csv,2026-05-08,0.80,parent relationships not resolved in v0; company_name missing; used ticker fallback; country unknown
ENT002990,PG,PG,PG,,TRUE,Unknown,Unknown,GSE580_theta_data.csv,2026-05-08,0.80,parent relationships not resolved in v0; company_name missing; used ticker fallback; country unknown
ENT002991,PGNY,PGNY,PGNY,,TRUE,United States,North America,GSE580_theta_data.csv,2026-05-08,0.80,parent relationships not resolved in v0; company_name missing; used ticker fallback
ENT002992,PGR,PGR,PGR,,TRUE,Unknown,Unknown,GSE580_theta_data.csv,2026-05-08,0.80,parent relationships not resolved in v0; company_name missing; used ticker fallback; country unknown
ENT002993,PGY,PGY,PGY,,TRUE,Unknown,Unknown,GSE580_theta_data.csv,2026-05-08,0.80,parent relationships not resolved in v0; company_name missing; used ticker fallback; country unknown
ENT002994,PH,PH,PH,,TRUE,Unknown,Unknown,GSE580_theta_data.csv,2026-05-08,0.80,parent relationships not resolved in v0; company_name missing; used ticker fallback; country unknown
ENT002995,PHAT,PHAT,PHAT,,TRUE,Unknown,Unknown,GSE580_theta_data.csv,2026-05-08,0.80,parent relationships not resolved in v0; company_name missing; used ticker fallback; country unknown
ENT002996,PHCI,PHCI,PHCI,,TRUE,Unknown,Unknown,GSE580_theta_data.csv,2026-05-08,0.80,parent relationships not resolved in v0; company_name missing; used ticker fallback; country unknown
ENT002997,PHG,PHG,PHG,,TRUE,Unknown,Unknown,GSE580_theta_data.csv,2026-05-08,0.80,parent relationships not resolved in v0; company_name missing; used ticker fallback; country unknown
ENT002998,PHI,PHI,PHI,,TRUE,Unknown,Unknown,GSE580_theta_data.csv,2026-05-08,0.80,parent relationships not resolved in v0; company_name missing; used ticker fallback; country unknown
ENT002999,PHIG,PHIG,PHIG,,TRUE,Unknown,Unknown,GSE580_theta_data.csv,2026-05-08,0.80,parent relationships not resolved in v0; company_name missing; used ticker fallback; country unknown
ENT003000,PHIN,PHIN,PHIN,,TRUE,Unknown,Unknown,GSE580_theta_data.csv,2026-05-08,0.80,parent relationships not resolved in v0; company_name missing; used ticker fallback; country unknown
ENT003001,PHM,PHM,PHM,,TRUE,United States,North America,GSE580_theta_data.csv,2026-05-08,0.80,parent relationships not resolved in v0; company_name missing; used ticker fallback
ENT003002,PHOE,PHOE,PHOE,,TRUE,Unknown,Unknown,GSE580_theta_data.csv,2026-05-08,0.80,parent relationships not resolved in v0; company_name missing; used ticker fallback; country unknown
ENT003003,PHR,PHR,PHR,,TRUE,Unknown,Unknown,GSE580_theta_data.csv,2026-05-08,0.80,parent relationships not resolved in v0; company_name missing; used ticker fallback; country unknown
ENT003004,PHSE,PHSE,PHSE,,TRUE,Unknown,Unknown,GSE580_theta_data.csv,2026-05-08,0.80,parent relationships not resolved in v0; company_name missing; used ticker fallback; country unknown
ENT003005,PHVS,PHVS,PHVS,,TRUE,Unknown,Unknown,GSE580_theta_data.csv,2026-05-08,0.80,parent relationships not resolved in v0; company_name missing; used ticker fallback; country unknown
ENT003006,PI,PI,PI,,TRUE,Unknown,Unknown,GSE580_theta_data.csv,2026-05-08,0.80,parent relationships not resolved in v0; company_name missing; used ticker fallback; country unknown
ENT003007,PII,PII,PII,,TRUE,Unknown,Unknown,GSE580_theta_data.csv,2026-05-08,0.80,parent relationships not resolved in v0; company_name missing; used ticker fallback; country unknown
ENT003008,PINC,PINC,P,,TRUE,Unknown,Unknown,GSE580_theta_data.csv,2026-05-08,0.80,parent relationships not resolved in v0; company_name missing; used ticker fallback; country unknown
ENT003009,PINE,PINE,PINE,,TRUE,Unknown,Unknown,GSE580_theta_data.csv,2026-05-08,0.80,parent relationships not resolved in v0; company_name missing; used ticker fallback; country unknown
ENT003010,PINS,PINS,PINS,,TRUE,Unknown,Unknown,GSE580_theta_data.csv,2026-05-08,0.80,parent relationships not resolved in v0; company_name missing; used ticker fallback; country unknown
ENT003011,PIPR,PIPR,PIPR,,TRUE,United States,North America,GSE580_theta_data.csv,2026-05-08,0.80,parent relationships not resolved in v0; company_name missing; used ticker fallback
ENT003012,PJT,PJT,PJT,,TRUE,Unknown,Unknown,GSE580_theta_data.csv,2026-05-08,0.80,parent relationships not resolved in v0; company_name missing; used ticker fallback; country unknown
ENT003013,PK,PK,PK,,TRUE,Unknown,Unknown,GSE580_theta_data.csv,2026-05-08,0.80,parent relationships not resolved in v0; company_name missing; used ticker fallback; country unknown
ENT003014,PKE,PKE,PKE,,TRUE,Unknown,Unknown,GSE580_theta_data.csv,2026-05-08,0.80,parent relationships not resolved in v0; company_name missing; used ticker fallback; country unknown
ENT003015,PKG,PKG,PKG,,TRUE,United States,North America,GSE580_theta_data.csv,2026-05-08,0.80,parent relationships not resolved in v0; company_name missing; used ticker fallback
ENT003016,PKIN,PKIN,PKIN,,TRUE,Unknown,Unknown,GSE580_theta_data.csv,2026-05-08,0.80,parent relationships not resolved in v0; company_name missing; used ticker fallback; country unknown
ENT003017,PKOH,PKOH,PKOH,,TRUE,Unknown,Unknown,GSE580_theta_data.csv,2026-05-08,0.80,parent relationships not resolved in v0; company_name missing; used ticker fallback; country unknown
ENT003018,PKST,PKST,PKST,,TRUE,Unknown,Unknown,GSE580_theta_data.csv,2026-05-08,0.80,parent relationships not resolved in v0; company_name missing; used ticker fallback; country unknown
ENT003019,PL,PL,PL,,TRUE,Unknown,Unknown,GSE580_theta_data.csv,2026-05-08,0.80,parent relationships not resolved in v0; company_name missing; used ticker fallback; country unknown
ENT003020,PLAB,PLAB,PLAB,,TRUE,Unknown,Unknown,GSE580_theta_data.csv,2026-05-08,0.80,parent relationships not resolved in v0; company_name missing; used ticker fallback; country unknown
ENT003021,PLAY,PLAY,PLAY,,TRUE,Unknown,Unknown,GSE580_theta_data.csv,2026-05-08,0.80,parent relationships not resolved in v0; company_name missing; used ticker fallback; country unknown
ENT003022,PLBL,PLBL,PLBL,,TRUE,Unknown,Unknown,GSE580_theta_data.csv,2026-05-08,0.80,parent relationships not resolved in v0; company_name missing; used ticker fallback; country unknown
ENT003023,PLBY,PLBY,PLBY,,TRUE,Unknown,Unknown,GSE580_theta_data.csv,2026-05-08,0.80,parent relationships not resolved in v0; company_name missing; used ticker fallback; country unknown
ENT003024,PLCE,PLCE,PLCE,,TRUE,Unknown,Unknown,GSE580_theta_data.csv,2026-05-08,0.80,parent relationships not resolved in v0; company_name missing; used ticker fallback; country unknown
ENT003025,PLD,PLD,PLD,,TRUE,Unknown,Unknown,GSE580_theta_data.csv,2026-05-08,0.80,parent relationships not resolved in v0; company_name missing; used ticker fallback; country unknown
ENT003026,PLMR,PLMR,PLMR,,TRUE,United States,North America,GSE580_theta_data.csv,2026-05-08,0.80,parent relationships not resolved in v0; company_name missing; used ticker fallback
ENT003027,PLNT,PLNT,PLNT,,TRUE,Unknown,Unknown,GSE580_theta_data.csv,2026-05-08,0.80,parent relationships not resolved in v0; company_name missing; used ticker fallback; country unknown
ENT003028,PLOW,PLOW,PLOW,,TRUE,Unknown,Unknown,GSE580_theta_data.csv,2026-05-08,0.80,parent relationships not resolved in v0; company_name missing; used ticker fallback; country unknown
ENT003029,PLPC,PLPC,PLPC,,TRUE,Unknown,Unknown,GSE580_theta_data.csv,2026-05-08,0.80,parent relationships not resolved in v0; company_name missing; used ticker fallback; country unknown
ENT003030,PLRX,PLRX,PLRX,,TRUE,Unknown,Unknown,GSE580_theta_data.csv,2026-05-08,0.80,parent relationships not resolved in v0; company_name missing; used ticker fallback; country unknown
ENT003031,PLSE,PLSE,PLSE,,TRUE,Unknown,Unknown,GSE580_theta_data.csv,2026-05-08,0.80,parent relationships not resolved in v0; company_name missing; used ticker fallback; country unknown
ENT003032,PLTK,PLTK,PLTK,,TRUE,Unknown,Unknown,GSE580_theta_data.csv,2026-05-08,0.80,parent relationships not resolved in v0; company_name missing; used ticker fallback; country unknown
ENT003033,PLTR,PLTR,PLTR,,TRUE,United States,North America,GSE580_theta_data.csv,2026-05-08,0.80,parent relationships not resolved in v0; company_name missing; used ticker fallback
ENT003034,PLUG,PLUG,PLUG,,TRUE,United States,North America,GSE580_theta_data.csv,2026-05-08,0.80,parent relationships not resolved in v0; company_name missing; used ticker fallback
ENT003035,PLUS,PLUS,PLUS,,TRUE,Unknown,Unknown,GSE580_theta_data.csv,2026-05-08,0.80,parent relationships not resolved in v0; company_name missing; used ticker fallback; country unknown
ENT003036,PLXS,PLXS,PLXS,,TRUE,Unknown,Unknown,GSE580_theta_data.csv,2026-05-08,0.80,parent relationships not resolved in v0; company_name missing; used ticker fallback; country unknown
ENT003037,PM,PM,PM,,TRUE,Unknown,Unknown,GSE580_theta_data.csv,2026-05-08,0.80,parent relationships not resolved in v0; company_name missing; used ticker fallback; country unknown
ENT003038,PMI,PMI,PMI,,TRUE,Unknown,Unknown,GSE580_theta_data.csv,2026-05-08,0.80,parent relationships not resolved in v0; company_name missing; used ticker fallback; country unknown
ENT003039,PMT,PMT,PMT,,TRUE,Unknown,Unknown,GSE580_theta_data.csv,2026-05-08,0.80,parent relationships not resolved in v0; company_name missing; used ticker fallback; country unknown
ENT003040,PMTS,PMTS,PMTS,,TRUE,United States,North America,GSE580_theta_data.csv,2026-05-08,0.80,parent relationships not resolved in v0; company_name missing; used ticker fallback
ENT003041,PNC,PNC,PNC,,TRUE,Unknown,Unknown,GSE580_theta_data.csv,2026-05-08,0.80,parent relationships not resolved in v0; company_name missing; used ticker fallback; country unknown
ENT003042,PNR,PNR,PNR,,TRUE,Unknown,Unknown,GSE580_theta_data.csv,2026-05-08,0.80,parent relationships not resolved in v0; company_name missing; used ticker fallback; country unknown
ENT003043,PNTG,PNTG,PNTG,,TRUE,Unknown,Unknown,GSE580_theta_data.csv,2026-05-08,0.80,parent relationships not resolved in v0; company_name missing; used ticker fallback; country unknown
ENT003044,PNW,PNW,PNW,,TRUE,Unknown,Unknown,GSE580_theta_data.csv,2026-05-08,0.80,parent relationships not resolved in v0; company_name missing; used ticker fallback; country unknown
ENT003045,PODD,PODD,PODD,,TRUE,Unknown,Unknown,GSE580_theta_data.csv,2026-05-08,0.80,parent relationships not resolved in v0; company_name missing; used ticker fallback; country unknown
ENT003046,POET,POET,POET,,TRUE,Unknown,Unknown,GSE580_theta_data.csv,2026-05-08,0.80,parent relationships not resolved in v0; company_name missing; used ticker fallback; country unknown
ENT003047,POM,POM,POM,,TRUE,Unknown,Unknown,GSE580_theta_data.csv,2026-05-08,0.80,parent relationships not resolved in v0; company_name missing; used ticker fallback; country unknown
ENT003048,PONY,PONY,PONY,,TRUE,Unknown,Unknown,GSE580_theta_data.csv,2026-05-08,0.80,parent relationships not resolved in v0; company_name missing; used ticker fallback; country unknown
ENT003049,POOL,POOL,POOL,,TRUE,Unknown,Unknown,GSE580_theta_data.csv,2026-05-08,0.80,parent relationships not resolved in v0; company_name missing; used ticker fallback; country unknown
ENT003050,POR,POR,POR,,TRUE,Unknown,Unknown,GSE580_theta_data.csv,2026-05-08,0.80,parent relationships not resolved in v0; company_name missing; used ticker fallback; country unknown
ENT003051,POST,POST,POST,,TRUE,Unknown,Unknown,GSE580_theta_data.csv,2026-05-08,0.80,parent relationships not resolved in v0; company_name missing; used ticker fallback; country unknown
ENT003052,POWI,POWI,POWI,,TRUE,Unknown,Unknown,GSE580_theta_data.csv,2026-05-08,0.80,parent relationships not resolved in v0; company_name missing; used ticker fallback; country unknown
ENT003053,POWL,POWL,POWL,,TRUE,Unknown,Unknown,GSE580_theta_data.csv,2026-05-08,0.80,parent relationships not resolved in v0; company_name missing; used ticker fallback; country unknown
ENT003054,POWW,POWW,POWW,,TRUE,Unknown,Unknown,GSE580_theta_data.csv,2026-05-08,0.80,parent relationships not resolved in v0; company_name missing; used ticker fallback; country unknown
ENT003055,PPC,PPC,PPC,,TRUE,Unknown,Unknown,GSE580_theta_data.csv,2026-05-08,0.80,parent relationships not resolved in v0; company_name missing; used ticker fallback; country unknown
ENT003056,PPG,PPG,PPG,,TRUE,Unknown,Unknown,GSE580_theta_data.csv,2026-05-08,0.80,parent relationships not resolved in v0; company_name missing; used ticker fallback; country unknown
ENT003057,PPIH,PPIH,PPIH,,TRUE,Unknown,Unknown,GSE580_theta_data.csv,2026-05-08,0.80,parent relationships not resolved in v0; company_name missing; used ticker fallback; country unknown
ENT003058,PPL,PPL,PPL,,TRUE,Unknown,Unknown,GSE580_theta_data.csv,2026-05-08,0.80,parent relationships not resolved in v0; company_name missing; used ticker fallback; country unknown
ENT003059,PRA,PRA,PRA,,TRUE,Unknown,Unknown,GSE580_theta_data.csv,2026-05-08,0.80,parent relationships not resolved in v0; company_name missing; used ticker fallback; country unknown
ENT003060,PRAA,PRAA,PRAA,,TRUE,Unknown,Unknown,GSE580_theta_data.csv,2026-05-08,0.80,parent relationships not resolved in v0; company_name missing; used ticker fallback; country unknown
ENT003061,PRCH,PRCH,PRCH,,TRUE,United States,North America,GSE580_theta_data.csv,2026-05-08,0.80,parent relationships not resolved in v0; company_name missing; used ticker fallback
ENT003062,PRCT,PRCT,PRCT,,TRUE,Unknown,Unknown,GSE580_theta_data.csv,2026-05-08,0.80,parent relationships not resolved in v0; company_name missing; used ticker fallback; country unknown
ENT003063,PRDO,PRDO,PRDO,,TRUE,Unknown,Unknown,GSE580_theta_data.csv,2026-05-08,0.80,parent relationships not resolved in v0; company_name missing; used ticker fallback; country unknown
ENT003064,PRE,PRE,PRE,,TRUE,Unknown,Unknown,GSE580_theta_data.csv,2026-05-08,0.80,parent relationships not resolved in v0; company_name missing; used ticker fallback; country unknown
ENT003065,PRG,PRG,PRG,,TRUE,Unknown,Unknown,GSE580_theta_data.csv,2026-05-08,0.80,parent relationships not resolved in v0; company_name missing; used ticker fallback; country unknown
ENT003066,PRGO,PRGO,PRGO,,TRUE,Unknown,Unknown,GSE580_theta_data.csv,2026-05-08,0.80,parent relationships not resolved in v0; company_name missing; used ticker fallback; country unknown
ENT003067,PRGS,PRGS,PRGS,,TRUE,Unknown,Unknown,GSE580_theta_data.csv,2026-05-08,0.80,parent relationships not resolved in v0; company_name missing; used ticker fallback; country unknown
ENT003068,PRI,PRI,PRI,,TRUE,Unknown,Unknown,GSE580_theta_data.csv,2026-05-08,0.80,parent relationships not resolved in v0; company_name missing; used ticker fallback; country unknown
ENT003069,PRIM,PRIM,PRIM,,TRUE,Unknown,Unknown,GSE580_theta_data.csv,2026-05-08,0.80,parent relationships not resolved in v0; company_name missing; used ticker fallback; country unknown
ENT003070,PRKS,PRKS,PRKS,,TRUE,Unknown,Unknown,GSE580_theta_data.csv,2026-05-08,0.80,parent relationships not resolved in v0; company_name missing; used ticker fallback; country unknown
ENT003071,PRLB,PRLB,PRLB,,TRUE,Unknown,Unknown,GSE580_theta_data.csv,2026-05-08,0.80,parent relationships not resolved in v0; company_name missing; used ticker fallback; country unknown
ENT003072,PRM,PRM,PRM,,TRUE,Unknown,Unknown,GSE580_theta_data.csv,2026-05-08,0.80,parent relationships not resolved in v0; company_name missing; used ticker fallback; country unknown
ENT003073,PRMB,PRMB,PRMB,,TRUE,Unknown,Unknown,GSE580_theta_data.csv,2026-05-08,0.80,parent relationships not resolved in v0; company_name missing; used ticker fallback; country unknown
ENT003074,PRO,PRO,PRO,,TRUE,Unknown,Unknown,GSE580_theta_data.csv,2026-05-08,0.80,parent relationships not resolved in v0; company_name missing; used ticker fallback; country unknown
ENT003075,PROF,PROF,PROF,,TRUE,Unknown,Unknown,GSE580_theta_data.csv,2026-05-08,0.80,parent relationships not resolved in v0; company_name missing; used ticker fallback; country unknown
ENT003076,PRPL,PRPL,PRPL,,TRUE,United States,North America,GSE580_theta_data.csv,2026-05-08,0.80,parent relationships not resolved in v0; company_name missing; used ticker fallback
ENT003077,PRSU,PRSU,PRSU,,TRUE,Unknown,Unknown,GSE580_theta_data.csv,2026-05-08,0.80,parent relationships not resolved in v0; company_name missing; used ticker fallback; country unknown
ENT003078,PRTH,PRTH,PRTH,,TRUE,Unknown,Unknown,GSE580_theta_data.csv,2026-05-08,0.80,parent relationships not resolved in v0; company_name missing; used ticker fallback; country unknown
ENT003079,PRU,PRU,PRU,,TRUE,Unknown,Unknown,GSE580_theta_data.csv,2026-05-08,0.80,parent relationships not resolved in v0; company_name missing; used ticker fallback; country unknown
ENT003080,PRVA,PRVA,PRVA,,TRUE,Unknown,Unknown,GSE580_theta_data.csv,2026-05-08,0.80,parent relationships not resolved in v0; company_name missing; used ticker fallback; country unknown
ENT003081,PSA,PSA,PSA,,TRUE,Unknown,Unknown,GSE580_theta_data.csv,2026-05-08,0.80,parent relationships not resolved in v0; company_name missing; used ticker fallback; country unknown
ENT003082,PSE:AC,PSE:AC,PSE:AC,,TRUE,Unknown,Unknown,GSE580_theta_data.csv,2026-05-08,0.80,parent relationships not resolved in v0; company_name missing; used ticker fallback; country unknown
ENT003083,PSE:GLO,PSE:GLO,PSE:GLO,,TRUE,Unknown,Unknown,GSE580_theta_data.csv,2026-05-08,0.80,parent relationships not resolved in v0; company_name missing; used ticker fallback; country unknown
ENT003084,PSE:JFC,PSE:JFC,PSE:JFC,,TRUE,Unknown,Unknown,GSE580_theta_data.csv,2026-05-08,0.80,parent relationships not resolved in v0; company_name missing; used ticker fallback; country unknown
ENT003085,PSE:SM,PSE:SM,PSE:SM,,TRUE,Unknown,Unknown,GSE580_theta_data.csv,2026-05-08,0.80,parent relationships not resolved in v0; company_name missing; used ticker fallback; country unknown
ENT003086,PSFE,PSFE,PSFE,,TRUE,Unknown,Unknown,GSE580_theta_data.csv,2026-05-08,0.80,parent relationships not resolved in v0; company_name missing; used ticker fallback; country unknown
ENT003087,PSIX,PSIX,PSIX,,TRUE,Unknown,Unknown,GSE580_theta_data.csv,2026-05-08,0.80,parent relationships not resolved in v0; company_name missing; used ticker fallback; country unknown
ENT003088,PSKY,PSKY,PSKY,,TRUE,Unknown,Unknown,GSE580_theta_data.csv,2026-05-08,0.80,parent relationships not resolved in v0; company_name missing; used ticker fallback; country unknown
ENT003089,PSMT,PSMT,PSMT,,TRUE,Unknown,Unknown,GSE580_theta_data.csv,2026-05-08,0.80,parent relationships not resolved in v0; company_name missing; used ticker fallback; country unknown
ENT003090,PSN,PSN,PSN,,TRUE,Unknown,Unknown,GSE580_theta_data.csv,2026-05-08,0.80,parent relationships not resolved in v0; company_name missing; used ticker fallback; country unknown
ENT003091,PSNL,PSNL,PSNL,,TRUE,United States,North America,GSE580_theta_data.csv,2026-05-08,0.80,parent relationships not resolved in v0; company_name missing; used ticker fallback
ENT003092,PSNY,PSNY,PSNY,,TRUE,Unknown,Unknown,GSE580_theta_data.csv,2026-05-08,0.80,parent relationships not resolved in v0; company_name missing; used ticker fallback; country unknown
ENT003093,PSO,PSO,PSO,,TRUE,Unknown,Unknown,GSE580_theta_data.csv,2026-05-08,0.80,parent relationships not resolved in v0; company_name missing; used ticker fallback; country unknown
ENT003094,PSTG,PSTG,PSTG,,TRUE,Unknown,Unknown,GSE580_theta_data.csv,2026-05-08,0.80,parent relationships not resolved in v0; company_name missing; used ticker fallback; country unknown
ENT003095,PSTL,PSTL,PSTL,,TRUE,Unknown,Unknown,GSE580_theta_data.csv,2026-05-08,0.80,parent relationships not resolved in v0; company_name missing; used ticker fallback; country unknown
ENT003096,PSX,PSX,PSX,,TRUE,Unknown,Unknown,GSE580_theta_data.csv,2026-05-08,0.80,parent relationships not resolved in v0; company_name missing; used ticker fallback; country unknown
ENT003097,PTC,PTC,PTC,,TRUE,Unknown,Unknown,GSE580_theta_data.csv,2026-05-08,0.80,parent relationships not resolved in v0; company_name missing; used ticker fallback; country unknown
ENT003098,PTEN,PTEN,PTEN,,TRUE,Unknown,Unknown,GSE580_theta_data.csv,2026-05-08,0.80,parent relationships not resolved in v0; company_name missing; used ticker fallback; country unknown
ENT003099,PTLO,PTLO,PTLO,,TRUE,Unknown,Unknown,GSE580_theta_data.csv,2026-05-08,0.80,parent relationships not resolved in v0; company_name missing; used ticker fallback; country unknown
ENT003100,PTON,PTON,PTON,,TRUE,Unknown,Unknown,GSE580_theta_data.csv,2026-05-08,0.80,parent relationships not resolved in v0; company_name missing; used ticker fallback; country unknown
ENT003101,PTRN,PTRN,PTRN,,TRUE,Unknown,Unknown,GSE580_theta_data.csv,2026-05-08,0.80,parent relationships not resolved in v0; company_name missing; used ticker fallback; country unknown
ENT003102,PUBGY,PUBGY,PUBGY,,TRUE,Unknown,Unknown,GSE580_theta_data.csv,2026-05-08,0.80,parent relationships not resolved in v0; company_name missing; used ticker fallback; country unknown
ENT003103,PUBM,PUBM,PUBM,,TRUE,Unknown,Unknown,GSE580_theta_data.csv,2026-05-08,0.80,parent relationships not resolved in v0; company_name missing; used ticker fallback; country unknown
ENT003104,PUK,PUK,PUK,,TRUE,Unknown,Unknown,GSE580_theta_data.csv,2026-05-08,0.80,parent relationships not resolved in v0; company_name missing; used ticker fallback; country unknown
ENT003105,PUMP,PUMP,PUMP,,TRUE,Unknown,Unknown,GSE580_theta_data.csv,2026-05-08,0.80,parent relationships not resolved in v0; company_name missing; used ticker fallback; country unknown
ENT003106,PVH,PVH,PVH,,TRUE,Unknown,Unknown,GSE580_theta_data.csv,2026-05-08,0.80,parent relationships not resolved in v0; company_name missing; used ticker fallback; country unknown
ENT003107,PWP,PWP,PWP,,TRUE,Unknown,Unknown,GSE580_theta_data.csv,2026-05-08,0.80,parent relationships not resolved in v0; company_name missing; used ticker fallback; country unknown
ENT003108,PWR,PWR,PWR,,TRUE,Unknown,Unknown,GSE580_theta_data.csv,2026-05-08,0.80,parent relationships not resolved in v0; company_name missing; used ticker fallback; country unknown
ENT003109,PX,PX,PX,,TRUE,Unknown,Unknown,GSE580_theta_data.csv,2026-05-08,0.80,parent relationships not resolved in v0; company_name missing; used ticker fallback; country unknown
ENT003110,PYPL,PYPL,PYPL,,TRUE,Unknown,Unknown,GSE580_theta_data.csv,2026-05-08,0.80,parent relationships not resolved in v0; company_name missing; used ticker fallback; country unknown
ENT003111,PZZA,PZZA,PZZA,,TRUE,Unknown,Unknown,GSE580_theta_data.csv,2026-05-08,0.80,parent relationships not resolved in v0; company_name missing; used ticker fallback; country unknown
ENT003112,Q,Q,Q,,TRUE,Unknown,Unknown,GSE580_theta_data.csv,2026-05-08,0.80,parent relationships not resolved in v0; company_name missing; used ticker fallback; country unknown
ENT003113,QBTS,QBTS,QBTS,,TRUE,Unknown,Unknown,GSE580_theta_data.csv,2026-05-08,0.80,parent relationships not resolved in v0; company_name missing; used ticker fallback; country unknown
ENT003114,QCOM,QCOM,QCOM,,TRUE,Unknown,Unknown,GSE580_theta_data.csv,2026-05-08,0.80,parent relationships not resolved in v0; company_name missing; used ticker fallback; country unknown
ENT003115,QDEL,QDEL,QDEL,,TRUE,Unknown,Unknown,GSE580_theta_data.csv,2026-05-08,0.80,parent relationships not resolved in v0; company_name missing; used ticker fallback; country unknown
ENT003116,QDMI,QDMI,QDMI,,TRUE,Unknown,Unknown,GSE580_theta_data.csv,2026-05-08,0.80,parent relationships not resolved in v0; company_name missing; used ticker fallback; country unknown
ENT003117,QEPC,QEPC,QEPC,,TRUE,Unknown,Unknown,GSE580_theta_data.csv,2026-05-08,0.80,parent relationships not resolved in v0; company_name missing; used ticker fallback; country unknown
ENT003118,QFIN,QFIN,QFIN,,TRUE,Unknown,Unknown,GSE580_theta_data.csv,2026-05-08,0.80,parent relationships not resolved in v0; company_name missing; used ticker fallback; country unknown
ENT003119,QGEN,QGEN,QGEN,,TRUE,Unknown,Unknown,GSE580_theta_data.csv,2026-05-08,0.80,parent relationships not resolved in v0; company_name missing; used ticker fallback; country unknown
ENT003120,QIPT,QIPT,QIPT,,TRUE,United States,North America,GSE580_theta_data.csv,2026-05-08,0.80,parent relationships not resolved in v0; company_name missing; used ticker fallback
ENT003121,QLYS,QLYS,QLYS,,TRUE,Unknown,Unknown,GSE580_theta_data.csv,2026-05-08,0.80,parent relationships not resolved in v0; company_name missing; used ticker fallback; country unknown
ENT003122,QMCO,QMCO,QM,,TRUE,Unknown,Unknown,GSE580_theta_data.csv,2026-05-08,0.80,parent relationships not resolved in v0; company_name missing; used ticker fallback; country unknown
ENT003123,QNST,QNST,QNST,,TRUE,Unknown,Unknown,GSE580_theta_data.csv,2026-05-08,0.80,parent relationships not resolved in v0; company_name missing; used ticker fallback; country unknown
ENT003124,QRVO,QRVO,QRVO,,TRUE,Unknown,Unknown,GSE580_theta_data.csv,2026-05-08,0.80,parent relationships not resolved in v0; company_name missing; used ticker fallback; country unknown
ENT003125,QS,QS,QS,,TRUE,Unknown,Unknown,GSE580_theta_data.csv,2026-05-08,0.80,parent relationships not resolved in v0; company_name missing; used ticker fallback; country unknown
ENT003126,QSEP,QSEP,QSEP,,TRUE,Unknown,Unknown,GSE580_theta_data.csv,2026-05-08,0.80,parent relationships not resolved in v0; company_name missing; used ticker fallback; country unknown
ENT003127,QSG,QSG,QSG,,TRUE,Unknown,Unknown,GSE580_theta_data.csv,2026-05-08,0.80,parent relationships not resolved in v0; company_name missing; used ticker fallback; country unknown
ENT003128,QSI,QSI,QSI,,TRUE,Unknown,Unknown,GSE580_theta_data.csv,2026-05-08,0.80,parent relationships not resolved in v0; company_name missing; used ticker fallback; country unknown
ENT003129,QSR,QSR,QSR,,TRUE,Unknown,Unknown,GSE580_theta_data.csv,2026-05-08,0.80,parent relationships not resolved in v0; company_name missing; used ticker fallback; country unknown
ENT003130,QTRX,QTRX,QTRX,,TRUE,Unknown,Unknown,GSE580_theta_data.csv,2026-05-08,0.80,parent relationships not resolved in v0; company_name missing; used ticker fallback; country unknown
ENT003131,QTWO,QTWO,QTWO,,TRUE,United States,North America,GSE580_theta_data.csv,2026-05-08,0.80,parent relationships not resolved in v0; company_name missing; used ticker fallback
ENT003132,QUAD,QUAD,QUAD,,TRUE,Unknown,Unknown,GSE580_theta_data.csv,2026-05-08,0.80,parent relationships not resolved in v0; company_name missing; used ticker fallback; country unknown
ENT003133,QUBT,QUBT,QUBT,,TRUE,United States,North America,GSE580_theta_data.csv,2026-05-08,0.80,parent relationships not resolved in v0; company_name missing; used ticker fallback
ENT003134,QUIK,QUIK,QUIK,,TRUE,Unknown,Unknown,GSE580_theta_data.csv,2026-05-08,0.80,parent relationships not resolved in v0; company_name missing; used ticker fallback; country unknown
ENT003135,QXO,QXO,QXO,,TRUE,Unknown,Unknown,GSE580_theta_data.csv,2026-05-08,0.80,parent relationships not resolved in v0; company_name missing; used ticker fallback; country unknown
ENT003136,R,R,R,,TRUE,Unknown,Unknown,GSE580_theta_data.csv,2026-05-08,0.80,parent relationships not resolved in v0; company_name missing; used ticker fallback; country unknown
ENT003137,RACE,RACE,RACE,,TRUE,Unknown,Unknown,GSE580_theta_data.csv,2026-05-08,0.80,parent relationships not resolved in v0; company_name missing; used ticker fallback; country unknown
ENT003138,RAIL,RAIL,RAIL,,TRUE,Unknown,Unknown,GSE580_theta_data.csv,2026-05-08,0.80,parent relationships not resolved in v0; company_name missing; used ticker fallback; country unknown
ENT003139,RAJA.F,RAJA.F,RAJA.F,,TRUE,Unknown,Unknown,GSE580_theta_data.csv,2026-05-08,0.80,parent relationships not resolved in v0; company_name missing; used ticker fallback; country unknown
ENT003140,RAL,RAL,RAL,,TRUE,Unknown,Unknown,GSE580_theta_data.csv,2026-05-08,0.80,parent relationships not resolved in v0; company_name missing; used ticker fallback; country unknown
ENT003141,RAMP,RAMP,RAMP,,TRUE,Unknown,Unknown,GSE580_theta_data.csv,2026-05-08,0.80,parent relationships not resolved in v0; company_name missing; used ticker fallback; country unknown
ENT003142,RANI,RANI,RANI,,TRUE,Unknown,Unknown,GSE580_theta_data.csv,2026-05-08,0.80,parent relationships not resolved in v0; company_name missing; used ticker fallback; country unknown
ENT003143,RAPP,RAPP,RAPP,,TRUE,Unknown,Unknown,GSE580_theta_data.csv,2026-05-08,0.80,parent relationships not resolved in v0; company_name missing; used ticker fallback; country unknown
ENT003144,RBA,RBA,RBA,,TRUE,United States,North America,GSE580_theta_data.csv,2026-05-08,0.80,parent relationships not resolved in v0; company_name missing; used ticker fallback
ENT003145,RBBN,RBBN,RBBN,,TRUE,Unknown,Unknown,GSE580_theta_data.csv,2026-05-08,0.80,parent relationships not resolved in v0; company_name missing; used ticker fallback; country unknown
ENT003146,RBC,RBC,RBC,,TRUE,Unknown,Unknown,GSE580_theta_data.csv,2026-05-08,0.80,parent relationships not resolved in v0; company_name missing; used ticker fallback; country unknown
ENT003147,RBLX,RBLX,RBLX,,TRUE,Unknown,Unknown,GSE580_theta_data.csv,2026-05-08,0.80,parent relationships not resolved in v0; company_name missing; used ticker fallback; country unknown
ENT003148,RBRK,RBRK,RBRK,,TRUE,Unknown,Unknown,GSE580_theta_data.csv,2026-05-08,0.80,parent relationships not resolved in v0; company_name missing; used ticker fallback; country unknown
ENT003149,RBTK,RBTK,RBTK,,TRUE,Unknown,Unknown,GSE580_theta_data.csv,2026-05-08,0.80,parent relationships not resolved in v0; company_name missing; used ticker fallback; country unknown
ENT003150,RC,RC,RC,,TRUE,United States,North America,GSE580_theta_data.csv,2026-05-08,0.80,parent relationships not resolved in v0; company_name missing; used ticker fallback
ENT003151,RCAT,RCAT,RCAT,,TRUE,Unknown,Unknown,GSE580_theta_data.csv,2026-05-08,0.80,parent relationships not resolved in v0; company_name missing; used ticker fallback; country unknown
ENT003152,RCI,RCI,RCI,,TRUE,Unknown,Unknown,GSE580_theta_data.csv,2026-05-08,0.80,parent relationships not resolved in v0; company_name missing; used ticker fallback; country unknown
ENT003153,RCKY,RCKY,RCKY,,TRUE,Unknown,Unknown,GSE580_theta_data.csv,2026-05-08,0.80,parent relationships not resolved in v0; company_name missing; used ticker fallback; country unknown
ENT003154,RCL,RCL,RCL,,TRUE,Unknown,Unknown,GSE580_theta_data.csv,2026-05-08,0.80,parent relationships not resolved in v0; company_name missing; used ticker fallback; country unknown
ENT003155,RCMT,RCMT,RCMT,,TRUE,Unknown,Unknown,GSE580_theta_data.csv,2026-05-08,0.80,parent relationships not resolved in v0; company_name missing; used ticker fallback; country unknown
ENT003156,RCT,RCT,RCT,,TRUE,Unknown,Unknown,GSE580_theta_data.csv,2026-05-08,0.80,parent relationships not resolved in v0; company_name missing; used ticker fallback; country unknown
ENT003157,RDCM,RDCM,RDCM,,TRUE,Unknown,Unknown,GSE580_theta_data.csv,2026-05-08,0.80,parent relationships not resolved in v0; company_name missing; used ticker fallback; country unknown
ENT003158,RDDT,RDDT,RDDT,,TRUE,Unknown,Unknown,GSE580_theta_data.csv,2026-05-08,0.80,parent relationships not resolved in v0; company_name missing; used ticker fallback; country unknown
ENT003159,RDN,RDN,RDN,,TRUE,Unknown,Unknown,GSE580_theta_data.csv,2026-05-08,0.80,parent relationships not resolved in v0; company_name missing; used ticker fallback; country unknown
ENT003160,RDNT,RDNT,RDNT,,TRUE,Unknown,Unknown,GSE580_theta_data.csv,2026-05-08,0.80,parent relationships not resolved in v0; company_name missing; used ticker fallback; country unknown
ENT003161,RDNW,RDNW,RDNW,,TRUE,United States,North America,GSE580_theta_data.csv,2026-05-08,0.80,parent relationships not resolved in v0; company_name missing; used ticker fallback
ENT003162,RDVT,RDVT,RDVT,,TRUE,Unknown,Unknown,GSE580_theta_data.csv,2026-05-08,0.80,parent relationships not resolved in v0; company_name missing; used ticker fallback; country unknown
ENT003163,RDW,RDW,RDW,,TRUE,Unknown,Unknown,GSE580_theta_data.csv,2026-05-08,0.80,parent relationships not resolved in v0; company_name missing; used ticker fallback; country unknown
ENT003164,RDWR,RDWR,RDWR,,TRUE,Unknown,Unknown,GSE580_theta_data.csv,2026-05-08,0.80,parent relationships not resolved in v0; company_name missing; used ticker fallback; country unknown
ENT003165,RDY,RDY,RDY,,TRUE,Unknown,Unknown,GSE580_theta_data.csv,2026-05-08,0.80,parent relationships not resolved in v0; company_name missing; used ticker fallback; country unknown
ENT003166,RDZN,RDZN,RDZN,,TRUE,Unknown,Unknown,GSE580_theta_data.csv,2026-05-08,0.80,parent relationships not resolved in v0; company_name missing; used ticker fallback; country unknown
ENT003167,REAL,REAL,REAL,,TRUE,United States,North America,GSE580_theta_data.csv,2026-05-08,0.80,parent relationships not resolved in v0; company_name missing; used ticker fallback
ENT003168,REAX,REAX,REAX,,TRUE,Unknown,Unknown,GSE580_theta_data.csv,2026-05-08,0.80,parent relationships not resolved in v0; company_name missing; used ticker fallback; country unknown
ENT003169,REEM.F,REEM.F,REEM.F,,TRUE,Unknown,Unknown,GSE580_theta_data.csv,2026-05-08,0.80,parent relationships not resolved in v0; company_name missing; used ticker fallback; country unknown
ENT003170,REFI,REFI,REFI,,TRUE,Unknown,Unknown,GSE580_theta_data.csv,2026-05-08,0.80,parent relationships not resolved in v0; company_name missing; used ticker fallback; country unknown
ENT003171,REG,REG,REG,,TRUE,United States,North America,GSE580_theta_data.csv,2026-05-08,0.80,parent relationships not resolved in v0; company_name missing; used ticker fallback
ENT003172,REKR,REKR,REKR,,TRUE,United States,North America,GSE580_theta_data.csv,2026-05-08,0.80,parent relationships not resolved in v0; company_name missing; used ticker fallback
ENT003173,RELL,RELL,RELL,,TRUE,Unknown,Unknown,GSE580_theta_data.csv,2026-05-08,0.80,parent relationships not resolved in v0; company_name missing; used ticker fallback; country unknown
ENT003174,RELX,RELX,RELX,,TRUE,Unknown,Unknown,GSE580_theta_data.csv,2026-05-08,0.80,parent relationships not resolved in v0; company_name missing; used ticker fallback; country unknown
ENT003175,RELY,RELY,RELY,,TRUE,Unknown,Unknown,GSE580_theta_data.csv,2026-05-08,0.80,parent relationships not resolved in v0; company_name missing; used ticker fallback; country unknown
ENT003176,RERE,RERE,RERE,,TRUE,Unknown,Unknown,GSE580_theta_data.csv,2026-05-08,0.80,parent relationships not resolved in v0; company_name missing; used ticker fallback; country unknown
ENT003177,RES,RES,RES,,TRUE,Unknown,Unknown,GSE580_theta_data.csv,2026-05-08,0.80,parent relationships not resolved in v0; company_name missing; used ticker fallback; country unknown
ENT003178,REVG,REVG,REVG,,TRUE,Unknown,Unknown,GSE580_theta_data.csv,2026-05-08,0.80,parent relationships not resolved in v0; company_name missing; used ticker fallback; country unknown
ENT003179,REX,REX,REX,,TRUE,Unknown,Unknown,GSE580_theta_data.csv,2026-05-08,0.80,parent relationships not resolved in v0; company_name missing; used ticker fallback; country unknown
ENT003180,REXR,REXR,REXR,,TRUE,Unknown,Unknown,GSE580_theta_data.csv,2026-05-08,0.80,parent relationships not resolved in v0; company_name missing; used ticker fallback; country unknown
ENT003181,REYN,REYN,REYN,,TRUE,Unknown,Unknown,GSE580_theta_data.csv,2026-05-08,0.80,parent relationships not resolved in v0; company_name missing; used ticker fallback; country unknown
ENT003182,REZI,REZI,REZI,,TRUE,Unknown,Unknown,GSE580_theta_data.csv,2026-05-08,0.80,parent relationships not resolved in v0; company_name missing; used ticker fallback; country unknown
ENT003183,RF,RF,RF,,TRUE,Unknown,Unknown,GSE580_theta_data.csv,2026-05-08,0.80,parent relationships not resolved in v0; company_name missing; used ticker fallback; country unknown
ENT003184,RGA,RGA,RGA,,TRUE,Unknown,Unknown,GSE580_theta_data.csv,2026-05-08,0.80,parent relationships not resolved in v0; company_name missing; used ticker fallback; country unknown
ENT003185,RGC,RGC,RGC,,TRUE,Unknown,Unknown,GSE580_theta_data.csv,2026-05-08,0.80,parent relationships not resolved in v0; company_name missing; used ticker fallback; country unknown
ENT003186,RGCO,RGCO,RG,,TRUE,Unknown,Unknown,GSE580_theta_data.csv,2026-05-08,0.80,parent relationships not resolved in v0; company_name missing; used ticker fallback; country unknown
ENT003187,RGEN,RGEN,RGEN,,TRUE,Unknown,Unknown,GSE580_theta_data.csv,2026-05-08,0.80,parent relationships not resolved in v0; company_name missing; used ticker fallback; country unknown
ENT003188,RGLD,RGLD,RGLD,,TRUE,Unknown,Unknown,GSE580_theta_data.csv,2026-05-08,0.80,parent relationships not resolved in v0; company_name missing; used ticker fallback; country unknown
ENT003189,RGP,RGP,RGP,,TRUE,Unknown,Unknown,GSE580_theta_data.csv,2026-05-08,0.80,parent relationships not resolved in v0; company_name missing; used ticker fallback; country unknown
ENT003190,RGR,RGR,RGR,,TRUE,Unknown,Unknown,GSE580_theta_data.csv,2026-05-08,0.80,parent relationships not resolved in v0; company_name missing; used ticker fallback; country unknown
ENT003191,RGTI,RGTI,RGTI,,TRUE,Unknown,Unknown,GSE580_theta_data.csv,2026-05-08,0.80,parent relationships not resolved in v0; company_name missing; used ticker fallback; country unknown
ENT003192,RH,RH,RH,,TRUE,Unknown,Unknown,GSE580_theta_data.csv,2026-05-08,0.80,parent relationships not resolved in v0; company_name missing; used ticker fallback; country unknown
ENT003193,RHI,RHI,RHI,,TRUE,Unknown,Unknown,GSE580_theta_data.csv,2026-05-08,0.80,parent relationships not resolved in v0; company_name missing; used ticker fallback; country unknown
ENT003194,RHLD,RHLD,RHLD,,TRUE,Unknown,Unknown,GSE580_theta_data.csv,2026-05-08,0.80,parent relationships not resolved in v0; company_name missing; used ticker fallback; country unknown
ENT003195,RHP,RHP,RHP,,TRUE,Unknown,Unknown,GSE580_theta_data.csv,2026-05-08,0.80,parent relationships not resolved in v0; company_name missing; used ticker fallback; country unknown
ENT003196,RICK,RICK,RICK,,TRUE,Unknown,Unknown,GSE580_theta_data.csv,2026-05-08,0.80,parent relationships not resolved in v0; company_name missing; used ticker fallback; country unknown
ENT003197,RIG,RIG,RIG,,TRUE,Unknown,Unknown,GSE580_theta_data.csv,2026-05-08,0.80,parent relationships not resolved in v0; company_name missing; used ticker fallback; country unknown
ENT003198,RILY,RILY,RILY,,TRUE,Unknown,Unknown,GSE580_theta_data.csv,2026-05-08,0.80,parent relationships not resolved in v0; company_name missing; used ticker fallback; country unknown
ENT003199,RIOT,RIOT,RIOT,,TRUE,Unknown,Unknown,GSE580_theta_data.csv,2026-05-08,0.80,parent relationships not resolved in v0; company_name missing; used ticker fallback; country unknown
ENT003200,RITM,RITM,RITM,,TRUE,United States,North America,GSE580_theta_data.csv,2026-05-08,0.80,parent relationships not resolved in v0; company_name missing; used ticker fallback
ENT003201,RITR,RITR,RITR,,TRUE,Unknown,Unknown,GSE580_theta_data.csv,2026-05-08,0.80,parent relationships not resolved in v0; company_name missing; used ticker fallback; country unknown
ENT003202,RIVN,RIVN,RIVN,,TRUE,Unknown,Unknown,GSE580_theta_data.csv,2026-05-08,0.80,parent relationships not resolved in v0; company_name missing; used ticker fallback; country unknown
ENT003203,RJF,RJF,RJF,,TRUE,United States,North America,GSE580_theta_data.csv,2026-05-08,0.80,parent relationships not resolved in v0; company_name missing; used ticker fallback
ENT003204,RKLB,RKLB,RKLB,,TRUE,Unknown,Unknown,GSE580_theta_data.csv,2026-05-08,0.80,parent relationships not resolved in v0; company_name missing; used ticker fallback; country unknown
ENT003205,RKT,RKT,RKT,,TRUE,Unknown,Unknown,GSE580_theta_data.csv,2026-05-08,0.80,parent relationships not resolved in v0; company_name missing; used ticker fallback; country unknown
ENT003206,RL,RL,RL,,TRUE,Unknown,Unknown,GSE580_theta_data.csv,2026-05-08,0.80,parent relationships not resolved in v0; company_name missing; used ticker fallback; country unknown
ENT003207,RLGT,RLGT,RLGT,,TRUE,Unknown,Unknown,GSE580_theta_data.csv,2026-05-08,0.80,parent relationships not resolved in v0; company_name missing; used ticker fallback; country unknown
ENT003208,RLI,RLI,RLI,,TRUE,Unknown,Unknown,GSE580_theta_data.csv,2026-05-08,0.80,parent relationships not resolved in v0; company_name missing; used ticker fallback; country unknown
ENT003209,RLJ,RLJ,RLJ,,TRUE,Unknown,Unknown,GSE580_theta_data.csv,2026-05-08,0.80,parent relationships not resolved in v0; company_name missing; used ticker fallback; country unknown
ENT003210,RLMD,RLMD,RLMD,,TRUE,Unknown,Unknown,GSE580_theta_data.csv,2026-05-08,0.80,parent relationships not resolved in v0; company_name missing; used ticker fallback; country unknown
ENT003211,RLX,RLX,RLX,,TRUE,Unknown,Unknown,GSE580_theta_data.csv,2026-05-08,0.80,parent relationships not resolved in v0; company_name missing; used ticker fallback; country unknown
ENT003212,RM,RM,RM,,TRUE,Unknown,Unknown,GSE580_theta_data.csv,2026-05-08,0.80,parent relationships not resolved in v0; company_name missing; used ticker fallback; country unknown
ENT003213,RMAX,RMAX,RMAX,,TRUE,Unknown,Unknown,GSE580_theta_data.csv,2026-05-08,0.80,parent relationships not resolved in v0; company_name missing; used ticker fallback; country unknown
ENT003214,RMBS,RMBS,RMBS,,TRUE,Unknown,Unknown,GSE580_theta_data.csv,2026-05-08,0.80,parent relationships not resolved in v0; company_name missing; used ticker fallback; country unknown
ENT003215,RMD,RMD,RMD,,TRUE,Unknown,Unknown,GSE580_theta_data.csv,2026-05-08,0.80,parent relationships not resolved in v0; company_name missing; used ticker fallback; country unknown
ENT003216,RMNI,RMNI,RMNI,,TRUE,Unknown,Unknown,GSE580_theta_data.csv,2026-05-08,0.80,parent relationships not resolved in v0; company_name missing; used ticker fallback; country unknown
ENT003217,RMR,RMR,RMR,,TRUE,Unknown,Unknown,GSE580_theta_data.csv,2026-05-08,0.80,parent relationships not resolved in v0; company_name missing; used ticker fallback; country unknown
ENT003218,RNA,RNA,RNA,,TRUE,Unknown,Unknown,GSE580_theta_data.csv,2026-05-08,0.80,parent relationships not resolved in v0; company_name missing; used ticker fallback; country unknown
ENT003219,RNG,RNG,RNG,,TRUE,Unknown,Unknown,GSE580_theta_data.csv,2026-05-08,0.80,parent relationships not resolved in v0; company_name missing; used ticker fallback; country unknown
ENT003220,RNGR,RNGR,RNGR,,TRUE,Unknown,Unknown,GSE580_theta_data.csv,2026-05-08,0.80,parent relationships not resolved in v0; company_name missing; used ticker fallback; country unknown
ENT003221,RNR,RNR,RNR,,TRUE,Unknown,Unknown,GSE580_theta_data.csv,2026-05-08,0.80,parent relationships not resolved in v0; company_name missing; used ticker fallback; country unknown
ENT003222,RNW,RNW,RNW,,TRUE,Unknown,Unknown,GSE580_theta_data.csv,2026-05-08,0.80,parent relationships not resolved in v0; company_name missing; used ticker fallback; country unknown
ENT003223,ROAD,ROAD,ROAD,,TRUE,Unknown,Unknown,GSE580_theta_data.csv,2026-05-08,0.80,parent relationships not resolved in v0; company_name missing; used ticker fallback; country unknown
ENT003224,ROCK,ROCK,ROCK,,TRUE,Unknown,Unknown,GSE580_theta_data.csv,2026-05-08,0.80,parent relationships not resolved in v0; company_name missing; used ticker fallback; country unknown
ENT003225,ROG,ROG,ROG,,TRUE,Unknown,Unknown,GSE580_theta_data.csv,2026-05-08,0.80,parent relationships not resolved in v0; company_name missing; used ticker fallback; country unknown
ENT003226,ROK,ROK,ROK,,TRUE,Unknown,Unknown,GSE580_theta_data.csv,2026-05-08,0.80,parent relationships not resolved in v0; company_name missing; used ticker fallback; country unknown
ENT003227,ROKU,ROKU,ROKU,,TRUE,United States,North America,GSE580_theta_data.csv,2026-05-08,0.80,parent relationships not resolved in v0; company_name missing; used ticker fallback
ENT003228,ROL,ROL,ROL,,TRUE,Unknown,Unknown,GSE580_theta_data.csv,2026-05-08,0.80,parent relationships not resolved in v0; company_name missing; used ticker fallback; country unknown
ENT003229,ROMA,ROMA,ROMA,,TRUE,Unknown,Unknown,GSE580_theta_data.csv,2026-05-08,0.80,parent relationships not resolved in v0; company_name missing; used ticker fallback; country unknown
ENT003230,ROOT,ROOT,ROOT,,TRUE,Unknown,Unknown,GSE580_theta_data.csv,2026-05-08,0.80,parent relationships not resolved in v0; company_name missing; used ticker fallback; country unknown
ENT003231,ROP,ROP,ROP,,TRUE,United States,North America,GSE580_theta_data.csv,2026-05-08,0.80,parent relationships not resolved in v0; company_name missing; used ticker fallback
ENT003232,ROST,ROST,ROST,,TRUE,Unknown,Unknown,GSE580_theta_data.csv,2026-05-08,0.80,parent relationships not resolved in v0; company_name missing; used ticker fallback; country unknown
ENT003233,RPAY,RPAY,RPAY,,TRUE,United States,North America,GSE580_theta_data.csv,2026-05-08,0.80,parent relationships not resolved in v0; company_name missing; used ticker fallback
ENT003234,RPD,RPD,RPD,,TRUE,Unknown,Unknown,GSE580_theta_data.csv,2026-05-08,0.80,parent relationships not resolved in v0; company_name missing; used ticker fallback; country unknown
ENT003235,RPID,RPID,RPID,,TRUE,Unknown,Unknown,GSE580_theta_data.csv,2026-05-08,0.80,parent relationships not resolved in v0; company_name missing; used ticker fallback; country unknown
ENT003236,RPM,RPM,RPM,,TRUE,Unknown,Unknown,GSE580_theta_data.csv,2026-05-08,0.80,parent relationships not resolved in v0; company_name missing; used ticker fallback; country unknown
ENT003237,RPRX,RPRX,RPRX,,TRUE,Unknown,Unknown,GSE580_theta_data.csv,2026-05-08,0.80,parent relationships not resolved in v0; company_name missing; used ticker fallback; country unknown
ENT003238,RR,RR,RR,,TRUE,Unknown,Unknown,GSE580_theta_data.csv,2026-05-08,0.80,parent relationships not resolved in v0; company_name missing; used ticker fallback; country unknown
ENT003239,RRR,RRR,RRR,,TRUE,United States,North America,GSE580_theta_data.csv,2026-05-08,0.80,parent relationships not resolved in v0; company_name missing; used ticker fallback
ENT003240,RRX,RRX,RRX,,TRUE,Unknown,Unknown,GSE580_theta_data.csv,2026-05-08,0.80,parent relationships not resolved in v0; company_name missing; used ticker fallback; country unknown
ENT003241,RS,RS,RS,,TRUE,Unknown,Unknown,GSE580_theta_data.csv,2026-05-08,0.80,parent relationships not resolved in v0; company_name missing; used ticker fallback; country unknown
ENT003242,RSG,RSG,RSG,,TRUE,United States,North America,GSE580_theta_data.csv,2026-05-08,0.80,parent relationships not resolved in v0; company_name missing; used ticker fallback
ENT003243,RSI,RSI,RSI,,TRUE,Unknown,Unknown,GSE580_theta_data.csv,2026-05-08,0.80,parent relationships not resolved in v0; company_name missing; used ticker fallback; country unknown
ENT003244,RSKD,RSKD,RSKD,,TRUE,Unknown,Unknown,GSE580_theta_data.csv,2026-05-08,0.80,parent relationships not resolved in v0; company_name missing; used ticker fallback; country unknown
ENT003245,RSVR,RSVR,RSVR,,TRUE,Unknown,Unknown,GSE580_theta_data.csv,2026-05-08,0.80,parent relationships not resolved in v0; company_name missing; used ticker fallback; country unknown
ENT003246,RTO,RTO,RTO,,TRUE,Unknown,Unknown,GSE580_theta_data.csv,2026-05-08,0.80,parent relationships not resolved in v0; company_name missing; used ticker fallback; country unknown
ENT003247,RTX,RTX,RTX,,TRUE,Unknown,Unknown,GSE580_theta_data.csv,2026-05-08,0.80,parent relationships not resolved in v0; company_name missing; used ticker fallback; country unknown
ENT003248,RUM,RUM,RUM,,TRUE,United States,North America,GSE580_theta_data.csv,2026-05-08,0.80,parent relationships not resolved in v0; company_name missing; used ticker fallback
ENT003249,RUN,RUN,RUN,,TRUE,Unknown,Unknown,GSE580_theta_data.csv,2026-05-08,0.80,parent relationships not resolved in v0; company_name missing; used ticker fallback; country unknown
ENT003250,RUSH.B,RUSH.B,RUSH.B,,TRUE,Unknown,Unknown,GSE580_theta_data.csv,2026-05-08,0.80,parent relationships not resolved in v0; company_name missing; used ticker fallback; country unknown
ENT003251,RVLV,RVLV,RVLV,,TRUE,Unknown,Unknown,GSE580_theta_data.csv,2026-05-08,0.80,parent relationships not resolved in v0; company_name missing; used ticker fallback; country unknown
ENT003252,RVTY,RVTY,RVTY,,TRUE,Unknown,Unknown,GSE580_theta_data.csv,2026-05-08,0.80,parent relationships not resolved in v0; company_name missing; used ticker fallback; country unknown
ENT003253,RWAY,RWAY,RWAY,,TRUE,United States,North America,GSE580_theta_data.csv,2026-05-08,0.80,parent relationships not resolved in v0; company_name missing; used ticker fallback
ENT003254,RWT,RWT,RWT,,TRUE,United States,North America,GSE580_theta_data.csv,2026-05-08,0.80,parent relationships not resolved in v0; company_name missing; used ticker fallback
ENT003255,RWWI,RWWI,RWWI,,TRUE,Unknown,Unknown,GSE580_theta_data.csv,2026-05-08,0.80,parent relationships not resolved in v0; company_name missing; used ticker fallback; country unknown
ENT003256,RXO,RXO,RXO,,TRUE,Unknown,Unknown,GSE580_theta_data.csv,2026-05-08,0.80,parent relationships not resolved in v0; company_name missing; used ticker fallback; country unknown
ENT003257,RXST,RXST,RXST,,TRUE,Unknown,Unknown,GSE580_theta_data.csv,2026-05-08,0.80,parent relationships not resolved in v0; company_name missing; used ticker fallback; country unknown
ENT003258,RXT,RXT,RXT,,TRUE,Unknown,Unknown,GSE580_theta_data.csv,2026-05-08,0.80,parent relationships not resolved in v0; company_name missing; used ticker fallback; country unknown
ENT003259,RY,RY,RY,,TRUE,Unknown,Unknown,GSE580_theta_data.csv,2026-05-08,0.80,parent relationships not resolved in v0; company_name missing; used ticker fallback; country unknown
ENT003260,RYAA.Y,RYAA.Y,RYAA.Y,,TRUE,Unknown,Unknown,GSE580_theta_data.csv,2026-05-08,0.80,parent relationships not resolved in v0; company_name missing; used ticker fallback; country unknown
ENT003261,RYAM,RYAM,RYAM,,TRUE,Unknown,Unknown,GSE580_theta_data.csv,2026-05-08,0.80,parent relationships not resolved in v0; company_name missing; used ticker fallback; country unknown
ENT003262,RYAN,RYAN,RYAN,,TRUE,United States,North America,GSE580_theta_data.csv,2026-05-08,0.80,parent relationships not resolved in v0; company_name missing; used ticker fallback
ENT003263,RYI,RYI,RYI,,TRUE,United States,North America,GSE580_theta_data.csv,2026-05-08,0.80,parent relationships not resolved in v0; company_name missing; used ticker fallback
ENT003264,RYN,RYN,RYN,,TRUE,Unknown,Unknown,GSE580_theta_data.csv,2026-05-08,0.80,parent relationships not resolved in v0; company_name missing; used ticker fallback; country unknown
ENT003265,RZLV,RZLV,RZLV,,TRUE,Unknown,Unknown,GSE580_theta_data.csv,2026-05-08,0.80,parent relationships not resolved in v0; company_name missing; used ticker fallback; country unknown
ENT003266,S,S,S,,TRUE,Unknown,Unknown,GSE580_theta_data.csv,2026-05-08,0.80,parent relationships not resolved in v0; company_name missing; used ticker fallback; country unknown
ENT003267,SA,SA,SA,,TRUE,Unknown,Unknown,GSE580_theta_data.csv,2026-05-08,0.80,parent relationships not resolved in v0; company_name missing; used ticker fallback; country unknown
ENT003268,SABR,SABR,SABR,,TRUE,Unknown,Unknown,GSE580_theta_data.csv,2026-05-08,0.80,parent relationships not resolved in v0; company_name missing; used ticker fallback; country unknown
ENT003269,SAFE,SAFE,SAFE,,TRUE,Unknown,Unknown,GSE580_theta_data.csv,2026-05-08,0.80,parent relationships not resolved in v0; company_name missing; used ticker fallback; country unknown
ENT003270,SAFT,SAFT,SAFT,,TRUE,Unknown,Unknown,GSE580_theta_data.csv,2026-05-08,0.80,parent relationships not resolved in v0; company_name missing; used ticker fallback; country unknown
ENT003271,SAH,SAH,SAH,,TRUE,Unknown,Unknown,GSE580_theta_data.csv,2026-05-08,0.80,parent relationships not resolved in v0; company_name missing; used ticker fallback; country unknown
ENT003272,SAIA,SAIA,SAIA,,TRUE,United States,North America,GSE580_theta_data.csv,2026-05-08,0.80,parent relationships not resolved in v0; company_name missing; used ticker fallback
ENT003273,SAIC,SAIC,SAIC,,TRUE,Unknown,Unknown,GSE580_theta_data.csv,2026-05-08,0.80,parent relationships not resolved in v0; company_name missing; used ticker fallback; country unknown
ENT003274,SAIL,SAIL,SAIL,,TRUE,Unknown,Unknown,GSE580_theta_data.csv,2026-05-08,0.80,parent relationships not resolved in v0; company_name missing; used ticker fallback; country unknown
ENT003275,SAM,SAM,SAM,,TRUE,Unknown,Unknown,GSE580_theta_data.csv,2026-05-08,0.80,parent relationships not resolved in v0; company_name missing; used ticker fallback; country unknown
ENT003276,SAMG,SAMG,SAMG,,TRUE,Unknown,Unknown,GSE580_theta_data.csv,2026-05-08,0.80,parent relationships not resolved in v0; company_name missing; used ticker fallback; country unknown
ENT003277,SAN,SAN,SAN,,TRUE,Unknown,Unknown,GSE580_theta_data.csv,2026-05-08,0.80,parent relationships not resolved in v0; company_name missing; used ticker fallback; country unknown
ENT003278,SANG,SANG,SANG,,TRUE,Unknown,Unknown,GSE580_theta_data.csv,2026-05-08,0.80,parent relationships not resolved in v0; company_name missing; used ticker fallback; country unknown
ENT003279,SANM,SANM,SANM,,TRUE,Unknown,Unknown,GSE580_theta_data.csv,2026-05-08,0.80,parent relationships not resolved in v0; company_name missing; used ticker fallback; country unknown
ENT003280,SAP,SAP,SAP,,TRUE,Unknown,Unknown,GSE580_theta_data.csv,2026-05-08,0.80,parent relationships not resolved in v0; company_name missing; used ticker fallback; country unknown
ENT003281,SARO,SARO,SARO,,TRUE,Unknown,Unknown,GSE580_theta_data.csv,2026-05-08,0.80,parent relationships not resolved in v0; company_name missing; used ticker fallback; country unknown
ENT003282,SASE:1120,SASE:1120,SASE:1120,,TRUE,Unknown,Unknown,GSE580_theta_data.csv,2026-05-08,0.80,parent relationships not resolved in v0; company_name missing; used ticker fallback; country unknown
ENT003283,SASE:1180,SASE:1180,SASE:1180,,TRUE,Unknown,Unknown,GSE580_theta_data.csv,2026-05-08,0.80,parent relationships not resolved in v0; company_name missing; used ticker fallback; country unknown
ENT003284,SASE:1211,SASE:1211,SASE:1211,,TRUE,Unknown,Unknown,GSE580_theta_data.csv,2026-05-08,0.80,parent relationships not resolved in v0; company_name missing; used ticker fallback; country unknown
ENT003285,SASE:2010,SASE:2010,SASE:2010,,TRUE,Unknown,Unknown,GSE580_theta_data.csv,2026-05-08,0.80,parent relationships not resolved in v0; company_name missing; used ticker fallback; country unknown
ENT003286,SASE:2050,SASE:2050,SASE:2050,,TRUE,Unknown,Unknown,GSE580_theta_data.csv,2026-05-08,0.80,parent relationships not resolved in v0; company_name missing; used ticker fallback; country unknown
ENT003287,SASE:2160,SASE:2160,SASE:2160,,TRUE,Unknown,Unknown,GSE580_theta_data.csv,2026-05-08,0.80,parent relationships not resolved in v0; company_name missing; used ticker fallback; country unknown
ENT003288,SASE:2222,SASE:2222,SASE:2222,,TRUE,Unknown,Unknown,GSE580_theta_data.csv,2026-05-08,0.80,parent relationships not resolved in v0; company_name missing; used ticker fallback; country unknown
ENT003289,SASE:2382,SASE:2382,SASE:2382,,TRUE,Unknown,Unknown,GSE580_theta_data.csv,2026-05-08,0.80,parent relationships not resolved in v0; company_name missing; used ticker fallback; country unknown
ENT003290,SASE:4030,SASE:4030,SASE:4030,,TRUE,Unknown,Unknown,GSE580_theta_data.csv,2026-05-08,0.80,parent relationships not resolved in v0; company_name missing; used ticker fallback; country unknown
ENT003291,SASE:7010,SASE:7010,SASE:7010,,TRUE,Unknown,Unknown,GSE580_theta_data.csv,2026-05-08,0.80,parent relationships not resolved in v0; company_name missing; used ticker fallback; country unknown
ENT003292,SATL,SATL,SATL,,TRUE,Unknown,Unknown,GSE580_theta_data.csv,2026-05-08,0.80,parent relationships not resolved in v0; company_name missing; used ticker fallback; country unknown
ENT003293,SATS,SATS,SATS,,TRUE,Unknown,Unknown,GSE580_theta_data.csv,2026-05-08,0.80,parent relationships not resolved in v0; company_name missing; used ticker fallback; country unknown
ENT003294,SAVA,SAVA,SAVA,,TRUE,Unknown,Unknown,GSE580_theta_data.csv,2026-05-08,0.80,parent relationships not resolved in v0; company_name missing; used ticker fallback; country unknown
ENT003295,SB,SB,SB,,TRUE,United States,North America,GSE580_theta_data.csv,2026-05-08,0.80,parent relationships not resolved in v0; company_name missing; used ticker fallback
ENT003296,SBAC,SBAC,SBAC,,TRUE,Unknown,Unknown,GSE580_theta_data.csv,2026-05-08,0.80,parent relationships not resolved in v0; company_name missing; used ticker fallback; country unknown
ENT003297,SBC,SBC,SBC,,TRUE,Unknown,Unknown,GSE580_theta_data.csv,2026-05-08,0.80,parent relationships not resolved in v0; company_name missing; used ticker fallback; country unknown
ENT003298,SBET,SBET,SBET,,TRUE,Unknown,Unknown,GSE580_theta_data.csv,2026-05-08,0.80,parent relationships not resolved in v0; company_name missing; used ticker fallback; country unknown
ENT003299,SBGI,SBGI,SBGI,,TRUE,Unknown,Unknown,GSE580_theta_data.csv,2026-05-08,0.80,parent relationships not resolved in v0; company_name missing; used ticker fallback; country unknown
ENT003300,SBH,SBH,SBH,,TRUE,Unknown,Unknown,GSE580_theta_data.csv,2026-05-08,0.80,parent relationships not resolved in v0; company_name missing; used ticker fallback; country unknown
ENT003301,SBLK,SBLK,SBLK,,TRUE,Unknown,Unknown,GSE580_theta_data.csv,2026-05-08,0.80,parent relationships not resolved in v0; company_name missing; used ticker fallback; country unknown
ENT003302,SBRA,SBRA,SBRA,,TRUE,Unknown,Unknown,GSE580_theta_data.csv,2026-05-08,0.80,parent relationships not resolved in v0; company_name missing; used ticker fallback; country unknown
ENT003303,SBUX,SBUX,SBUX,,TRUE,Unknown,Unknown,GSE580_theta_data.csv,2026-05-08,0.80,parent relationships not resolved in v0; company_name missing; used ticker fallback; country unknown
ENT003304,SBXD,SBXD,SBXD,,TRUE,Unknown,Unknown,GSE580_theta_data.csv,2026-05-08,0.80,parent relationships not resolved in v0; company_name missing; used ticker fallback; country unknown
ENT003305,SCAG,SCAG,SCAG,,TRUE,Unknown,Unknown,GSE580_theta_data.csv,2026-05-08,0.80,parent relationships not resolved in v0; company_name missing; used ticker fallback; country unknown
ENT003306,SCCO,SCCO,SC,,TRUE,Unknown,Unknown,GSE580_theta_data.csv,2026-05-08,0.80,parent relationships not resolved in v0; company_name missing; used ticker fallback; country unknown
ENT003307,SCFR,SCFR,SCFR,,TRUE,Unknown,Unknown,GSE580_theta_data.csv,2026-05-08,0.80,parent relationships not resolved in v0; company_name missing; used ticker fallback; country unknown
ENT003308,SCHL,SCHL,SCHL,,TRUE,Unknown,Unknown,GSE580_theta_data.csv,2026-05-08,0.80,parent relationships not resolved in v0; company_name missing; used ticker fallback; country unknown
ENT003309,SCHW,SCHW,SCHW,,TRUE,Unknown,Unknown,GSE580_theta_data.csv,2026-05-08,0.80,parent relationships not resolved in v0; company_name missing; used ticker fallback; country unknown
ENT003310,SCI,SCI,SCI,,TRUE,Unknown,Unknown,GSE580_theta_data.csv,2026-05-08,0.80,parent relationships not resolved in v0; company_name missing; used ticker fallback; country unknown
ENT003311,SCL,SCL,SCL,,TRUE,Unknown,Unknown,GSE580_theta_data.csv,2026-05-08,0.80,parent relationships not resolved in v0; company_name missing; used ticker fallback; country unknown
ENT003312,SCLX,SCLX,SCLX,,TRUE,Unknown,Unknown,GSE580_theta_data.csv,2026-05-08,0.80,parent relationships not resolved in v0; company_name missing; used ticker fallback; country unknown
ENT003313,SCPJ,SCPJ,SCPJ,,TRUE,Unknown,Unknown,GSE580_theta_data.csv,2026-05-08,0.80,parent relationships not resolved in v0; company_name missing; used ticker fallback; country unknown
ENT003314,SCS,SCS,SCS,,TRUE,Unknown,Unknown,GSE580_theta_data.csv,2026-05-08,0.80,parent relationships not resolved in v0; company_name missing; used ticker fallback; country unknown
ENT003315,SCSC,SCSC,SCSC,,TRUE,Unknown,Unknown,GSE580_theta_data.csv,2026-05-08,0.80,parent relationships not resolved in v0; company_name missing; used ticker fallback; country unknown
ENT003316,SCTH,SCTH,SCTH,,TRUE,Unknown,Unknown,GSE580_theta_data.csv,2026-05-08,0.80,parent relationships not resolved in v0; company_name missing; used ticker fallback; country unknown
ENT003317,SCVL,SCVL,SCVL,,TRUE,Unknown,Unknown,GSE580_theta_data.csv,2026-05-08,0.80,parent relationships not resolved in v0; company_name missing; used ticker fallback; country unknown
ENT003318,SDA,SDA,SDA,,TRUE,Unknown,Unknown,GSE580_theta_data.csv,2026-05-08,0.80,parent relationships not resolved in v0; company_name missing; used ticker fallback; country unknown
ENT003319,SDGR,SDGR,SDGR,,TRUE,Unknown,Unknown,GSE580_theta_data.csv,2026-05-08,0.80,parent relationships not resolved in v0; company_name missing; used ticker fallback; country unknown
ENT003320,SDHC,SDHC,SDHC,,TRUE,Unknown,Unknown,GSE580_theta_data.csv,2026-05-08,0.80,parent relationships not resolved in v0; company_name missing; used ticker fallback; country unknown
ENT003321,SDRL,SDRL,SDRL,,TRUE,Unknown,Unknown,GSE580_theta_data.csv,2026-05-08,0.80,parent relationships not resolved in v0; company_name missing; used ticker fallback; country unknown
ENT003322,SE,SE,SE,,TRUE,Unknown,Unknown,GSE580_theta_data.csv,2026-05-08,0.80,parent relationships not resolved in v0; company_name missing; used ticker fallback; country unknown
ENT003323,SEAT,SEAT,SEAT,,TRUE,Unknown,Unknown,GSE580_theta_data.csv,2026-05-08,0.80,parent relationships not resolved in v0; company_name missing; used ticker fallback; country unknown
ENT003324,SEB,SEB,SEB,,TRUE,Unknown,Unknown,GSE580_theta_data.csv,2026-05-08,0.80,parent relationships not resolved in v0; company_name missing; used ticker fallback; country unknown
ENT003325,SEDG,SEDG,SEDG,,TRUE,Unknown,Unknown,GSE580_theta_data.csv,2026-05-08,0.80,parent relationships not resolved in v0; company_name missing; used ticker fallback; country unknown
ENT003326,SEE,SEE,SEE,,TRUE,Unknown,Unknown,GSE580_theta_data.csv,2026-05-08,0.80,parent relationships not resolved in v0; company_name missing; used ticker fallback; country unknown
ENT003327,SEER,SEER,SEER,,TRUE,Unknown,Unknown,GSE580_theta_data.csv,2026-05-08,0.80,parent relationships not resolved in v0; company_name missing; used ticker fallback; country unknown
ENT003328,SEG,SEG,SEG,,TRUE,Unknown,Unknown,GSE580_theta_data.csv,2026-05-08,0.80,parent relationships not resolved in v0; company_name missing; used ticker fallback; country unknown
ENT003329,SEHK:01821,SEHK:01821,SEHK:01821,,TRUE,Unknown,Unknown,GSE580_theta_data.csv,2026-05-08,0.80,parent relationships not resolved in v0; company_name missing; used ticker fallback; country unknown
ENT003330,SEHK:1,SEHK:1,SEHK:1,,TRUE,Unknown,Unknown,GSE580_theta_data.csv,2026-05-08,0.80,parent relationships not resolved in v0; company_name missing; used ticker fallback; country unknown
ENT003331,SEHK:1024,SEHK:1024,SEHK:1024,,TRUE,Unknown,Unknown,GSE580_theta_data.csv,2026-05-08,0.80,parent relationships not resolved in v0; company_name missing; used ticker fallback; country unknown
ENT003332,SEHK:1044,SEHK:1044,SEHK:1044,,TRUE,Unknown,Unknown,GSE580_theta_data.csv,2026-05-08,0.80,parent relationships not resolved in v0; company_name missing; used ticker fallback; country unknown
ENT003333,SEHK:1070,SEHK:1070,SEHK:1070,,TRUE,Unknown,Unknown,GSE580_theta_data.csv,2026-05-08,0.80,parent relationships not resolved in v0; company_name missing; used ticker fallback; country unknown
ENT003334,SEHK:1299,SEHK:1299,SEHK:1299,,TRUE,Unknown,Unknown,GSE580_theta_data.csv,2026-05-08,0.80,parent relationships not resolved in v0; company_name missing; used ticker fallback; country unknown
ENT003335,SEHK:1339,SEHK:1339,SEHK:1339,,TRUE,Unknown,Unknown,GSE580_theta_data.csv,2026-05-08,0.80,parent relationships not resolved in v0; company_name missing; used ticker fallback; country unknown
ENT003336,SEHK:1347,SEHK:1347,SEHK:1347,,TRUE,Unknown,Unknown,GSE580_theta_data.csv,2026-05-08,0.80,parent relationships not resolved in v0; company_name missing; used ticker fallback; country unknown
ENT003337,SEHK:1508,SEHK:1508,SEHK:1508,,TRUE,Unknown,Unknown,GSE580_theta_data.csv,2026-05-08,0.80,parent relationships not resolved in v0; company_name missing; used ticker fallback; country unknown
ENT003338,SEHK:1548,SEHK:1548,SEHK:1548,,TRUE,Unknown,Unknown,GSE580_theta_data.csv,2026-05-08,0.80,parent relationships not resolved in v0; company_name missing; used ticker fallback; country unknown
ENT003339,SEHK:175,SEHK:175,SEHK:175,,TRUE,Unknown,Unknown,GSE580_theta_data.csv,2026-05-08,0.80,parent relationships not resolved in v0; company_name missing; used ticker fallback; country unknown
ENT003340,SEHK:1801,SEHK:1801,SEHK:1801,,TRUE,Unknown,Unknown,GSE580_theta_data.csv,2026-05-08,0.80,parent relationships not resolved in v0; company_name missing; used ticker fallback; country unknown
ENT003341,SEHK:1810,SEHK:1810,SEHK:1810,,TRUE,Unknown,Unknown,GSE580_theta_data.csv,2026-05-08,0.80,parent relationships not resolved in v0; company_name missing; used ticker fallback; country unknown
ENT003342,SEHK:189,SEHK:189,SEHK:189,,TRUE,Unknown,Unknown,GSE580_theta_data.csv,2026-05-08,0.80,parent relationships not resolved in v0; company_name missing; used ticker fallback; country unknown
ENT003343,SEHK:1910,SEHK:1910,SEHK:1910,,TRUE,Unknown,Unknown,GSE580_theta_data.csv,2026-05-08,0.80,parent relationships not resolved in v0; company_name missing; used ticker fallback; country unknown
ENT003344,SEHK:1913,SEHK:1913,SEHK:1913,,TRUE,Unknown,Unknown,GSE580_theta_data.csv,2026-05-08,0.80,parent relationships not resolved in v0; company_name missing; used ticker fallback; country unknown
ENT003345,SEHK:1929,SEHK:1929,SEHK:1929,,TRUE,Unknown,Unknown,GSE580_theta_data.csv,2026-05-08,0.80,parent relationships not resolved in v0; company_name missing; used ticker fallback; country unknown
ENT003346,SEHK:196,SEHK:196,SEHK:196,,TRUE,Unknown,Unknown,GSE580_theta_data.csv,2026-05-08,0.80,parent relationships not resolved in v0; company_name missing; used ticker fallback; country unknown
ENT003347,SEHK:1999,SEHK:1999,SEHK:1999,,TRUE,Unknown,Unknown,GSE580_theta_data.csv,2026-05-08,0.80,parent relationships not resolved in v0; company_name missing; used ticker fallback; country unknown
ENT003348,SEHK:2018,SEHK:2018,SEHK:2018,,TRUE,Unknown,Unknown,GSE580_theta_data.csv,2026-05-08,0.80,parent relationships not resolved in v0; company_name missing; used ticker fallback; country unknown
ENT003349,SEHK:2020,SEHK:2020,SEHK:2020,,TRUE,Unknown,Unknown,GSE580_theta_data.csv,2026-05-08,0.80,parent relationships not resolved in v0; company_name missing; used ticker fallback; country unknown
ENT003350,SEHK:2142,SEHK:2142,SEHK:2142,,TRUE,Unknown,Unknown,GSE580_theta_data.csv,2026-05-08,0.80,parent relationships not resolved in v0; company_name missing; used ticker fallback; country unknown
ENT003351,SEHK:2160,SEHK:2160,SEHK:2160,,TRUE,Unknown,Unknown,GSE580_theta_data.csv,2026-05-08,0.80,parent relationships not resolved in v0; company_name missing; used ticker fallback; country unknown
ENT003352,SEHK:2202,SEHK:2202,SEHK:2202,,TRUE,Unknown,Unknown,GSE580_theta_data.csv,2026-05-08,0.80,parent relationships not resolved in v0; company_name missing; used ticker fallback; country unknown
ENT003353,SEHK:2246,SEHK:2246,SEHK:2246,,TRUE,Unknown,Unknown,GSE580_theta_data.csv,2026-05-08,0.80,parent relationships not resolved in v0; company_name missing; used ticker fallback; country unknown
ENT003354,SEHK:2269,SEHK:2269,SEHK:2269,,TRUE,Unknown,Unknown,GSE580_theta_data.csv,2026-05-08,0.80,parent relationships not resolved in v0; company_name missing; used ticker fallback; country unknown
ENT003355,SEHK:23,SEHK:23,SEHK:23,,TRUE,Unknown,Unknown,GSE580_theta_data.csv,2026-05-08,0.80,parent relationships not resolved in v0; company_name missing; used ticker fallback; country unknown
ENT003356,SEHK:2319,SEHK:2319,SEHK:2319,,TRUE,Unknown,Unknown,GSE580_theta_data.csv,2026-05-08,0.80,parent relationships not resolved in v0; company_name missing; used ticker fallback; country unknown
ENT003357,SEHK:2331,SEHK:2331,SEHK:2331,,TRUE,Unknown,Unknown,GSE580_theta_data.csv,2026-05-08,0.80,parent relationships not resolved in v0; company_name missing; used ticker fallback; country unknown
ENT003358,SEHK:2339,SEHK:2339,SEHK:2339,,TRUE,Unknown,Unknown,GSE580_theta_data.csv,2026-05-08,0.80,parent relationships not resolved in v0; company_name missing; used ticker fallback; country unknown
ENT003359,SEHK:2343,SEHK:2343,SEHK:2343,,TRUE,Unknown,Unknown,GSE580_theta_data.csv,2026-05-08,0.80,parent relationships not resolved in v0; company_name missing; used ticker fallback; country unknown
ENT003360,SEHK:2382,SEHK:2382,SEHK:2382,,TRUE,Unknown,Unknown,GSE580_theta_data.csv,2026-05-08,0.80,parent relationships not resolved in v0; company_name missing; used ticker fallback; country unknown
ENT003361,SEHK:2498,SEHK:2498,SEHK:2498,,TRUE,Unknown,Unknown,GSE580_theta_data.csv,2026-05-08,0.80,parent relationships not resolved in v0; company_name missing; used ticker fallback; country unknown
ENT003362,SEHK:2533,SEHK:2533,SEHK:2533,,TRUE,Unknown,Unknown,GSE580_theta_data.csv,2026-05-08,0.80,parent relationships not resolved in v0; company_name missing; used ticker fallback; country unknown
ENT003363,SEHK:2588,SEHK:2588,SEHK:2588,,TRUE,Unknown,Unknown,GSE580_theta_data.csv,2026-05-08,0.80,parent relationships not resolved in v0; company_name missing; used ticker fallback; country unknown
ENT003364,SEHK:2628,SEHK:2628,SEHK:2628,,TRUE,Unknown,Unknown,GSE580_theta_data.csv,2026-05-08,0.80,parent relationships not resolved in v0; company_name missing; used ticker fallback; country unknown
ENT003365,SEHK:2689,SEHK:2689,SEHK:2689,,TRUE,Unknown,Unknown,GSE580_theta_data.csv,2026-05-08,0.80,parent relationships not resolved in v0; company_name missing; used ticker fallback; country unknown
ENT003366,SEHK:288,SEHK:288,SEHK:288,,TRUE,Unknown,Unknown,GSE580_theta_data.csv,2026-05-08,0.80,parent relationships not resolved in v0; company_name missing; used ticker fallback; country unknown
ENT003367,SEHK:2883,SEHK:2883,SEHK:2883,,TRUE,Unknown,Unknown,GSE580_theta_data.csv,2026-05-08,0.80,parent relationships not resolved in v0; company_name missing; used ticker fallback; country unknown
ENT003368,SEHK:291,SEHK:291,SEHK:291,,TRUE,Unknown,Unknown,GSE580_theta_data.csv,2026-05-08,0.80,parent relationships not resolved in v0; company_name missing; used ticker fallback; country unknown
ENT003369,SEHK:3690,SEHK:3690,SEHK:3690,,TRUE,Unknown,Unknown,GSE580_theta_data.csv,2026-05-08,0.80,parent relationships not resolved in v0; company_name missing; used ticker fallback; country unknown
ENT003370,SEHK:3692,SEHK:3692,SEHK:3692,,TRUE,Unknown,Unknown,GSE580_theta_data.csv,2026-05-08,0.80,parent relationships not resolved in v0; company_name missing; used ticker fallback; country unknown
ENT003371,SEHK:388,SEHK:388,SEHK:388,,TRUE,Unknown,Unknown,GSE580_theta_data.csv,2026-05-08,0.80,parent relationships not resolved in v0; company_name missing; used ticker fallback; country unknown
ENT003372,SEHK:3968,SEHK:3968,SEHK:3968,,TRUE,Unknown,Unknown,GSE580_theta_data.csv,2026-05-08,0.80,parent relationships not resolved in v0; company_name missing; used ticker fallback; country unknown
ENT003373,SEHK:520,SEHK:520,SEHK:520,,TRUE,Unknown,Unknown,GSE580_theta_data.csv,2026-05-08,0.80,parent relationships not resolved in v0; company_name missing; used ticker fallback; country unknown
ENT003374,SEHK:522,SEHK:522,SEHK:522,,TRUE,Unknown,Unknown,GSE580_theta_data.csv,2026-05-08,0.80,parent relationships not resolved in v0; company_name missing; used ticker fallback; country unknown
ENT003375,SEHK:6030,SEHK:6030,SEHK:6030,,TRUE,Unknown,Unknown,GSE580_theta_data.csv,2026-05-08,0.80,parent relationships not resolved in v0; company_name missing; used ticker fallback; country unknown
ENT003376,SEHK:6055,SEHK:6055,SEHK:6055,,TRUE,Unknown,Unknown,GSE580_theta_data.csv,2026-05-08,0.80,parent relationships not resolved in v0; company_name missing; used ticker fallback; country unknown
ENT003377,SEHK:6160,SEHK:6160,SEHK:6160,,TRUE,Unknown,Unknown,GSE580_theta_data.csv,2026-05-08,0.80,parent relationships not resolved in v0; company_name missing; used ticker fallback; country unknown
ENT003378,SEHK:6186,SEHK:6186,SEHK:6186,,TRUE,Unknown,Unknown,GSE580_theta_data.csv,2026-05-08,0.80,parent relationships not resolved in v0; company_name missing; used ticker fallback; country unknown
ENT003379,SEHK:669,SEHK:669,SEHK:669,,TRUE,Unknown,Unknown,GSE580_theta_data.csv,2026-05-08,0.80,parent relationships not resolved in v0; company_name missing; used ticker fallback; country unknown
ENT003380,SEHK:6690,SEHK:6690,SEHK:6690,,TRUE,Unknown,Unknown,GSE580_theta_data.csv,2026-05-08,0.80,parent relationships not resolved in v0; company_name missing; used ticker fallback; country unknown
ENT003381,SEHK:6699,SEHK:6699,SEHK:6699,,TRUE,Unknown,Unknown,GSE580_theta_data.csv,2026-05-08,0.80,parent relationships not resolved in v0; company_name missing; used ticker fallback; country unknown
ENT003382,SEHK:6855,SEHK:6855,SEHK:6855,,TRUE,Unknown,Unknown,GSE580_theta_data.csv,2026-05-08,0.80,parent relationships not resolved in v0; company_name missing; used ticker fallback; country unknown
ENT003383,SEHK:6858,SEHK:6858,SEHK:6858,,TRUE,Unknown,Unknown,GSE580_theta_data.csv,2026-05-08,0.80,parent relationships not resolved in v0; company_name missing; used ticker fallback; country unknown
ENT003384,SEHK:6862,SEHK:6862,SEHK:6862,,TRUE,Unknown,Unknown,GSE580_theta_data.csv,2026-05-08,0.80,parent relationships not resolved in v0; company_name missing; used ticker fallback; country unknown
ENT003385,SEHK:696,SEHK:696,SEHK:696,,TRUE,Unknown,Unknown,GSE580_theta_data.csv,2026-05-08,0.80,parent relationships not resolved in v0; company_name missing; used ticker fallback; country unknown
ENT003386,SEHK:700,SEHK:700,SEHK:700,,TRUE,Unknown,Unknown,GSE580_theta_data.csv,2026-05-08,0.80,parent relationships not resolved in v0; company_name missing; used ticker fallback; country unknown
ENT003387,SEHK:762,SEHK:762,SEHK:762,,TRUE,Unknown,Unknown,GSE580_theta_data.csv,2026-05-08,0.80,parent relationships not resolved in v0; company_name missing; used ticker fallback; country unknown
ENT003388,SEHK:853,SEHK:853,SEHK:853,,TRUE,Unknown,Unknown,GSE580_theta_data.csv,2026-05-08,0.80,parent relationships not resolved in v0; company_name missing; used ticker fallback; country unknown
ENT003389,SEHK:883,SEHK:883,SEHK:883,,TRUE,Unknown,Unknown,GSE580_theta_data.csv,2026-05-08,0.80,parent relationships not resolved in v0; company_name missing; used ticker fallback; country unknown
ENT003390,SEHK:941,SEHK:941,SEHK:941,,TRUE,Unknown,Unknown,GSE580_theta_data.csv,2026-05-08,0.80,parent relationships not resolved in v0; company_name missing; used ticker fallback; country unknown
ENT003391,SEHK:960,SEHK:960,SEHK:960,,TRUE,Unknown,Unknown,GSE580_theta_data.csv,2026-05-08,0.80,parent relationships not resolved in v0; company_name missing; used ticker fallback; country unknown
ENT003392,SEHK:9660,SEHK:9660,SEHK:9660,,TRUE,Unknown,Unknown,GSE580_theta_data.csv,2026-05-08,0.80,parent relationships not resolved in v0; company_name missing; used ticker fallback; country unknown
ENT003393,SEHK:9688,SEHK:9688,SEHK:9688,,TRUE,Unknown,Unknown,GSE580_theta_data.csv,2026-05-08,0.80,parent relationships not resolved in v0; company_name missing; used ticker fallback; country unknown
ENT003394,SEHK:981,SEHK:981,SEHK:981,,TRUE,Unknown,Unknown,GSE580_theta_data.csv,2026-05-08,0.80,parent relationships not resolved in v0; company_name missing; used ticker fallback; country unknown
ENT003395,SEHK:992,SEHK:992,SEHK:992,,TRUE,Unknown,Unknown,GSE580_theta_data.csv,2026-05-08,0.80,parent relationships not resolved in v0; company_name missing; used ticker fallback; country unknown
ENT003396,SEHK:9992,SEHK:9992,SEHK:9992,,TRUE,Unknown,Unknown,GSE580_theta_data.csv,2026-05-08,0.80,parent relationships not resolved in v0; company_name missing; used ticker fallback; country unknown
ENT003397,SEI,SEI,SEI,,TRUE,Unknown,Unknown,GSE580_theta_data.csv,2026-05-08,0.80,parent relationships not resolved in v0; company_name missing; used ticker fallback; country unknown
ENT003398,SEIC,SEIC,SEIC,,TRUE,Unknown,Unknown,GSE580_theta_data.csv,2026-05-08,0.80,parent relationships not resolved in v0; company_name missing; used ticker fallback; country unknown
ENT003399,SEM,SEM,SEM,,TRUE,Unknown,Unknown,GSE580_theta_data.csv,2026-05-08,0.80,parent relationships not resolved in v0; company_name missing; used ticker fallback; country unknown
ENT003400,SEMR,SEMR,SEMR,,TRUE,Unknown,Unknown,GSE580_theta_data.csv,2026-05-08,0.80,parent relationships not resolved in v0; company_name missing; used ticker fallback; country unknown
ENT003401,SEMU.F,SEMU.F,SEMU.F,,TRUE,Unknown,Unknown,GSE580_theta_data.csv,2026-05-08,0.80,parent relationships not resolved in v0; company_name missing; used ticker fallback; country unknown
ENT003402,SENE.A,SENE.A,SENE.A,,TRUE,Unknown,Unknown,GSE580_theta_data.csv,2026-05-08,0.80,parent relationships not resolved in v0; company_name missing; used ticker fallback; country unknown
ENT003403,SENS,SENS,SENS,,TRUE,Unknown,Unknown,GSE580_theta_data.csv,2026-05-08,0.80,parent relationships not resolved in v0; company_name missing; used ticker fallback; country unknown
ENT003404,SEPN,SEPN,SEPN,,TRUE,Unknown,Unknown,GSE580_theta_data.csv,2026-05-08,0.80,parent relationships not resolved in v0; company_name missing; used ticker fallback; country unknown
ENT003405,SERV,SERV,SERV,,TRUE,United States,North America,GSE580_theta_data.csv,2026-05-08,0.80,parent relationships not resolved in v0; company_name missing; used ticker fallback
ENT003406,SES,SES,SES,,TRUE,Unknown,Unknown,GSE580_theta_data.csv,2026-05-08,0.80,parent relationships not resolved in v0; company_name missing; used ticker fallback; country unknown
ENT003407,SET:BDMS,SET:BDMS,SET:BDMS,,TRUE,Unknown,Unknown,GSE580_theta_data.csv,2026-05-08,0.80,parent relationships not resolved in v0; company_name missing; used ticker fallback; country unknown
ENT003408,SET:CBG,SET:CBG,SET:CBG,,TRUE,Unknown,Unknown,GSE580_theta_data.csv,2026-05-08,0.80,parent relationships not resolved in v0; company_name missing; used ticker fallback; country unknown
ENT003409,SET:CPALL,SET:CPALL,SET:CPALL,,TRUE,Unknown,Unknown,GSE580_theta_data.csv,2026-05-08,0.80,parent relationships not resolved in v0; company_name missing; used ticker fallback; country unknown
ENT003410,SET:CPAXT,SET:CPAXT,SET:CPAXT,,TRUE,Unknown,Unknown,GSE580_theta_data.csv,2026-05-08,0.80,parent relationships not resolved in v0; company_name missing; used ticker fallback; country unknown
ENT003411,SET:CPF,SET:CPF,SET:CPF,,TRUE,Unknown,Unknown,GSE580_theta_data.csv,2026-05-08,0.80,parent relationships not resolved in v0; company_name missing; used ticker fallback; country unknown
ENT003412,SET:CRC,SET:CRC,SET:CRC,,TRUE,Unknown,Unknown,GSE580_theta_data.csv,2026-05-08,0.80,parent relationships not resolved in v0; company_name missing; used ticker fallback; country unknown
ENT003413,SET:MINT,SET:MINT,SET:MINT,,TRUE,Unknown,Unknown,GSE580_theta_data.csv,2026-05-08,0.80,parent relationships not resolved in v0; company_name missing; used ticker fallback; country unknown
ENT003414,SET:PTT,SET:PTT,SET:PTT,,TRUE,Unknown,Unknown,GSE580_theta_data.csv,2026-05-08,0.80,parent relationships not resolved in v0; company_name missing; used ticker fallback; country unknown
ENT003415,SEV,SEV,SEV,,TRUE,Unknown,Unknown,GSE580_theta_data.csv,2026-05-08,0.80,parent relationships not resolved in v0; company_name missing; used ticker fallback; country unknown
ENT003416,SEZL,SEZL,SEZL,,TRUE,Unknown,Unknown,GSE580_theta_data.csv,2026-05-08,0.80,parent relationships not resolved in v0; company_name missing; used ticker fallback; country unknown
ENT003417,SF,SF,SF,,TRUE,Unknown,Unknown,GSE580_theta_data.csv,2026-05-08,0.80,parent relationships not resolved in v0; company_name missing; used ticker fallback; country unknown
ENT003418,SFD,SFD,SFD,,TRUE,United States,North America,GSE580_theta_data.csv,2026-05-08,0.80,parent relationships not resolved in v0; company_name missing; used ticker fallback
ENT003419,SFIX,SFIX,SFIX,,TRUE,Unknown,Unknown,GSE580_theta_data.csv,2026-05-08,0.80,parent relationships not resolved in v0; company_name missing; used ticker fallback; country unknown
ENT003420,SFL,SFL,SFL,,TRUE,Unknown,Unknown,GSE580_theta_data.csv,2026-05-08,0.80,parent relationships not resolved in v0; company_name missing; used ticker fallback; country unknown
ENT003421,SFM,SFM,SFM,,TRUE,Unknown,Unknown,GSE580_theta_data.csv,2026-05-08,0.80,parent relationships not resolved in v0; company_name missing; used ticker fallback; country unknown
ENT003422,SG,SG,SG,,TRUE,Unknown,Unknown,GSE580_theta_data.csv,2026-05-08,0.80,parent relationships not resolved in v0; company_name missing; used ticker fallback; country unknown
ENT003423,SGC,SGC,SGC,,TRUE,Unknown,Unknown,GSE580_theta_data.csv,2026-05-08,0.80,parent relationships not resolved in v0; company_name missing; used ticker fallback; country unknown
ENT003424,SGHC,SGHC,SGHC,,TRUE,Unknown,Unknown,GSE580_theta_data.csv,2026-05-08,0.80,parent relationships not resolved in v0; company_name missing; used ticker fallback; country unknown
ENT003425,SGHT,SGHT,SGHT,,TRUE,United States,North America,GSE580_theta_data.csv,2026-05-08,0.80,parent relationships not resolved in v0; company_name missing; used ticker fallback
ENT003426,SGI,SGI,SGI,,TRUE,Unknown,Unknown,GSE580_theta_data.csv,2026-05-08,0.80,parent relationships not resolved in v0; company_name missing; used ticker fallback; country unknown
ENT003427,SGML,SGML,SGML,,TRUE,Unknown,Unknown,GSE580_theta_data.csv,2026-05-08,0.80,parent relationships not resolved in v0; company_name missing; used ticker fallback; country unknown
ENT003428,SGRY,SGRY,SGRY,,TRUE,Unknown,Unknown,GSE580_theta_data.csv,2026-05-08,0.80,parent relationships not resolved in v0; company_name missing; used ticker fallback; country unknown
ENT003429,SGU,SGU,SGU,,TRUE,Unknown,Unknown,GSE580_theta_data.csv,2026-05-08,0.80,parent relationships not resolved in v0; company_name missing; used ticker fallback; country unknown
ENT003430,SGX:9CI,SGX:9CI,SGX:9CI,,TRUE,Unknown,Unknown,GSE580_theta_data.csv,2026-05-08,0.80,parent relationships not resolved in v0; company_name missing; used ticker fallback; country unknown
ENT003431,SGX:A17U,SGX:A17U,SGX:A17U,,TRUE,Unknown,Unknown,GSE580_theta_data.csv,2026-05-08,0.80,parent relationships not resolved in v0; company_name missing; used ticker fallback; country unknown
ENT003432,SGX:D03,SGX:D03,SGX:D03,,TRUE,Unknown,Unknown,GSE580_theta_data.csv,2026-05-08,0.80,parent relationships not resolved in v0; company_name missing; used ticker fallback; country unknown
ENT003433,SGX:D05,SGX:D05,SGX:D05,,TRUE,Unknown,Unknown,GSE580_theta_data.csv,2026-05-08,0.80,parent relationships not resolved in v0; company_name missing; used ticker fallback; country unknown
ENT003434,SGX:F34,SGX:F34,SGX:F34,,TRUE,Unknown,Unknown,GSE580_theta_data.csv,2026-05-08,0.80,parent relationships not resolved in v0; company_name missing; used ticker fallback; country unknown
ENT003435,SGX:F99,SGX:F99,SGX:F99,,TRUE,Unknown,Unknown,GSE580_theta_data.csv,2026-05-08,0.80,parent relationships not resolved in v0; company_name missing; used ticker fallback; country unknown
ENT003436,SGX:G13,SGX:G13,SGX:G13,,TRUE,Unknown,Unknown,GSE580_theta_data.csv,2026-05-08,0.80,parent relationships not resolved in v0; company_name missing; used ticker fallback; country unknown
ENT003437,SGX:O39,SGX:O39,SGX:O39,,TRUE,Unknown,Unknown,GSE580_theta_data.csv,2026-05-08,0.80,parent relationships not resolved in v0; company_name missing; used ticker fallback; country unknown
ENT003438,SGX:S59,SGX:S59,SGX:S59,,TRUE,Unknown,Unknown,GSE580_theta_data.csv,2026-05-08,0.80,parent relationships not resolved in v0; company_name missing; used ticker fallback; country unknown
ENT003439,SGX:S63,SGX:S63,SGX:S63,,TRUE,Unknown,Unknown,GSE580_theta_data.csv,2026-05-08,0.80,parent relationships not resolved in v0; company_name missing; used ticker fallback; country unknown
ENT003440,SGX:S68,SGX:S68,SGX:S68,,TRUE,Unknown,Unknown,GSE580_theta_data.csv,2026-05-08,0.80,parent relationships not resolved in v0; company_name missing; used ticker fallback; country unknown
ENT003441,SGX:U11,SGX:U11,SGX:U11,,TRUE,Unknown,Unknown,GSE580_theta_data.csv,2026-05-08,0.80,parent relationships not resolved in v0; company_name missing; used ticker fallback; country unknown
ENT003442,SGX:V03,SGX:V03,SGX:V03,,TRUE,Unknown,Unknown,GSE580_theta_data.csv,2026-05-08,0.80,parent relationships not resolved in v0; company_name missing; used ticker fallback; country unknown
ENT003443,SGX:VC2,SGX:VC2,SGX:VC2,,TRUE,Unknown,Unknown,GSE580_theta_data.csv,2026-05-08,0.80,parent relationships not resolved in v0; company_name missing; used ticker fallback; country unknown
ENT003444,SGX:Y92,SGX:Y92,SGX:Y92,,TRUE,Unknown,Unknown,GSE580_theta_data.csv,2026-05-08,0.80,parent relationships not resolved in v0; company_name missing; used ticker fallback; country unknown
ENT003445,SGX:Z74,SGX:Z74,SGX:Z74,,TRUE,Unknown,Unknown,GSE580_theta_data.csv,2026-05-08,0.80,parent relationships not resolved in v0; company_name missing; used ticker fallback; country unknown
ENT003446,SHAK,SHAK,SHAK,,TRUE,Unknown,Unknown,GSE580_theta_data.csv,2026-05-08,0.80,parent relationships not resolved in v0; company_name missing; used ticker fallback; country unknown
ENT003447,SHC,SHC,SHC,,TRUE,Unknown,Unknown,GSE580_theta_data.csv,2026-05-08,0.80,parent relationships not resolved in v0; company_name missing; used ticker fallback; country unknown
ENT003448,SHCO,SHCO,SH,,TRUE,Unknown,Unknown,GSE580_theta_data.csv,2026-05-08,0.80,parent relationships not resolved in v0; company_name missing; used ticker fallback; country unknown
ENT003449,SHEN,SHEN,SHEN,,TRUE,Unknown,Unknown,GSE580_theta_data.csv,2026-05-08,0.80,parent relationships not resolved in v0; company_name missing; used ticker fallback; country unknown
ENT003450,SHG,SHG,SHG,,TRUE,Unknown,Unknown,GSE580_theta_data.csv,2026-05-08,0.80,parent relationships not resolved in v0; company_name missing; used ticker fallback; country unknown
ENT003451,SHIP,SHIP,SHIP,,TRUE,Unknown,Unknown,GSE580_theta_data.csv,2026-05-08,0.80,parent relationships not resolved in v0; company_name missing; used ticker fallback; country unknown
ENT003452,SHLS,SHLS,SHLS,,TRUE,United States,North America,GSE580_theta_data.csv,2026-05-08,0.80,parent relationships not resolved in v0; company_name missing; used ticker fallback
ENT003453,SHMD,SHMD,SHMD,,TRUE,Unknown,Unknown,GSE580_theta_data.csv,2026-05-08,0.80,parent relationships not resolved in v0; company_name missing; used ticker fallback; country unknown
ENT003454,SHO,SHO,SHO,,TRUE,Unknown,Unknown,GSE580_theta_data.csv,2026-05-08,0.80,parent relationships not resolved in v0; company_name missing; used ticker fallback; country unknown
ENT003455,SHOO,SHOO,SHOO,,TRUE,Unknown,Unknown,GSE580_theta_data.csv,2026-05-08,0.80,parent relationships not resolved in v0; company_name missing; used ticker fallback; country unknown
ENT003456,SHOP,SHOP,SHOP,,TRUE,Unknown,Unknown,GSE580_theta_data.csv,2026-05-08,0.80,parent relationships not resolved in v0; company_name missing; used ticker fallback; country unknown
ENT003457,SHSE:600019,SHSE:600019,SHSE:600019,,TRUE,Unknown,Unknown,GSE580_theta_data.csv,2026-05-08,0.80,parent relationships not resolved in v0; company_name missing; used ticker fallback; country unknown
ENT003458,SHSE:600026,SHSE:600026,SHSE:600026,,TRUE,Unknown,Unknown,GSE580_theta_data.csv,2026-05-08,0.80,parent relationships not resolved in v0; company_name missing; used ticker fallback; country unknown
ENT003459,SHSE:600028,SHSE:600028,SHSE:600028,,TRUE,Unknown,Unknown,GSE580_theta_data.csv,2026-05-08,0.80,parent relationships not resolved in v0; company_name missing; used ticker fallback; country unknown
ENT003460,SHSE:600031,SHSE:600031,SHSE:600031,,TRUE,Unknown,Unknown,GSE580_theta_data.csv,2026-05-08,0.80,parent relationships not resolved in v0; company_name missing; used ticker fallback; country unknown
ENT003461,SHSE:600104,SHSE:600104,SHSE:600104,,TRUE,Unknown,Unknown,GSE580_theta_data.csv,2026-05-08,0.80,parent relationships not resolved in v0; company_name missing; used ticker fallback; country unknown
ENT003462,SHSE:600111,SHSE:600111,SHSE:600111,,TRUE,Unknown,Unknown,GSE580_theta_data.csv,2026-05-08,0.80,parent relationships not resolved in v0; company_name missing; used ticker fallback; country unknown
ENT003463,SHSE:600183,SHSE:600183,SHSE:600183,,TRUE,Unknown,Unknown,GSE580_theta_data.csv,2026-05-08,0.80,parent relationships not resolved in v0; company_name missing; used ticker fallback; country unknown
ENT003464,SHSE:600276,SHSE:600276,SHSE:600276,,TRUE,Unknown,Unknown,GSE580_theta_data.csv,2026-05-08,0.80,parent relationships not resolved in v0; company_name missing; used ticker fallback; country unknown
ENT003465,SHSE:600309,SHSE:600309,SHSE:600309,,TRUE,Unknown,Unknown,GSE580_theta_data.csv,2026-05-08,0.80,parent relationships not resolved in v0; company_name missing; used ticker fallback; country unknown
ENT003466,SHSE:600346,SHSE:600346,SHSE:600346,,TRUE,Unknown,Unknown,GSE580_theta_data.csv,2026-05-08,0.80,parent relationships not resolved in v0; company_name missing; used ticker fallback; country unknown
ENT003467,SHSE:600362,SHSE:600362,SHSE:600362,,TRUE,Unknown,Unknown,GSE580_theta_data.csv,2026-05-08,0.80,parent relationships not resolved in v0; company_name missing; used ticker fallback; country unknown
ENT003468,SHSE:600456,SHSE:600456,SHSE:600456,,TRUE,Unknown,Unknown,GSE580_theta_data.csv,2026-05-08,0.80,parent relationships not resolved in v0; company_name missing; used ticker fallback; country unknown
ENT003469,SHSE:600498,SHSE:600498,SHSE:600498,,TRUE,Unknown,Unknown,GSE580_theta_data.csv,2026-05-08,0.80,parent relationships not resolved in v0; company_name missing; used ticker fallback; country unknown
ENT003470,SHSE:600519,SHSE:600519,SHSE:600519,,TRUE,Unknown,Unknown,GSE580_theta_data.csv,2026-05-08,0.80,parent relationships not resolved in v0; company_name missing; used ticker fallback; country unknown
ENT003471,SHSE:600547,SHSE:600547,SHSE:600547,,TRUE,Unknown,Unknown,GSE580_theta_data.csv,2026-05-08,0.80,parent relationships not resolved in v0; company_name missing; used ticker fallback; country unknown
ENT003472,SHSE:600584,SHSE:600584,SHSE:600584,,TRUE,Unknown,Unknown,GSE580_theta_data.csv,2026-05-08,0.80,parent relationships not resolved in v0; company_name missing; used ticker fallback; country unknown
ENT003473,SHSE:600600,SHSE:600600,SHSE:600600,,TRUE,Unknown,Unknown,GSE580_theta_data.csv,2026-05-08,0.80,parent relationships not resolved in v0; company_name missing; used ticker fallback; country unknown
ENT003474,SHSE:600690,SHSE:600690,SHSE:600690,,TRUE,Unknown,Unknown,GSE580_theta_data.csv,2026-05-08,0.80,parent relationships not resolved in v0; company_name missing; used ticker fallback; country unknown
ENT003475,SHSE:600699,SHSE:600699,SHSE:600699,,TRUE,Unknown,Unknown,GSE580_theta_data.csv,2026-05-08,0.80,parent relationships not resolved in v0; company_name missing; used ticker fallback; country unknown
ENT003476,SHSE:600741,SHSE:600741,SHSE:600741,,TRUE,Unknown,Unknown,GSE580_theta_data.csv,2026-05-08,0.80,parent relationships not resolved in v0; company_name missing; used ticker fallback; country unknown
ENT003477,SHSE:600746,SHSE:600746,SHSE:600746,,TRUE,Unknown,Unknown,GSE580_theta_data.csv,2026-05-08,0.80,parent relationships not resolved in v0; company_name missing; used ticker fallback; country unknown
ENT003478,SHSE:600754,SHSE:600754,SHSE:600754,,TRUE,Unknown,Unknown,GSE580_theta_data.csv,2026-05-08,0.80,parent relationships not resolved in v0; company_name missing; used ticker fallback; country unknown
ENT003479,SHSE:600756,SHSE:600756,SHSE:600756,,TRUE,Unknown,Unknown,GSE580_theta_data.csv,2026-05-08,0.80,parent relationships not resolved in v0; company_name missing; used ticker fallback; country unknown
ENT003480,SHSE:600887,SHSE:600887,SHSE:600887,,TRUE,Unknown,Unknown,GSE580_theta_data.csv,2026-05-08,0.80,parent relationships not resolved in v0; company_name missing; used ticker fallback; country unknown
ENT003481,SHSE:601012,SHSE:601012,SHSE:601012,,TRUE,Unknown,Unknown,GSE580_theta_data.csv,2026-05-08,0.80,parent relationships not resolved in v0; company_name missing; used ticker fallback; country unknown
ENT003482,SHSE:601088,SHSE:601088,SHSE:601088,,TRUE,Unknown,Unknown,GSE580_theta_data.csv,2026-05-08,0.80,parent relationships not resolved in v0; company_name missing; used ticker fallback; country unknown
ENT003483,SHSE:601318,SHSE:601318,SHSE:601318,,TRUE,Unknown,Unknown,GSE580_theta_data.csv,2026-05-08,0.80,parent relationships not resolved in v0; company_name missing; used ticker fallback; country unknown
ENT003484,SHSE:601398,SHSE:601398,SHSE:601398,,TRUE,Unknown,Unknown,GSE580_theta_data.csv,2026-05-08,0.80,parent relationships not resolved in v0; company_name missing; used ticker fallback; country unknown
ENT003485,SHSE:601600,SHSE:601600,SHSE:601600,,TRUE,Unknown,Unknown,GSE580_theta_data.csv,2026-05-08,0.80,parent relationships not resolved in v0; company_name missing; used ticker fallback; country unknown
ENT003486,SHSE:601633,SHSE:601633,SHSE:601633,,TRUE,Unknown,Unknown,GSE580_theta_data.csv,2026-05-08,0.80,parent relationships not resolved in v0; company_name missing; used ticker fallback; country unknown
ENT003487,SHSE:601766,SHSE:601766,SHSE:601766,,TRUE,Unknown,Unknown,GSE580_theta_data.csv,2026-05-08,0.80,parent relationships not resolved in v0; company_name missing; used ticker fallback; country unknown
ENT003488,SHSE:601857,SHSE:601857,SHSE:601857,,TRUE,Unknown,Unknown,GSE580_theta_data.csv,2026-05-08,0.80,parent relationships not resolved in v0; company_name missing; used ticker fallback; country unknown
ENT003489,SHSE:601869,SHSE:601869,SHSE:601869,,TRUE,Unknown,Unknown,GSE580_theta_data.csv,2026-05-08,0.80,parent relationships not resolved in v0; company_name missing; used ticker fallback; country unknown
ENT003490,SHSE:601888,SHSE:601888,SHSE:601888,,TRUE,Unknown,Unknown,GSE580_theta_data.csv,2026-05-08,0.80,parent relationships not resolved in v0; company_name missing; used ticker fallback; country unknown
ENT003491,SHSE:601899,SHSE:601899,SHSE:601899,,TRUE,Unknown,Unknown,GSE580_theta_data.csv,2026-05-08,0.80,parent relationships not resolved in v0; company_name missing; used ticker fallback; country unknown
ENT003492,SHSE:601919,SHSE:601919,SHSE:601919,,TRUE,Unknown,Unknown,GSE580_theta_data.csv,2026-05-08,0.80,parent relationships not resolved in v0; company_name missing; used ticker fallback; country unknown
ENT003493,SHSE:603259,SHSE:603259,SHSE:603259,,TRUE,Unknown,Unknown,GSE580_theta_data.csv,2026-05-08,0.80,parent relationships not resolved in v0; company_name missing; used ticker fallback; country unknown
ENT003494,SHSE:603288,SHSE:603288,SHSE:603288,,TRUE,Unknown,Unknown,GSE580_theta_data.csv,2026-05-08,0.80,parent relationships not resolved in v0; company_name missing; used ticker fallback; country unknown
ENT003495,SHSE:603486,SHSE:603486,SHSE:603486,,TRUE,Unknown,Unknown,GSE580_theta_data.csv,2026-05-08,0.80,parent relationships not resolved in v0; company_name missing; used ticker fallback; country unknown
ENT003496,SHSE:603501,SHSE:603501,SHSE:603501,,TRUE,Unknown,Unknown,GSE580_theta_data.csv,2026-05-08,0.80,parent relationships not resolved in v0; company_name missing; used ticker fallback; country unknown
ENT003497,SHSE:603619,SHSE:603619,SHSE:603619,,TRUE,Unknown,Unknown,GSE580_theta_data.csv,2026-05-08,0.80,parent relationships not resolved in v0; company_name missing; used ticker fallback; country unknown
ENT003498,SHSE:688008,SHSE:688008,SHSE:688008,,TRUE,Unknown,Unknown,GSE580_theta_data.csv,2026-05-08,0.80,parent relationships not resolved in v0; company_name missing; used ticker fallback; country unknown
ENT003499,SHSE:688012,SHSE:688012,SHSE:688012,,TRUE,Unknown,Unknown,GSE580_theta_data.csv,2026-05-08,0.80,parent relationships not resolved in v0; company_name missing; used ticker fallback; country unknown
ENT003500,SHSE:688025,SHSE:688025,SHSE:688025,,TRUE,Unknown,Unknown,GSE580_theta_data.csv,2026-05-08,0.80,parent relationships not resolved in v0; company_name missing; used ticker fallback; country unknown
ENT003501,SHSE:688032,SHSE:688032,SHSE:688032,,TRUE,Unknown,Unknown,GSE580_theta_data.csv,2026-05-08,0.80,parent relationships not resolved in v0; company_name missing; used ticker fallback; country unknown
ENT003502,SHSE:688047,SHSE:688047,SHSE:688047,,TRUE,Unknown,Unknown,GSE580_theta_data.csv,2026-05-08,0.80,parent relationships not resolved in v0; company_name missing; used ticker fallback; country unknown
ENT003503,SHSE:688112,SHSE:688112,SHSE:688112,,TRUE,Unknown,Unknown,GSE580_theta_data.csv,2026-05-08,0.80,parent relationships not resolved in v0; company_name missing; used ticker fallback; country unknown
ENT003504,SHSE:688114,SHSE:688114,SHSE:688114,,TRUE,Unknown,Unknown,GSE580_theta_data.csv,2026-05-08,0.80,parent relationships not resolved in v0; company_name missing; used ticker fallback; country unknown
ENT003505,SHSE:688153,SHSE:688153,SHSE:688153,,TRUE,Unknown,Unknown,GSE580_theta_data.csv,2026-05-08,0.80,parent relationships not resolved in v0; company_name missing; used ticker fallback; country unknown
ENT003506,SHSE:688169,SHSE:688169,SHSE:688169,,TRUE,Unknown,Unknown,GSE580_theta_data.csv,2026-05-08,0.80,parent relationships not resolved in v0; company_name missing; used ticker fallback; country unknown
ENT003507,SHSE:688206,SHSE:688206,SHSE:688206,,TRUE,Unknown,Unknown,GSE580_theta_data.csv,2026-05-08,0.80,parent relationships not resolved in v0; company_name missing; used ticker fallback; country unknown
ENT003508,SHSE:688231,SHSE:688231,SHSE:688231,,TRUE,Unknown,Unknown,GSE580_theta_data.csv,2026-05-08,0.80,parent relationships not resolved in v0; company_name missing; used ticker fallback; country unknown
ENT003509,SHSE:688271,SHSE:688271,SHSE:688271,,TRUE,Unknown,Unknown,GSE580_theta_data.csv,2026-05-08,0.80,parent relationships not resolved in v0; company_name missing; used ticker fallback; country unknown
ENT003510,SHSE:688295,SHSE:688295,SHSE:688295,,TRUE,Unknown,Unknown,GSE580_theta_data.csv,2026-05-08,0.80,parent relationships not resolved in v0; company_name missing; used ticker fallback; country unknown
ENT003511,SHSE:688301,SHSE:688301,SHSE:688301,,TRUE,Unknown,Unknown,GSE580_theta_data.csv,2026-05-08,0.80,parent relationships not resolved in v0; company_name missing; used ticker fallback; country unknown
ENT003512,SHSE:688333,SHSE:688333,SHSE:688333,,TRUE,Unknown,Unknown,GSE580_theta_data.csv,2026-05-08,0.80,parent relationships not resolved in v0; company_name missing; used ticker fallback; country unknown
ENT003513,SHSE:688337,SHSE:688337,SHSE:688337,,TRUE,Unknown,Unknown,GSE580_theta_data.csv,2026-05-08,0.80,parent relationships not resolved in v0; company_name missing; used ticker fallback; country unknown
ENT003514,SHSE:688390,SHSE:688390,SHSE:688390,,TRUE,Unknown,Unknown,GSE580_theta_data.csv,2026-05-08,0.80,parent relationships not resolved in v0; company_name missing; used ticker fallback; country unknown
ENT003515,SHSE:688408,SHSE:688408,SHSE:688408,,TRUE,Unknown,Unknown,GSE580_theta_data.csv,2026-05-08,0.80,parent relationships not resolved in v0; company_name missing; used ticker fallback; country unknown
ENT003516,SHSE:688411,SHSE:688411,SHSE:688411,,TRUE,Unknown,Unknown,GSE580_theta_data.csv,2026-05-08,0.80,parent relationships not resolved in v0; company_name missing; used ticker fallback; country unknown
ENT003517,SHSE:688433,SHSE:688433,SHSE:688433,,TRUE,Unknown,Unknown,GSE580_theta_data.csv,2026-05-08,0.80,parent relationships not resolved in v0; company_name missing; used ticker fallback; country unknown
ENT003518,SHSE:688599,SHSE:688599,SHSE:688599,,TRUE,Unknown,Unknown,GSE580_theta_data.csv,2026-05-08,0.80,parent relationships not resolved in v0; company_name missing; used ticker fallback; country unknown
ENT003519,SHSE:688686,SHSE:688686,SHSE:688686,,TRUE,Unknown,Unknown,GSE580_theta_data.csv,2026-05-08,0.80,parent relationships not resolved in v0; company_name missing; used ticker fallback; country unknown
ENT003520,SHSE:688775,SHSE:688775,SHSE:688775,,TRUE,Unknown,Unknown,GSE580_theta_data.csv,2026-05-08,0.80,parent relationships not resolved in v0; company_name missing; used ticker fallback; country unknown
ENT003521,SHSE:689009,SHSE:689009,SHSE:689009,,TRUE,Unknown,Unknown,GSE580_theta_data.csv,2026-05-08,0.80,parent relationships not resolved in v0; company_name missing; used ticker fallback; country unknown
ENT003522,SHW,SHW,SHW,,TRUE,Unknown,Unknown,GSE580_theta_data.csv,2026-05-08,0.80,parent relationships not resolved in v0; company_name missing; used ticker fallback; country unknown
ENT003523,SI,SI,SI,,TRUE,Unknown,Unknown,GSE580_theta_data.csv,2026-05-08,0.80,parent relationships not resolved in v0; company_name missing; used ticker fallback; country unknown
ENT003524,SIBN,SIBN,SIBN,,TRUE,Unknown,Unknown,GSE580_theta_data.csv,2026-05-08,0.80,parent relationships not resolved in v0; company_name missing; used ticker fallback; country unknown
ENT003525,SIEB,SIEB,SIEB,,TRUE,Unknown,Unknown,GSE580_theta_data.csv,2026-05-08,0.80,parent relationships not resolved in v0; company_name missing; used ticker fallback; country unknown
ENT003526,SIFY,SIFY,SIFY,,TRUE,Unknown,Unknown,GSE580_theta_data.csv,2026-05-08,0.80,parent relationships not resolved in v0; company_name missing; used ticker fallback; country unknown
ENT003527,SIG,SIG,SIG,,TRUE,Unknown,Unknown,GSE580_theta_data.csv,2026-05-08,0.80,parent relationships not resolved in v0; company_name missing; used ticker fallback; country unknown
ENT003528,SIGA,SIGA,SIGA,,TRUE,Unknown,Unknown,GSE580_theta_data.csv,2026-05-08,0.80,parent relationships not resolved in v0; company_name missing; used ticker fallback; country unknown
ENT003529,SIGI,SIGI,SIGI,,TRUE,Unknown,Unknown,GSE580_theta_data.csv,2026-05-08,0.80,parent relationships not resolved in v0; company_name missing; used ticker fallback; country unknown
ENT003530,SII,SII,SII,,TRUE,Unknown,Unknown,GSE580_theta_data.csv,2026-05-08,0.80,parent relationships not resolved in v0; company_name missing; used ticker fallback; country unknown
ENT003531,SILA,SILA,SILA,,TRUE,Unknown,Unknown,GSE580_theta_data.csv,2026-05-08,0.80,parent relationships not resolved in v0; company_name missing; used ticker fallback; country unknown
ENT003532,SIM,SIM,SIM,,TRUE,Unknown,Unknown,GSE580_theta_data.csv,2026-05-08,0.80,parent relationships not resolved in v0; company_name missing; used ticker fallback; country unknown
ENT003533,SIMO,SIMO,SIMO,,TRUE,Unknown,Unknown,GSE580_theta_data.csv,2026-05-08,0.80,parent relationships not resolved in v0; company_name missing; used ticker fallback; country unknown
ENT003534,SIRI,SIRI,SIRI,,TRUE,United States,North America,GSE580_theta_data.csv,2026-05-08,0.80,parent relationships not resolved in v0; company_name missing; used ticker fallback
ENT003535,SITC,SITC,SITC,,TRUE,Unknown,Unknown,GSE580_theta_data.csv,2026-05-08,0.80,parent relationships not resolved in v0; company_name missing; used ticker fallback; country unknown
ENT003536,SITE,SITE,SITE,,TRUE,Unknown,Unknown,GSE580_theta_data.csv,2026-05-08,0.80,parent relationships not resolved in v0; company_name missing; used ticker fallback; country unknown
ENT003537,SITM,SITM,SITM,,TRUE,Unknown,Unknown,GSE580_theta_data.csv,2026-05-08,0.80,parent relationships not resolved in v0; company_name missing; used ticker fallback; country unknown
ENT003538,SJM,SJM,SJM,,TRUE,Unknown,Unknown,GSE580_theta_data.csv,2026-05-08,0.80,parent relationships not resolved in v0; company_name missing; used ticker fallback; country unknown
ENT003539,SKBL,SKBL,SKBL,,TRUE,Unknown,Unknown,GSE580_theta_data.csv,2026-05-08,0.80,parent relationships not resolved in v0; company_name missing; used ticker fallback; country unknown
ENT003540,SKIN,SKIN,SKIN,,TRUE,Unknown,Unknown,GSE580_theta_data.csv,2026-05-08,0.80,parent relationships not resolved in v0; company_name missing; used ticker fallback; country unknown
ENT003541,SKM,SKM,SKM,,TRUE,Unknown,Unknown,GSE580_theta_data.csv,2026-05-08,0.80,parent relationships not resolved in v0; company_name missing; used ticker fallback; country unknown
ENT003542,SKT,SKT,SKT,,TRUE,Unknown,Unknown,GSE580_theta_data.csv,2026-05-08,0.80,parent relationships not resolved in v0; company_name missing; used ticker fallback; country unknown
ENT003543,SKWD,SKWD,SKWD,,TRUE,United States,North America,GSE580_theta_data.csv,2026-05-08,0.80,parent relationships not resolved in v0; company_name missing; used ticker fallback
ENT003544,SKY,SKY,SKY,,TRUE,Unknown,Unknown,GSE580_theta_data.csv,2026-05-08,0.80,parent relationships not resolved in v0; company_name missing; used ticker fallback; country unknown
ENT003545,SKYC,SKYC,SKYC,,TRUE,Unknown,Unknown,GSE580_theta_data.csv,2026-05-08,0.80,parent relationships not resolved in v0; company_name missing; used ticker fallback; country unknown
ENT003546,SKYH,SKYH,SKYH,,TRUE,Unknown,Unknown,GSE580_theta_data.csv,2026-05-08,0.80,parent relationships not resolved in v0; company_name missing; used ticker fallback; country unknown
ENT003547,SKYT,SKYT,SKYT,,TRUE,Unknown,Unknown,GSE580_theta_data.csv,2026-05-08,0.80,parent relationships not resolved in v0; company_name missing; used ticker fallback; country unknown
ENT003548,SKYW,SKYW,SKYW,,TRUE,Unknown,Unknown,GSE580_theta_data.csv,2026-05-08,0.80,parent relationships not resolved in v0; company_name missing; used ticker fallback; country unknown
ENT003549,SKYX,SKYX,SKYX,,TRUE,Unknown,Unknown,GSE580_theta_data.csv,2026-05-08,0.80,parent relationships not resolved in v0; company_name missing; used ticker fallback; country unknown
ENT003550,SLAB,SLAB,SLAB,,TRUE,Unknown,Unknown,GSE580_theta_data.csv,2026-05-08,0.80,parent relationships not resolved in v0; company_name missing; used ticker fallback; country unknown
ENT003551,SLB,SLB,SLB,,TRUE,Unknown,Unknown,GSE580_theta_data.csv,2026-05-08,0.80,parent relationships not resolved in v0; company_name missing; used ticker fallback; country unknown
ENT003552,SLDE,SLDE,SLDE,,TRUE,Unknown,Unknown,GSE580_theta_data.csv,2026-05-08,0.80,parent relationships not resolved in v0; company_name missing; used ticker fallback; country unknown
ENT003553,SLDP,SLDP,SLDP,,TRUE,Unknown,Unknown,GSE580_theta_data.csv,2026-05-08,0.80,parent relationships not resolved in v0; company_name missing; used ticker fallback; country unknown
ENT003554,SLF,SLF,SLF,,TRUE,Unknown,Unknown,GSE580_theta_data.csv,2026-05-08,0.80,parent relationships not resolved in v0; company_name missing; used ticker fallback; country unknown
ENT003555,SLG,SLG,SLG,,TRUE,Unknown,Unknown,GSE580_theta_data.csv,2026-05-08,0.80,parent relationships not resolved in v0; company_name missing; used ticker fallback; country unknown
ENT003556,SLGN,SLGN,SLGN,,TRUE,Unknown,Unknown,GSE580_theta_data.csv,2026-05-08,0.80,parent relationships not resolved in v0; company_name missing; used ticker fallback; country unknown
ENT003557,SLM,SLM,SLM,,TRUE,Unknown,Unknown,GSE580_theta_data.csv,2026-05-08,0.80,parent relationships not resolved in v0; company_name missing; used ticker fallback; country unknown
ENT003558,SLMT,SLMT,SLMT,,TRUE,Unknown,Unknown,GSE580_theta_data.csv,2026-05-08,0.80,parent relationships not resolved in v0; company_name missing; used ticker fallback; country unknown
ENT003559,SLND,SLND,SLND,,TRUE,Unknown,Unknown,GSE580_theta_data.csv,2026-05-08,0.80,parent relationships not resolved in v0; company_name missing; used ticker fallback; country unknown
ENT003560,SLNH,SLNH,SLNH,,TRUE,Unknown,Unknown,GSE580_theta_data.csv,2026-05-08,0.80,parent relationships not resolved in v0; company_name missing; used ticker fallback; country unknown
ENT003561,SLP,SLP,SLP,,TRUE,Unknown,Unknown,GSE580_theta_data.csv,2026-05-08,0.80,parent relationships not resolved in v0; company_name missing; used ticker fallback; country unknown
ENT003562,SLQT,SLQT,SLQT,,TRUE,Unknown,Unknown,GSE580_theta_data.csv,2026-05-08,0.80,parent relationships not resolved in v0; company_name missing; used ticker fallback; country unknown
ENT003563,SLSN,SLSN,SLSN,,TRUE,Unknown,Unknown,GSE580_theta_data.csv,2026-05-08,0.80,parent relationships not resolved in v0; company_name missing; used ticker fallback; country unknown
ENT003564,SLVM,SLVM,SLVM,,TRUE,Unknown,Unknown,GSE580_theta_data.csv,2026-05-08,0.80,parent relationships not resolved in v0; company_name missing; used ticker fallback; country unknown
ENT003565,SM,SM,SM,,TRUE,Unknown,Unknown,GSE580_theta_data.csv,2026-05-08,0.80,parent relationships not resolved in v0; company_name missing; used ticker fallback; country unknown
ENT003566,SMA,SMA,SMA,,TRUE,Unknown,Unknown,GSE580_theta_data.csv,2026-05-08,0.80,parent relationships not resolved in v0; company_name missing; used ticker fallback; country unknown
ENT003567,SMC,SMC,SMC,,TRUE,Unknown,Unknown,GSE580_theta_data.csv,2026-05-08,0.80,parent relationships not resolved in v0; company_name missing; used ticker fallback; country unknown
ENT003568,SMCI,SMCI,SMCI,,TRUE,Unknown,Unknown,GSE580_theta_data.csv,2026-05-08,0.80,parent relationships not resolved in v0; company_name missing; used ticker fallback; country unknown
ENT003569,SMFG,SMFG,SMFG,,TRUE,Unknown,Unknown,GSE580_theta_data.csv,2026-05-08,0.80,parent relationships not resolved in v0; company_name missing; used ticker fallback; country unknown
ENT003570,SMG,SMG,SMG,,TRUE,Unknown,Unknown,GSE580_theta_data.csv,2026-05-08,0.80,parent relationships not resolved in v0; company_name missing; used ticker fallback; country unknown
ENT003571,SMHI,SMHI,SMHI,,TRUE,Unknown,Unknown,GSE580_theta_data.csv,2026-05-08,0.80,parent relationships not resolved in v0; company_name missing; used ticker fallback; country unknown
ENT003572,SMID,SMID,SMID,,TRUE,Unknown,Unknown,GSE580_theta_data.csv,2026-05-08,0.80,parent relationships not resolved in v0; company_name missing; used ticker fallback; country unknown
ENT003573,SMLR,SMLR,SMLR,,TRUE,Unknown,Unknown,GSE580_theta_data.csv,2026-05-08,0.80,parent relationships not resolved in v0; company_name missing; used ticker fallback; country unknown
ENT003574,SMP,SMP,SMP,,TRUE,Unknown,Unknown,GSE580_theta_data.csv,2026-05-08,0.80,parent relationships not resolved in v0; company_name missing; used ticker fallback; country unknown
ENT003575,SMPL,SMPL,SMPL,,TRUE,United States,North America,GSE580_theta_data.csv,2026-05-08,0.80,parent relationships not resolved in v0; company_name missing; used ticker fallback
ENT003576,SMR,SMR,SMR,,TRUE,United States,North America,GSE580_theta_data.csv,2026-05-08,0.80,parent relationships not resolved in v0; company_name missing; used ticker fallback
ENT003577,SMRT,SMRT,SMRT,,TRUE,Unknown,Unknown,GSE580_theta_data.csv,2026-05-08,0.80,parent relationships not resolved in v0; company_name missing; used ticker fallback; country unknown
ENT003578,SMTC,SMTC,SMTC,,TRUE,Unknown,Unknown,GSE580_theta_data.csv,2026-05-08,0.80,parent relationships not resolved in v0; company_name missing; used ticker fallback; country unknown
ENT003579,SMTI,SMTI,SMTI,,TRUE,Unknown,Unknown,GSE580_theta_data.csv,2026-05-08,0.80,parent relationships not resolved in v0; company_name missing; used ticker fallback; country unknown
ENT003580,SMWB,SMWB,SMWB,,TRUE,Unknown,Unknown,GSE580_theta_data.csv,2026-05-08,0.80,parent relationships not resolved in v0; company_name missing; used ticker fallback; country unknown
ENT003581,SN,SN,SN,,TRUE,Unknown,Unknown,GSE580_theta_data.csv,2026-05-08,0.80,parent relationships not resolved in v0; company_name missing; used ticker fallback; country unknown
ENT003582,SNA,SNA,SNA,,TRUE,Unknown,Unknown,GSE580_theta_data.csv,2026-05-08,0.80,parent relationships not resolved in v0; company_name missing; used ticker fallback; country unknown
ENT003583,SNAP,SNAP,SNAP,,TRUE,Unknown,Unknown,GSE580_theta_data.csv,2026-05-08,0.80,parent relationships not resolved in v0; company_name missing; used ticker fallback; country unknown
ENT003584,SNCY,SNCY,SNCY,,TRUE,Unknown,Unknown,GSE580_theta_data.csv,2026-05-08,0.80,parent relationships not resolved in v0; company_name missing; used ticker fallback; country unknown
ENT003585,SND,SND,SND,,TRUE,Unknown,Unknown,GSE580_theta_data.csv,2026-05-08,0.80,parent relationships not resolved in v0; company_name missing; used ticker fallback; country unknown
ENT003586,SNDA,SNDA,SNDA,,TRUE,Unknown,Unknown,GSE580_theta_data.csv,2026-05-08,0.80,parent relationships not resolved in v0; company_name missing; used ticker fallback; country unknown
ENT003587,SNDK,SNDK,SNDK,,TRUE,Unknown,Unknown,GSE580_theta_data.csv,2026-05-08,0.80,parent relationships not resolved in v0; company_name missing; used ticker fallback; country unknown
ENT003588,SNDL,SNDL,SNDL,,TRUE,Unknown,Unknown,GSE580_theta_data.csv,2026-05-08,0.80,parent relationships not resolved in v0; company_name missing; used ticker fallback; country unknown
ENT003589,SNDR,SNDR,SNDR,,TRUE,Unknown,Unknown,GSE580_theta_data.csv,2026-05-08,0.80,parent relationships not resolved in v0; company_name missing; used ticker fallback; country unknown
ENT003590,SNEX,SNEX,SNEX,,TRUE,Unknown,Unknown,GSE580_theta_data.csv,2026-05-08,0.80,parent relationships not resolved in v0; company_name missing; used ticker fallback; country unknown
ENT003591,SNFC.A,SNFC.A,SNFC.A,,TRUE,Unknown,Unknown,GSE580_theta_data.csv,2026-05-08,0.80,parent relationships not resolved in v0; company_name missing; used ticker fallback; country unknown
ENT003592,SNN,SNN,SNN,,TRUE,Unknown,Unknown,GSE580_theta_data.csv,2026-05-08,0.80,parent relationships not resolved in v0; company_name missing; used ticker fallback; country unknown
ENT003593,SNOW,SNOW,SNOW,,TRUE,Unknown,Unknown,GSE580_theta_data.csv,2026-05-08,0.80,parent relationships not resolved in v0; company_name missing; used ticker fallback; country unknown
ENT003594,SNPS,SNPS,SNPS,,TRUE,Unknown,Unknown,GSE580_theta_data.csv,2026-05-08,0.80,parent relationships not resolved in v0; company_name missing; used ticker fallback; country unknown
ENT003595,SNSE:CONCHATORO,SNSE:CONCHATORO,SNSE:CONCHATORO,,TRUE,Unknown,Unknown,GSE580_theta_data.csv,2026-05-08,0.80,parent relationships not resolved in v0; company_name missing; used ticker fallback; country unknown
ENT003596,SNT,SNT,SNT,,TRUE,Unknown,Unknown,GSE580_theta_data.csv,2026-05-08,0.80,parent relationships not resolved in v0; company_name missing; used ticker fallback; country unknown
ENT003597,SNV,SNV,SNV,,TRUE,Unknown,Unknown,GSE580_theta_data.csv,2026-05-08,0.80,parent relationships not resolved in v0; company_name missing; used ticker fallback; country unknown
ENT003598,SNWV,SNWV,SNWV,,TRUE,Unknown,Unknown,GSE580_theta_data.csv,2026-05-08,0.80,parent relationships not resolved in v0; company_name missing; used ticker fallback; country unknown
ENT003599,SNX,SNX,SNX,,TRUE,Unknown,Unknown,GSE580_theta_data.csv,2026-05-08,0.80,parent relationships not resolved in v0; company_name missing; used ticker fallback; country unknown
ENT003600,SNY,SNY,SNY,,TRUE,Unknown,Unknown,GSE580_theta_data.csv,2026-05-08,0.80,parent relationships not resolved in v0; company_name missing; used ticker fallback; country unknown
ENT003601,SO,SO,SO,,TRUE,Unknown,Unknown,GSE580_theta_data.csv,2026-05-08,0.80,parent relationships not resolved in v0; company_name missing; used ticker fallback; country unknown
ENT003602,SOFI,SOFI,SOFI,,TRUE,Unknown,Unknown,GSE580_theta_data.csv,2026-05-08,0.80,parent relationships not resolved in v0; company_name missing; used ticker fallback; country unknown
ENT003603,SOHU,SOHU,SOHU,,TRUE,Unknown,Unknown,GSE580_theta_data.csv,2026-05-08,0.80,parent relationships not resolved in v0; company_name missing; used ticker fallback; country unknown
ENT003604,SOLS,SOLS,SOLS,,TRUE,Unknown,Unknown,GSE580_theta_data.csv,2026-05-08,0.80,parent relationships not resolved in v0; company_name missing; used ticker fallback; country unknown
ENT003605,SOLV,SOLV,SOLV,,TRUE,Unknown,Unknown,GSE580_theta_data.csv,2026-05-08,0.80,parent relationships not resolved in v0; company_name missing; used ticker fallback; country unknown
ENT003606,SON,SON,SON,,TRUE,Unknown,Unknown,GSE580_theta_data.csv,2026-05-08,0.80,parent relationships not resolved in v0; company_name missing; used ticker fallback; country unknown
ENT003607,SONO,SONO,SONO,,TRUE,Unknown,Unknown,GSE580_theta_data.csv,2026-05-08,0.80,parent relationships not resolved in v0; company_name missing; used ticker fallback; country unknown
ENT003608,SONY,SONY,SONY,,TRUE,Unknown,Unknown,GSE580_theta_data.csv,2026-05-08,0.80,parent relationships not resolved in v0; company_name missing; used ticker fallback; country unknown
ENT003609,SOPH,SOPH,SOPH,,TRUE,Unknown,Unknown,GSE580_theta_data.csv,2026-05-08,0.80,parent relationships not resolved in v0; company_name missing; used ticker fallback; country unknown
ENT003610,SOUN,SOUN,SOUN,,TRUE,Unknown,Unknown,GSE580_theta_data.csv,2026-05-08,0.80,parent relationships not resolved in v0; company_name missing; used ticker fallback; country unknown
ENT003611,SPB,SPB,SPB,,TRUE,Unknown,Unknown,GSE580_theta_data.csv,2026-05-08,0.80,parent relationships not resolved in v0; company_name missing; used ticker fallback; country unknown
ENT003612,SPCE,SPCE,SPCE,,TRUE,Unknown,Unknown,GSE580_theta_data.csv,2026-05-08,0.80,parent relationships not resolved in v0; company_name missing; used ticker fallback; country unknown
ENT003613,SPG,SPG,SPG,,TRUE,Unknown,Unknown,GSE580_theta_data.csv,2026-05-08,0.80,parent relationships not resolved in v0; company_name missing; used ticker fallback; country unknown
ENT003614,SPGI,SPGI,SPGI,,TRUE,Unknown,Unknown,GSE580_theta_data.csv,2026-05-08,0.80,parent relationships not resolved in v0; company_name missing; used ticker fallback; country unknown
ENT003615,SPH,SPH,SPH,,TRUE,Unknown,Unknown,GSE580_theta_data.csv,2026-05-08,0.80,parent relationships not resolved in v0; company_name missing; used ticker fallback; country unknown
ENT003616,SPHR,SPHR,SPHR,,TRUE,Unknown,Unknown,GSE580_theta_data.csv,2026-05-08,0.80,parent relationships not resolved in v0; company_name missing; used ticker fallback; country unknown
ENT003617,SPIR,SPIR,SPIR,,TRUE,Unknown,Unknown,GSE580_theta_data.csv,2026-05-08,0.80,parent relationships not resolved in v0; company_name missing; used ticker fallback; country unknown
ENT003618,SPLP,SPLP,SPLP,,TRUE,Unknown,Unknown,GSE580_theta_data.csv,2026-05-08,0.80,parent relationships not resolved in v0; company_name missing; used ticker fallback; country unknown
ENT003619,SPNS,SPNS,SPNS,,TRUE,Unknown,Unknown,GSE580_theta_data.csv,2026-05-08,0.80,parent relationships not resolved in v0; company_name missing; used ticker fallback; country unknown
ENT003620,SPNT,SPNT,SPNT,,TRUE,Unknown,Unknown,GSE580_theta_data.csv,2026-05-08,0.80,parent relationships not resolved in v0; company_name missing; used ticker fallback; country unknown
ENT003621,SPOK,SPOK,SPOK,,TRUE,Unknown,Unknown,GSE580_theta_data.csv,2026-05-08,0.80,parent relationships not resolved in v0; company_name missing; used ticker fallback; country unknown
ENT003622,SPOT,SPOT,SPOT,,TRUE,Unknown,Unknown,GSE580_theta_data.csv,2026-05-08,0.80,parent relationships not resolved in v0; company_name missing; used ticker fallback; country unknown
ENT003623,SPR,SPR,SPR,,TRUE,Unknown,Unknown,GSE580_theta_data.csv,2026-05-08,0.80,parent relationships not resolved in v0; company_name missing; used ticker fallback; country unknown
ENT003624,SPSC,SPSC,SPSC,,TRUE,United States,North America,GSE580_theta_data.csv,2026-05-08,0.80,parent relationships not resolved in v0; company_name missing; used ticker fallback
ENT003625,SPT,SPT,SPT,,TRUE,Unknown,Unknown,GSE580_theta_data.csv,2026-05-08,0.80,parent relationships not resolved in v0; company_name missing; used ticker fallback; country unknown
ENT003626,SPWR,SPWR,SPWR,,TRUE,Unknown,Unknown,GSE580_theta_data.csv,2026-05-08,0.80,parent relationships not resolved in v0; company_name missing; used ticker fallback; country unknown
ENT003627,SPXC,SPXC,SPXC,,TRUE,Unknown,Unknown,GSE580_theta_data.csv,2026-05-08,0.80,parent relationships not resolved in v0; company_name missing; used ticker fallback; country unknown
ENT003628,SQM,SQM,SQM,,TRUE,Unknown,Unknown,GSE580_theta_data.csv,2026-05-08,0.80,parent relationships not resolved in v0; company_name missing; used ticker fallback; country unknown
ENT003629,SR,SR,SR,,TRUE,Unknown,Unknown,GSE580_theta_data.csv,2026-05-08,0.80,parent relationships not resolved in v0; company_name missing; used ticker fallback; country unknown
ENT003630,SRAD,SRAD,SRAD,,TRUE,Unknown,Unknown,GSE580_theta_data.csv,2026-05-08,0.80,parent relationships not resolved in v0; company_name missing; used ticker fallback; country unknown
ENT003631,SRDX,SRDX,SRDX,,TRUE,Unknown,Unknown,GSE580_theta_data.csv,2026-05-08,0.80,parent relationships not resolved in v0; company_name missing; used ticker fallback; country unknown
ENT003632,SRE,SRE,SRE,,TRUE,Unknown,Unknown,GSE580_theta_data.csv,2026-05-08,0.80,parent relationships not resolved in v0; company_name missing; used ticker fallback; country unknown
ENT003633,SRFM,SRFM,SRFM,,TRUE,Unknown,Unknown,GSE580_theta_data.csv,2026-05-08,0.80,parent relationships not resolved in v0; company_name missing; used ticker fallback; country unknown
ENT003634,SRG,SRG,SRG,,TRUE,Unknown,Unknown,GSE580_theta_data.csv,2026-05-08,0.80,parent relationships not resolved in v0; company_name missing; used ticker fallback; country unknown
ENT003635,SRI,SRI,SRI,,TRUE,Unknown,Unknown,GSE580_theta_data.csv,2026-05-08,0.80,parent relationships not resolved in v0; company_name missing; used ticker fallback; country unknown
ENT003636,SRTA,SRTA,SRTA,,TRUE,Unknown,Unknown,GSE580_theta_data.csv,2026-05-08,0.80,parent relationships not resolved in v0; company_name missing; used ticker fallback; country unknown
ENT003637,SSD,SSD,SSD,,TRUE,Unknown,Unknown,GSE580_theta_data.csv,2026-05-08,0.80,parent relationships not resolved in v0; company_name missing; used ticker fallback; country unknown
ENT003638,SSII,SSII,SSII,,TRUE,Unknown,Unknown,GSE580_theta_data.csv,2026-05-08,0.80,parent relationships not resolved in v0; company_name missing; used ticker fallback; country unknown
ENT003639,SSL,SSL,SSL,,TRUE,Unknown,Unknown,GSE580_theta_data.csv,2026-05-08,0.80,parent relationships not resolved in v0; company_name missing; used ticker fallback; country unknown
ENT003640,SSNC,SSNC,SSNC,,TRUE,Unknown,Unknown,GSE580_theta_data.csv,2026-05-08,0.80,parent relationships not resolved in v0; company_name missing; used ticker fallback; country unknown
ENT003641,SSP,SSP,SSP,,TRUE,Unknown,Unknown,GSE580_theta_data.csv,2026-05-08,0.80,parent relationships not resolved in v0; company_name missing; used ticker fallback; country unknown
ENT003642,SSTI,SSTI,SSTI,,TRUE,United States,North America,GSE580_theta_data.csv,2026-05-08,0.80,parent relationships not resolved in v0; company_name missing; used ticker fallback
ENT003643,SSTK,SSTK,SSTK,,TRUE,Unknown,Unknown,GSE580_theta_data.csv,2026-05-08,0.80,parent relationships not resolved in v0; company_name missing; used ticker fallback; country unknown
ENT003644,SSYS,SSYS,SSYS,,TRUE,Unknown,Unknown,GSE580_theta_data.csv,2026-05-08,0.80,parent relationships not resolved in v0; company_name missing; used ticker fallback; country unknown
ENT003645,ST,ST,ST,,TRUE,Unknown,Unknown,GSE580_theta_data.csv,2026-05-08,0.80,parent relationships not resolved in v0; company_name missing; used ticker fallback; country unknown
ENT003646,STAA,STAA,STAA,,TRUE,Unknown,Unknown,GSE580_theta_data.csv,2026-05-08,0.80,parent relationships not resolved in v0; company_name missing; used ticker fallback; country unknown
ENT003647,STAG,STAG,STAG,,TRUE,Unknown,Unknown,GSE580_theta_data.csv,2026-05-08,0.80,parent relationships not resolved in v0; company_name missing; used ticker fallback; country unknown
ENT003648,STC,STC,STC,,TRUE,United States,North America,GSE580_theta_data.csv,2026-05-08,0.80,parent relationships not resolved in v0; company_name missing; used ticker fallback
ENT003649,STE,STE,STE,,TRUE,Unknown,Unknown,GSE580_theta_data.csv,2026-05-08,0.80,parent relationships not resolved in v0; company_name missing; used ticker fallback; country unknown
ENT003650,STEM,STEM,STEM,,TRUE,Unknown,Unknown,GSE580_theta_data.csv,2026-05-08,0.80,parent relationships not resolved in v0; company_name missing; used ticker fallback; country unknown
ENT003651,STEP,STEP,STEP,,TRUE,Unknown,Unknown,GSE580_theta_data.csv,2026-05-08,0.80,parent relationships not resolved in v0; company_name missing; used ticker fallback; country unknown
ENT003652,STEX,STEX,STEX,,TRUE,Unknown,Unknown,GSE580_theta_data.csv,2026-05-08,0.80,parent relationships not resolved in v0; company_name missing; used ticker fallback; country unknown
ENT003653,STGW,STGW,STGW,,TRUE,Unknown,Unknown,GSE580_theta_data.csv,2026-05-08,0.80,parent relationships not resolved in v0; company_name missing; used ticker fallback; country unknown
ENT003654,STHO,STHO,STHO,,TRUE,Unknown,Unknown,GSE580_theta_data.csv,2026-05-08,0.80,parent relationships not resolved in v0; company_name missing; used ticker fallback; country unknown
ENT003655,STIM,STIM,STIM,,TRUE,Unknown,Unknown,GSE580_theta_data.csv,2026-05-08,0.80,parent relationships not resolved in v0; company_name missing; used ticker fallback; country unknown
ENT003656,STKL,STKL,STKL,,TRUE,Unknown,Unknown,GSE580_theta_data.csv,2026-05-08,0.80,parent relationships not resolved in v0; company_name missing; used ticker fallback; country unknown
ENT003657,STLA,STLA,STLA,,TRUE,Unknown,Unknown,GSE580_theta_data.csv,2026-05-08,0.80,parent relationships not resolved in v0; company_name missing; used ticker fallback; country unknown
ENT003658,STLD,STLD,STLD,,TRUE,Unknown,Unknown,GSE580_theta_data.csv,2026-05-08,0.80,parent relationships not resolved in v0; company_name missing; used ticker fallback; country unknown
ENT003659,STM,STM,STM,,TRUE,Unknown,Unknown,GSE580_theta_data.csv,2026-05-08,0.80,parent relationships not resolved in v0; company_name missing; used ticker fallback; country unknown
ENT003660,STN,STN,STN,,TRUE,Unknown,Unknown,GSE580_theta_data.csv,2026-05-08,0.80,parent relationships not resolved in v0; company_name missing; used ticker fallback; country unknown
ENT003661,STNE,STNE,STNE,,TRUE,Unknown,Unknown,GSE580_theta_data.csv,2026-05-08,0.80,parent relationships not resolved in v0; company_name missing; used ticker fallback; country unknown
ENT003662,STNG,STNG,STNG,,TRUE,Unknown,Unknown,GSE580_theta_data.csv,2026-05-08,0.80,parent relationships not resolved in v0; company_name missing; used ticker fallback; country unknown
ENT003663,STRA,STRA,STRA,,TRUE,Unknown,Unknown,GSE580_theta_data.csv,2026-05-08,0.80,parent relationships not resolved in v0; company_name missing; used ticker fallback; country unknown
ENT003664,STRL,STRL,STRL,,TRUE,Unknown,Unknown,GSE580_theta_data.csv,2026-05-08,0.80,parent relationships not resolved in v0; company_name missing; used ticker fallback; country unknown
ENT003665,STRS,STRS,STRS,,TRUE,Unknown,Unknown,GSE580_theta_data.csv,2026-05-08,0.80,parent relationships not resolved in v0; company_name missing; used ticker fallback; country unknown
ENT003666,STRT,STRT,STRT,,TRUE,Unknown,Unknown,GSE580_theta_data.csv,2026-05-08,0.80,parent relationships not resolved in v0; company_name missing; used ticker fallback; country unknown
ENT003667,STRZ,STRZ,STRZ,,TRUE,United States,North America,GSE580_theta_data.csv,2026-05-08,0.80,parent relationships not resolved in v0; company_name missing; used ticker fallback
ENT003668,STSS,STSS,STSS,,TRUE,Unknown,Unknown,GSE580_theta_data.csv,2026-05-08,0.80,parent relationships not resolved in v0; company_name missing; used ticker fallback; country unknown
ENT003669,STT,STT,STT,,TRUE,Unknown,Unknown,GSE580_theta_data.csv,2026-05-08,0.80,parent relationships not resolved in v0; company_name missing; used ticker fallback; country unknown
ENT003670,STUB,STUB,STUB,,TRUE,Unknown,Unknown,GSE580_theta_data.csv,2026-05-08,0.80,parent relationships not resolved in v0; company_name missing; used ticker fallback; country unknown
ENT003671,STVN,STVN,STVN,,TRUE,Unknown,Unknown,GSE580_theta_data.csv,2026-05-08,0.80,parent relationships not resolved in v0; company_name missing; used ticker fallback; country unknown
ENT003672,STWD,STWD,STWD,,TRUE,United States,North America,GSE580_theta_data.csv,2026-05-08,0.80,parent relationships not resolved in v0; company_name missing; used ticker fallback
ENT003673,STX,STX,STX,,TRUE,Unknown,Unknown,GSE580_theta_data.csv,2026-05-08,0.80,parent relationships not resolved in v0; company_name missing; used ticker fallback; country unknown
ENT003674,STXS,STXS,STXS,,TRUE,Unknown,Unknown,GSE580_theta_data.csv,2026-05-08,0.80,parent relationships not resolved in v0; company_name missing; used ticker fallback; country unknown
ENT003675,STZ,STZ,STZ,,TRUE,Unknown,Unknown,GSE580_theta_data.csv,2026-05-08,0.80,parent relationships not resolved in v0; company_name missing; used ticker fallback; country unknown
ENT003676,SUI,SUI,SUI,,TRUE,Unknown,Unknown,GSE580_theta_data.csv,2026-05-08,0.80,parent relationships not resolved in v0; company_name missing; used ticker fallback; country unknown
ENT003677,SUIG,SUIG,SUIG,,TRUE,Unknown,Unknown,GSE580_theta_data.csv,2026-05-08,0.80,parent relationships not resolved in v0; company_name missing; used ticker fallback; country unknown
ENT003678,SUN,SUN,SUN,,TRUE,Unknown,Unknown,GSE580_theta_data.csv,2026-05-08,0.80,parent relationships not resolved in v0; company_name missing; used ticker fallback; country unknown
ENT003679,SUPN,SUPN,SUPN,,TRUE,United States,North America,GSE580_theta_data.csv,2026-05-08,0.80,parent relationships not resolved in v0; company_name missing; used ticker fallback
ENT003680,SUPV,SUPV,SUPV,,TRUE,Unknown,Unknown,GSE580_theta_data.csv,2026-05-08,0.80,parent relationships not resolved in v0; company_name missing; used ticker fallback; country unknown
ENT003681,SUPX,SUPX,SUPX,,TRUE,Unknown,Unknown,GSE580_theta_data.csv,2026-05-08,0.80,parent relationships not resolved in v0; company_name missing; used ticker fallback; country unknown
ENT003682,SUZ,SUZ,SUZ,,TRUE,Unknown,Unknown,GSE580_theta_data.csv,2026-05-08,0.80,parent relationships not resolved in v0; company_name missing; used ticker fallback; country unknown
ENT003683,SVC,SVC,SVC,,TRUE,Unknown,Unknown,GSE580_theta_data.csv,2026-05-08,0.80,parent relationships not resolved in v0; company_name missing; used ticker fallback; country unknown
ENT003684,SVCC,SVCC,SVCC,,TRUE,Unknown,Unknown,GSE580_theta_data.csv,2026-05-08,0.80,parent relationships not resolved in v0; company_name missing; used ticker fallback; country unknown
ENT003685,SVCO,SVCO,SV,,TRUE,Unknown,Unknown,GSE580_theta_data.csv,2026-05-08,0.80,parent relationships not resolved in v0; company_name missing; used ticker fallback; country unknown
ENT003686,SVMB,SVMB,SVMB,,TRUE,Unknown,Unknown,GSE580_theta_data.csv,2026-05-08,0.80,parent relationships not resolved in v0; company_name missing; used ticker fallback; country unknown
ENT003687,SVV,SVV,SVV,,TRUE,Unknown,Unknown,GSE580_theta_data.csv,2026-05-08,0.80,parent relationships not resolved in v0; company_name missing; used ticker fallback; country unknown
ENT003688,SW,SW,SW,,TRUE,Unknown,Unknown,GSE580_theta_data.csv,2026-05-08,0.80,parent relationships not resolved in v0; company_name missing; used ticker fallback; country unknown
ENT003689,SWBI,SWBI,SWBI,,TRUE,Unknown,Unknown,GSE580_theta_data.csv,2026-05-08,0.80,parent relationships not resolved in v0; company_name missing; used ticker fallback; country unknown
ENT003690,SWIM,SWIM,SWIM,,TRUE,United States,North America,GSE580_theta_data.csv,2026-05-08,0.80,parent relationships not resolved in v0; company_name missing; used ticker fallback
ENT003691,SWK,SWK,SWK,,TRUE,Unknown,Unknown,GSE580_theta_data.csv,2026-05-08,0.80,parent relationships not resolved in v0; company_name missing; used ticker fallback; country unknown
ENT003692,SWKH,SWKH,SWKH,,TRUE,Unknown,Unknown,GSE580_theta_data.csv,2026-05-08,0.80,parent relationships not resolved in v0; company_name missing; used ticker fallback; country unknown
ENT003693,SWKS,SWKS,SWKS,,TRUE,Unknown,Unknown,GSE580_theta_data.csv,2026-05-08,0.80,parent relationships not resolved in v0; company_name missing; used ticker fallback; country unknown
ENT003694,SWRD,SWRD,SWRD,,TRUE,Unknown,Unknown,GSE580_theta_data.csv,2026-05-08,0.80,parent relationships not resolved in v0; company_name missing; used ticker fallback; country unknown
ENT003695,SWX,SWX,SWX,,TRUE,Unknown,Unknown,GSE580_theta_data.csv,2026-05-08,0.80,parent relationships not resolved in v0; company_name missing; used ticker fallback; country unknown
ENT003696,SWX:ABBN,SWX:ABBN,SWX:ABBN,,TRUE,Unknown,Unknown,GSE580_theta_data.csv,2026-05-08,0.80,parent relationships not resolved in v0; company_name missing; used ticker fallback; country unknown
ENT003697,SWX:ADEN,SWX:ADEN,SWX:ADEN,,TRUE,Unknown,Unknown,GSE580_theta_data.csv,2026-05-08,0.80,parent relationships not resolved in v0; company_name missing; used ticker fallback; country unknown
ENT003698,SWX:ALC,SWX:ALC,SWX:ALC,,TRUE,Unknown,Unknown,GSE580_theta_data.csv,2026-05-08,0.80,parent relationships not resolved in v0; company_name missing; used ticker fallback; country unknown
ENT003699,SWX:ALSN,SWX:ALSN,SWX:ALSN,,TRUE,Unknown,Unknown,GSE580_theta_data.csv,2026-05-08,0.80,parent relationships not resolved in v0; company_name missing; used ticker fallback; country unknown
ENT003700,SWX:BAER,SWX:BAER,SWX:BAER,,TRUE,Unknown,Unknown,GSE580_theta_data.csv,2026-05-08,0.80,parent relationships not resolved in v0; company_name missing; used ticker fallback; country unknown
ENT003701,SWX:BANB,SWX:BANB,SWX:BANB,,TRUE,Unknown,Unknown,GSE580_theta_data.csv,2026-05-08,0.80,parent relationships not resolved in v0; company_name missing; used ticker fallback; country unknown
ENT003702,SWX:BARN,SWX:BARN,SWX:BARN,,TRUE,Unknown,Unknown,GSE580_theta_data.csv,2026-05-08,0.80,parent relationships not resolved in v0; company_name missing; used ticker fallback; country unknown
ENT003703,SWX:BEAN,SWX:BEAN,SWX:BEAN,,TRUE,Unknown,Unknown,GSE580_theta_data.csv,2026-05-08,0.80,parent relationships not resolved in v0; company_name missing; used ticker fallback; country unknown
ENT003704,SWX:BOSN,SWX:BOSN,SWX:BOSN,,TRUE,Unknown,Unknown,GSE580_theta_data.csv,2026-05-08,0.80,parent relationships not resolved in v0; company_name missing; used ticker fallback; country unknown
ENT003705,SWX:BSLN,SWX:BSLN,SWX:BSLN,,TRUE,Unknown,Unknown,GSE580_theta_data.csv,2026-05-08,0.80,parent relationships not resolved in v0; company_name missing; used ticker fallback; country unknown
ENT003706,SWX:BUCN,SWX:BUCN,SWX:BUCN,,TRUE,Unknown,Unknown,GSE580_theta_data.csv,2026-05-08,0.80,parent relationships not resolved in v0; company_name missing; used ticker fallback; country unknown
ENT003707,SWX:CFR,SWX:CFR,SWX:CFR,,TRUE,Unknown,Unknown,GSE580_theta_data.csv,2026-05-08,0.80,parent relationships not resolved in v0; company_name missing; used ticker fallback; country unknown
ENT003708,SWX:CLN,SWX:CLN,SWX:CLN,,TRUE,Unknown,Unknown,GSE580_theta_data.csv,2026-05-08,0.80,parent relationships not resolved in v0; company_name missing; used ticker fallback; country unknown
ENT003709,SWX:COTN,SWX:COTN,SWX:COTN,,TRUE,Unknown,Unknown,GSE580_theta_data.csv,2026-05-08,0.80,parent relationships not resolved in v0; company_name missing; used ticker fallback; country unknown
ENT003710,SWX:DAE,SWX:DAE,SWX:DAE,,TRUE,Unknown,Unknown,GSE580_theta_data.csv,2026-05-08,0.80,parent relationships not resolved in v0; company_name missing; used ticker fallback; country unknown
ENT003711,SWX:DOKA,SWX:DOKA,SWX:DOKA,,TRUE,Unknown,Unknown,GSE580_theta_data.csv,2026-05-08,0.80,parent relationships not resolved in v0; company_name missing; used ticker fallback; country unknown
ENT003712,SWX:EMMN,SWX:EMMN,SWX:EMMN,,TRUE,Unknown,Unknown,GSE580_theta_data.csv,2026-05-08,0.80,parent relationships not resolved in v0; company_name missing; used ticker fallback; country unknown
ENT003713,SWX:EMSN,SWX:EMSN,SWX:EMSN,,TRUE,Unknown,Unknown,GSE580_theta_data.csv,2026-05-08,0.80,parent relationships not resolved in v0; company_name missing; used ticker fallback; country unknown
ENT003714,SWX:GALD,SWX:GALD,SWX:GALD,,TRUE,Unknown,Unknown,GSE580_theta_data.csv,2026-05-08,0.80,parent relationships not resolved in v0; company_name missing; used ticker fallback; country unknown
ENT003715,SWX:GEBN,SWX:GEBN,SWX:GEBN,,TRUE,Unknown,Unknown,GSE580_theta_data.csv,2026-05-08,0.80,parent relationships not resolved in v0; company_name missing; used ticker fallback; country unknown
ENT003716,SWX:GF,SWX:GF,SWX:GF,,TRUE,Unknown,Unknown,GSE580_theta_data.csv,2026-05-08,0.80,parent relationships not resolved in v0; company_name missing; used ticker fallback; country unknown
ENT003717,SWX:GIVN,SWX:GIVN,SWX:GIVN,,TRUE,Unknown,Unknown,GSE580_theta_data.csv,2026-05-08,0.80,parent relationships not resolved in v0; company_name missing; used ticker fallback; country unknown
ENT003718,SWX:HOLN,SWX:HOLN,SWX:HOLN,,TRUE,Unknown,Unknown,GSE580_theta_data.csv,2026-05-08,0.80,parent relationships not resolved in v0; company_name missing; used ticker fallback; country unknown
ENT003719,SWX:IFCN,SWX:IFCN,SWX:IFCN,,TRUE,Unknown,Unknown,GSE580_theta_data.csv,2026-05-08,0.80,parent relationships not resolved in v0; company_name missing; used ticker fallback; country unknown
ENT003720,SWX:KNIN,SWX:KNIN,SWX:KNIN,,TRUE,Unknown,Unknown,GSE580_theta_data.csv,2026-05-08,0.80,parent relationships not resolved in v0; company_name missing; used ticker fallback; country unknown
ENT003721,SWX:LAND,SWX:LAND,SWX:LAND,,TRUE,Unknown,Unknown,GSE580_theta_data.csv,2026-05-08,0.80,parent relationships not resolved in v0; company_name missing; used ticker fallback; country unknown
ENT003722,SWX:LISN,SWX:LISN,SWX:LISN,,TRUE,Unknown,Unknown,GSE580_theta_data.csv,2026-05-08,0.80,parent relationships not resolved in v0; company_name missing; used ticker fallback; country unknown
ENT003723,SWX:LONN,SWX:LONN,SWX:LONN,,TRUE,Unknown,Unknown,GSE580_theta_data.csv,2026-05-08,0.80,parent relationships not resolved in v0; company_name missing; used ticker fallback; country unknown
ENT003724,SWX:MOVE,SWX:MOVE,SWX:MOVE,,TRUE,Unknown,Unknown,GSE580_theta_data.csv,2026-05-08,0.80,parent relationships not resolved in v0; company_name missing; used ticker fallback; country unknown
ENT003725,SWX:NESN,SWX:NESN,SWX:NESN,,TRUE,Unknown,Unknown,GSE580_theta_data.csv,2026-05-08,0.80,parent relationships not resolved in v0; company_name missing; used ticker fallback; country unknown
ENT003726,SWX:OERL,SWX:OERL,SWX:OERL,,TRUE,Unknown,Unknown,GSE580_theta_data.csv,2026-05-08,0.80,parent relationships not resolved in v0; company_name missing; used ticker fallback; country unknown
ENT003727,SWX:PGHN,SWX:PGHN,SWX:PGHN,,TRUE,Unknown,Unknown,GSE580_theta_data.csv,2026-05-08,0.80,parent relationships not resolved in v0; company_name missing; used ticker fallback; country unknown
ENT003728,SWX:RO,SWX:RO,SWX:RO,,TRUE,Unknown,Unknown,GSE580_theta_data.csv,2026-05-08,0.80,parent relationships not resolved in v0; company_name missing; used ticker fallback; country unknown
ENT003729,SWX:SANN,SWX:SANN,SWX:SANN,,TRUE,Unknown,Unknown,GSE580_theta_data.csv,2026-05-08,0.80,parent relationships not resolved in v0; company_name missing; used ticker fallback; country unknown
ENT003730,SWX:SCHN,SWX:SCHN,SWX:SCHN,,TRUE,Unknown,Unknown,GSE580_theta_data.csv,2026-05-08,0.80,parent relationships not resolved in v0; company_name missing; used ticker fallback; country unknown
ENT003731,SWX:SDZ,SWX:SDZ,SWX:SDZ,,TRUE,Unknown,Unknown,GSE580_theta_data.csv,2026-05-08,0.80,parent relationships not resolved in v0; company_name missing; used ticker fallback; country unknown
ENT003732,SWX:SFZN,SWX:SFZN,SWX:SFZN,,TRUE,Unknown,Unknown,GSE580_theta_data.csv,2026-05-08,0.80,parent relationships not resolved in v0; company_name missing; used ticker fallback; country unknown
ENT003733,SWX:SGSN,SWX:SGSN,SWX:SGSN,,TRUE,Unknown,Unknown,GSE580_theta_data.csv,2026-05-08,0.80,parent relationships not resolved in v0; company_name missing; used ticker fallback; country unknown
ENT003734,SWX:SIGN,SWX:SIGN,SWX:SIGN,,TRUE,Unknown,Unknown,GSE580_theta_data.csv,2026-05-08,0.80,parent relationships not resolved in v0; company_name missing; used ticker fallback; country unknown
ENT003735,SWX:SIKA,SWX:SIKA,SWX:SIKA,,TRUE,Unknown,Unknown,GSE580_theta_data.csv,2026-05-08,0.80,parent relationships not resolved in v0; company_name missing; used ticker fallback; country unknown
ENT003736,SWX:SLHN,SWX:SLHN,SWX:SLHN,,TRUE,Unknown,Unknown,GSE580_theta_data.csv,2026-05-08,0.80,parent relationships not resolved in v0; company_name missing; used ticker fallback; country unknown
ENT003737,SWX:SOON,SWX:SOON,SWX:SOON,,TRUE,Unknown,Unknown,GSE580_theta_data.csv,2026-05-08,0.80,parent relationships not resolved in v0; company_name missing; used ticker fallback; country unknown
ENT003738,SWX:SPSN,SWX:SPSN,SWX:SPSN,,TRUE,Unknown,Unknown,GSE580_theta_data.csv,2026-05-08,0.80,parent relationships not resolved in v0; company_name missing; used ticker fallback; country unknown
ENT003739,SWX:SRAIL,SWX:SRAIL,SWX:SRAIL,,TRUE,Unknown,Unknown,GSE580_theta_data.csv,2026-05-08,0.80,parent relationships not resolved in v0; company_name missing; used ticker fallback; country unknown
ENT003740,SWX:SREN,SWX:SREN,SWX:SREN,,TRUE,Unknown,Unknown,GSE580_theta_data.csv,2026-05-08,0.80,parent relationships not resolved in v0; company_name missing; used ticker fallback; country unknown
ENT003741,SWX:STMN,SWX:STMN,SWX:STMN,,TRUE,Unknown,Unknown,GSE580_theta_data.csv,2026-05-08,0.80,parent relationships not resolved in v0; company_name missing; used ticker fallback; country unknown
ENT003742,SWX:SUN,SWX:SUN,SWX:SUN,,TRUE,Unknown,Unknown,GSE580_theta_data.csv,2026-05-08,0.80,parent relationships not resolved in v0; company_name missing; used ticker fallback; country unknown
ENT003743,SWX:SWON,SWX:SWON,SWX:SWON,,TRUE,Unknown,Unknown,GSE580_theta_data.csv,2026-05-08,0.80,parent relationships not resolved in v0; company_name missing; used ticker fallback; country unknown
ENT003744,SWX:TEMN,SWX:TEMN,SWX:TEMN,,TRUE,Unknown,Unknown,GSE580_theta_data.csv,2026-05-08,0.80,parent relationships not resolved in v0; company_name missing; used ticker fallback; country unknown
ENT003745,SWX:UBSG,SWX:UBSG,SWX:UBSG,,TRUE,Unknown,Unknown,GSE580_theta_data.csv,2026-05-08,0.80,parent relationships not resolved in v0; company_name missing; used ticker fallback; country unknown
ENT003746,SWX:UBXN,SWX:UBXN,SWX:UBXN,,TRUE,Unknown,Unknown,GSE580_theta_data.csv,2026-05-08,0.80,parent relationships not resolved in v0; company_name missing; used ticker fallback; country unknown
ENT003747,SWX:UHR,SWX:UHR,SWX:UHR,,TRUE,Unknown,Unknown,GSE580_theta_data.csv,2026-05-08,0.80,parent relationships not resolved in v0; company_name missing; used ticker fallback; country unknown
ENT003748,SWX:VACN,SWX:VACN,SWX:VACN,,TRUE,Unknown,Unknown,GSE580_theta_data.csv,2026-05-08,0.80,parent relationships not resolved in v0; company_name missing; used ticker fallback; country unknown
ENT003749,SWX:VETN,SWX:VETN,SWX:VETN,,TRUE,Unknown,Unknown,GSE580_theta_data.csv,2026-05-08,0.80,parent relationships not resolved in v0; company_name missing; used ticker fallback; country unknown
ENT003750,SWX:YPSN,SWX:YPSN,SWX:YPSN,,TRUE,Unknown,Unknown,GSE580_theta_data.csv,2026-05-08,0.80,parent relationships not resolved in v0; company_name missing; used ticker fallback; country unknown
ENT003751,SWX:ZURN,SWX:ZURN,SWX:ZURN,,TRUE,Unknown,Unknown,GSE580_theta_data.csv,2026-05-08,0.80,parent relationships not resolved in v0; company_name missing; used ticker fallback; country unknown
ENT003752,SXC,SXC,SXC,,TRUE,Unknown,Unknown,GSE580_theta_data.csv,2026-05-08,0.80,parent relationships not resolved in v0; company_name missing; used ticker fallback; country unknown
ENT003753,SXI,SXI,SXI,,TRUE,Unknown,Unknown,GSE580_theta_data.csv,2026-05-08,0.80,parent relationships not resolved in v0; company_name missing; used ticker fallback; country unknown
ENT003754,SXT,SXT,SXT,,TRUE,Unknown,Unknown,GSE580_theta_data.csv,2026-05-08,0.80,parent relationships not resolved in v0; company_name missing; used ticker fallback; country unknown
ENT003755,SXTC,SXTC,SXTC,,TRUE,Unknown,Unknown,GSE580_theta_data.csv,2026-05-08,0.80,parent relationships not resolved in v0; company_name missing; used ticker fallback; country unknown
ENT003756,SY,SY,SY,,TRUE,Unknown,Unknown,GSE580_theta_data.csv,2026-05-08,0.80,parent relationships not resolved in v0; company_name missing; used ticker fallback; country unknown
ENT003757,SYF,SYF,SYF,,TRUE,Unknown,Unknown,GSE580_theta_data.csv,2026-05-08,0.80,parent relationships not resolved in v0; company_name missing; used ticker fallback; country unknown
ENT003758,SYK,SYK,SYK,,TRUE,Unknown,Unknown,GSE580_theta_data.csv,2026-05-08,0.80,parent relationships not resolved in v0; company_name missing; used ticker fallback; country unknown
ENT003759,SYM,SYM,SYM,,TRUE,Unknown,Unknown,GSE580_theta_data.csv,2026-05-08,0.80,parent relationships not resolved in v0; company_name missing; used ticker fallback; country unknown
ENT003760,SYNA,SYNA,SYNA,,TRUE,Unknown,Unknown,GSE580_theta_data.csv,2026-05-08,0.80,parent relationships not resolved in v0; company_name missing; used ticker fallback; country unknown
ENT003761,SYY,SYY,SYY,,TRUE,Unknown,Unknown,GSE580_theta_data.csv,2026-05-08,0.80,parent relationships not resolved in v0; company_name missing; used ticker fallback; country unknown
ENT003762,SZSE:000021,SZSE:000021,SZSE:000021,,TRUE,Unknown,Unknown,GSE580_theta_data.csv,2026-05-08,0.80,parent relationships not resolved in v0; company_name missing; used ticker fallback; country unknown
ENT003763,SZSE:000063,SZSE:000063,SZSE:000063,,TRUE,Unknown,Unknown,GSE580_theta_data.csv,2026-05-08,0.80,parent relationships not resolved in v0; company_name missing; used ticker fallback; country unknown
ENT003764,SZSE:000100,SZSE:000100,SZSE:000100,,TRUE,Unknown,Unknown,GSE580_theta_data.csv,2026-05-08,0.80,parent relationships not resolved in v0; company_name missing; used ticker fallback; country unknown
ENT003765,SZSE:000157,SZSE:000157,SZSE:000157,,TRUE,Unknown,Unknown,GSE580_theta_data.csv,2026-05-08,0.80,parent relationships not resolved in v0; company_name missing; used ticker fallback; country unknown
ENT003766,SZSE:000333,SZSE:000333,SZSE:000333,,TRUE,Unknown,Unknown,GSE580_theta_data.csv,2026-05-08,0.80,parent relationships not resolved in v0; company_name missing; used ticker fallback; country unknown
ENT003767,SZSE:000338,SZSE:000338,SZSE:000338,,TRUE,Unknown,Unknown,GSE580_theta_data.csv,2026-05-08,0.80,parent relationships not resolved in v0; company_name missing; used ticker fallback; country unknown
ENT003768,SZSE:000425,SZSE:000425,SZSE:000425,,TRUE,Unknown,Unknown,GSE580_theta_data.csv,2026-05-08,0.80,parent relationships not resolved in v0; company_name missing; used ticker fallback; country unknown
ENT003769,SZSE:000581,SZSE:000581,SZSE:000581,,TRUE,Unknown,Unknown,GSE580_theta_data.csv,2026-05-08,0.80,parent relationships not resolved in v0; company_name missing; used ticker fallback; country unknown
ENT003770,SZSE:000651,SZSE:000651,SZSE:000651,,TRUE,Unknown,Unknown,GSE580_theta_data.csv,2026-05-08,0.80,parent relationships not resolved in v0; company_name missing; used ticker fallback; country unknown
ENT003771,SZSE:000725,SZSE:000725,SZSE:000725,,TRUE,Unknown,Unknown,GSE580_theta_data.csv,2026-05-08,0.80,parent relationships not resolved in v0; company_name missing; used ticker fallback; country unknown
ENT003772,SZSE:000858,SZSE:000858,SZSE:000858,,TRUE,Unknown,Unknown,GSE580_theta_data.csv,2026-05-08,0.80,parent relationships not resolved in v0; company_name missing; used ticker fallback; country unknown
ENT003773,SZSE:000910,SZSE:000910,SZSE:000910,,TRUE,Unknown,Unknown,GSE580_theta_data.csv,2026-05-08,0.80,parent relationships not resolved in v0; company_name missing; used ticker fallback; country unknown
ENT003774,SZSE:000921,SZSE:000921,SZSE:000921,,TRUE,Unknown,Unknown,GSE580_theta_data.csv,2026-05-08,0.80,parent relationships not resolved in v0; company_name missing; used ticker fallback; country unknown
ENT003775,SZSE:002008,SZSE:002008,SZSE:002008,,TRUE,Unknown,Unknown,GSE580_theta_data.csv,2026-05-08,0.80,parent relationships not resolved in v0; company_name missing; used ticker fallback; country unknown
ENT003776,SZSE:002068,SZSE:002068,SZSE:002068,,TRUE,Unknown,Unknown,GSE580_theta_data.csv,2026-05-08,0.80,parent relationships not resolved in v0; company_name missing; used ticker fallback; country unknown
ENT003777,SZSE:002078,SZSE:002078,SZSE:002078,,TRUE,Unknown,Unknown,GSE580_theta_data.csv,2026-05-08,0.80,parent relationships not resolved in v0; company_name missing; used ticker fallback; country unknown
ENT003778,SZSE:002145,SZSE:002145,SZSE:002145,,TRUE,Unknown,Unknown,GSE580_theta_data.csv,2026-05-08,0.80,parent relationships not resolved in v0; company_name missing; used ticker fallback; country unknown
ENT003779,SZSE:002152,SZSE:002152,SZSE:002152,,TRUE,Unknown,Unknown,GSE580_theta_data.csv,2026-05-08,0.80,parent relationships not resolved in v0; company_name missing; used ticker fallback; country unknown
ENT003780,SZSE:002155,SZSE:002155,SZSE:002155,,TRUE,Unknown,Unknown,GSE580_theta_data.csv,2026-05-08,0.80,parent relationships not resolved in v0; company_name missing; used ticker fallback; country unknown
ENT003781,SZSE:002156,SZSE:002156,SZSE:002156,,TRUE,Unknown,Unknown,GSE580_theta_data.csv,2026-05-08,0.80,parent relationships not resolved in v0; company_name missing; used ticker fallback; country unknown
ENT003782,SZSE:002202,SZSE:002202,SZSE:002202,,TRUE,Unknown,Unknown,GSE580_theta_data.csv,2026-05-08,0.80,parent relationships not resolved in v0; company_name missing; used ticker fallback; country unknown
ENT003783,SZSE:002230,SZSE:002230,SZSE:002230,,TRUE,Unknown,Unknown,GSE580_theta_data.csv,2026-05-08,0.80,parent relationships not resolved in v0; company_name missing; used ticker fallback; country unknown
ENT003784,SZSE:002236,SZSE:002236,SZSE:002236,,TRUE,Unknown,Unknown,GSE580_theta_data.csv,2026-05-08,0.80,parent relationships not resolved in v0; company_name missing; used ticker fallback; country unknown
ENT003785,SZSE:002281,SZSE:002281,SZSE:002281,,TRUE,Unknown,Unknown,GSE580_theta_data.csv,2026-05-08,0.80,parent relationships not resolved in v0; company_name missing; used ticker fallback; country unknown
ENT003786,SZSE:002371,SZSE:002371,SZSE:002371,,TRUE,Unknown,Unknown,GSE580_theta_data.csv,2026-05-08,0.80,parent relationships not resolved in v0; company_name missing; used ticker fallback; country unknown
ENT003787,SZSE:002415,SZSE:002415,SZSE:002415,,TRUE,Unknown,Unknown,GSE580_theta_data.csv,2026-05-08,0.80,parent relationships not resolved in v0; company_name missing; used ticker fallback; country unknown
ENT003788,SZSE:002460,SZSE:002460,SZSE:002460,,TRUE,Unknown,Unknown,GSE580_theta_data.csv,2026-05-08,0.80,parent relationships not resolved in v0; company_name missing; used ticker fallback; country unknown
ENT003789,SZSE:002466,SZSE:002466,SZSE:002466,,TRUE,Unknown,Unknown,GSE580_theta_data.csv,2026-05-08,0.80,parent relationships not resolved in v0; company_name missing; used ticker fallback; country unknown
ENT003790,SZSE:002475,SZSE:002475,SZSE:002475,,TRUE,Unknown,Unknown,GSE580_theta_data.csv,2026-05-08,0.80,parent relationships not resolved in v0; company_name missing; used ticker fallback; country unknown
ENT003791,SZSE:002577,SZSE:002577,SZSE:002577,,TRUE,Unknown,Unknown,GSE580_theta_data.csv,2026-05-08,0.80,parent relationships not resolved in v0; company_name missing; used ticker fallback; country unknown
ENT003792,SZSE:002583,SZSE:002583,SZSE:002583,,TRUE,Unknown,Unknown,GSE580_theta_data.csv,2026-05-08,0.80,parent relationships not resolved in v0; company_name missing; used ticker fallback; country unknown
ENT003793,SZSE:002594,SZSE:002594,SZSE:002594,,TRUE,Unknown,Unknown,GSE580_theta_data.csv,2026-05-08,0.80,parent relationships not resolved in v0; company_name missing; used ticker fallback; country unknown
ENT003794,SZSE:002601,SZSE:002601,SZSE:002601,,TRUE,Unknown,Unknown,GSE580_theta_data.csv,2026-05-08,0.80,parent relationships not resolved in v0; company_name missing; used ticker fallback; country unknown
ENT003795,SZSE:002637,SZSE:002637,SZSE:002637,,TRUE,Unknown,Unknown,GSE580_theta_data.csv,2026-05-08,0.80,parent relationships not resolved in v0; company_name missing; used ticker fallback; country unknown
ENT003796,SZSE:002701,SZSE:002701,SZSE:002701,,TRUE,Unknown,Unknown,GSE580_theta_data.csv,2026-05-08,0.80,parent relationships not resolved in v0; company_name missing; used ticker fallback; country unknown
ENT003797,SZSE:002739,SZSE:002739,SZSE:002739,,TRUE,Unknown,Unknown,GSE580_theta_data.csv,2026-05-08,0.80,parent relationships not resolved in v0; company_name missing; used ticker fallback; country unknown
ENT003798,SZSE:300014,SZSE:300014,SZSE:300014,,TRUE,Unknown,Unknown,GSE580_theta_data.csv,2026-05-08,0.80,parent relationships not resolved in v0; company_name missing; used ticker fallback; country unknown
ENT003799,SZSE:300124,SZSE:300124,SZSE:300124,,TRUE,Unknown,Unknown,GSE580_theta_data.csv,2026-05-08,0.80,parent relationships not resolved in v0; company_name missing; used ticker fallback; country unknown
ENT003800,SZSE:300146,SZSE:300146,SZSE:300146,,TRUE,Unknown,Unknown,GSE580_theta_data.csv,2026-05-08,0.80,parent relationships not resolved in v0; company_name missing; used ticker fallback; country unknown
ENT003801,SZSE:300193,SZSE:300193,SZSE:300193,,TRUE,Unknown,Unknown,GSE580_theta_data.csv,2026-05-08,0.80,parent relationships not resolved in v0; company_name missing; used ticker fallback; country unknown
ENT003802,SZSE:300232,SZSE:300232,SZSE:300232,,TRUE,Unknown,Unknown,GSE580_theta_data.csv,2026-05-08,0.80,parent relationships not resolved in v0; company_name missing; used ticker fallback; country unknown
ENT003803,SZSE:300257,SZSE:300257,SZSE:300257,,TRUE,Unknown,Unknown,GSE580_theta_data.csv,2026-05-08,0.80,parent relationships not resolved in v0; company_name missing; used ticker fallback; country unknown
ENT003804,SZSE:300259,SZSE:300259,SZSE:300259,,TRUE,Unknown,Unknown,GSE580_theta_data.csv,2026-05-08,0.80,parent relationships not resolved in v0; company_name missing; used ticker fallback; country unknown
ENT003805,SZSE:300274,SZSE:300274,SZSE:300274,,TRUE,Unknown,Unknown,GSE580_theta_data.csv,2026-05-08,0.80,parent relationships not resolved in v0; company_name missing; used ticker fallback; country unknown
ENT003806,SZSE:300308,SZSE:300308,SZSE:300308,,TRUE,Unknown,Unknown,GSE580_theta_data.csv,2026-05-08,0.80,parent relationships not resolved in v0; company_name missing; used ticker fallback; country unknown
ENT003807,SZSE:300347,SZSE:300347,SZSE:300347,,TRUE,Unknown,Unknown,GSE580_theta_data.csv,2026-05-08,0.80,parent relationships not resolved in v0; company_name missing; used ticker fallback; country unknown
ENT003808,SZSE:300369,SZSE:300369,SZSE:300369,,TRUE,Unknown,Unknown,GSE580_theta_data.csv,2026-05-08,0.80,parent relationships not resolved in v0; company_name missing; used ticker fallback; country unknown
ENT003809,SZSE:300389,SZSE:300389,SZSE:300389,,TRUE,Unknown,Unknown,GSE580_theta_data.csv,2026-05-08,0.80,parent relationships not resolved in v0; company_name missing; used ticker fallback; country unknown
ENT003810,SZSE:300454,SZSE:300454,SZSE:300454,,TRUE,Unknown,Unknown,GSE580_theta_data.csv,2026-05-08,0.80,parent relationships not resolved in v0; company_name missing; used ticker fallback; country unknown
ENT003811,SZSE:300502,SZSE:300502,SZSE:300502,,TRUE,Unknown,Unknown,GSE580_theta_data.csv,2026-05-08,0.80,parent relationships not resolved in v0; company_name missing; used ticker fallback; country unknown
ENT003812,SZSE:300590,SZSE:300590,SZSE:300590,,TRUE,Unknown,Unknown,GSE580_theta_data.csv,2026-05-08,0.80,parent relationships not resolved in v0; company_name missing; used ticker fallback; country unknown
ENT003813,SZSE:300661,SZSE:300661,SZSE:300661,,TRUE,Unknown,Unknown,GSE580_theta_data.csv,2026-05-08,0.80,parent relationships not resolved in v0; company_name missing; used ticker fallback; country unknown
ENT003814,SZSE:300676,SZSE:300676,SZSE:300676,,TRUE,Unknown,Unknown,GSE580_theta_data.csv,2026-05-08,0.80,parent relationships not resolved in v0; company_name missing; used ticker fallback; country unknown
ENT003815,SZSE:300747,SZSE:300747,SZSE:300747,,TRUE,Unknown,Unknown,GSE580_theta_data.csv,2026-05-08,0.80,parent relationships not resolved in v0; company_name missing; used ticker fallback; country unknown
ENT003816,SZSE:300748,SZSE:300748,SZSE:300748,,TRUE,Unknown,Unknown,GSE580_theta_data.csv,2026-05-08,0.80,parent relationships not resolved in v0; company_name missing; used ticker fallback; country unknown
ENT003817,SZSE:300750,SZSE:300750,SZSE:300750,,TRUE,Unknown,Unknown,GSE580_theta_data.csv,2026-05-08,0.80,parent relationships not resolved in v0; company_name missing; used ticker fallback; country unknown
ENT003818,SZSE:300760,SZSE:300760,SZSE:300760,,TRUE,Unknown,Unknown,GSE580_theta_data.csv,2026-05-08,0.80,parent relationships not resolved in v0; company_name missing; used ticker fallback; country unknown
ENT003819,SZSE:300832,SZSE:300832,SZSE:300832,,TRUE,Unknown,Unknown,GSE580_theta_data.csv,2026-05-08,0.80,parent relationships not resolved in v0; company_name missing; used ticker fallback; country unknown
ENT003820,SZSE:300910,SZSE:300910,SZSE:300910,,TRUE,Unknown,Unknown,GSE580_theta_data.csv,2026-05-08,0.80,parent relationships not resolved in v0; company_name missing; used ticker fallback; country unknown
ENT003821,SZSE:301039,SZSE:301039,SZSE:301039,,TRUE,Unknown,Unknown,GSE580_theta_data.csv,2026-05-08,0.80,parent relationships not resolved in v0; company_name missing; used ticker fallback; country unknown
ENT003822,SZSE:301047,SZSE:301047,SZSE:301047,,TRUE,Unknown,Unknown,GSE580_theta_data.csv,2026-05-08,0.80,parent relationships not resolved in v0; company_name missing; used ticker fallback; country unknown
ENT003823,SZSE:301269,SZSE:301269,SZSE:301269,,TRUE,Unknown,Unknown,GSE580_theta_data.csv,2026-05-08,0.80,parent relationships not resolved in v0; company_name missing; used ticker fallback; country unknown
ENT003824,SZSE:301367,SZSE:301367,SZSE:301367,,TRUE,Unknown,Unknown,GSE580_theta_data.csv,2026-05-08,0.80,parent relationships not resolved in v0; company_name missing; used ticker fallback; country unknown
ENT003825,T,T,T,,TRUE,Unknown,Unknown,GSE580_theta_data.csv,2026-05-08,0.80,parent relationships not resolved in v0; company_name missing; used ticker fallback; country unknown
ENT003826,TAC,TAC,TAC,,TRUE,Unknown,Unknown,GSE580_theta_data.csv,2026-05-08,0.80,parent relationships not resolved in v0; company_name missing; used ticker fallback; country unknown
ENT003827,TAK,TAK,TAK,,TRUE,Unknown,Unknown,GSE580_theta_data.csv,2026-05-08,0.80,parent relationships not resolved in v0; company_name missing; used ticker fallback; country unknown
ENT003828,TAL,TAL,TAL,,TRUE,Unknown,Unknown,GSE580_theta_data.csv,2026-05-08,0.80,parent relationships not resolved in v0; company_name missing; used ticker fallback; country unknown
ENT003829,TALK,TALK,TALK,,TRUE,Unknown,Unknown,GSE580_theta_data.csv,2026-05-08,0.80,parent relationships not resolved in v0; company_name missing; used ticker fallback; country unknown
ENT003830,TAP,TAP,TAP,,TRUE,Unknown,Unknown,GSE580_theta_data.csv,2026-05-08,0.80,parent relationships not resolved in v0; company_name missing; used ticker fallback; country unknown
ENT003831,TARS,TARS,TARS,,TRUE,Unknown,Unknown,GSE580_theta_data.csv,2026-05-08,0.80,parent relationships not resolved in v0; company_name missing; used ticker fallback; country unknown
ENT003832,TASE:TEVA,TASE:TEVA,TASE:TEVA,,TRUE,Unknown,Unknown,GSE580_theta_data.csv,2026-05-08,0.80,parent relationships not resolved in v0; company_name missing; used ticker fallback; country unknown
ENT003833,TASK,TASK,TASK,,TRUE,Unknown,Unknown,GSE580_theta_data.csv,2026-05-08,0.80,parent relationships not resolved in v0; company_name missing; used ticker fallback; country unknown
ENT003834,TATT,TATT,TATT,,TRUE,Unknown,Unknown,GSE580_theta_data.csv,2026-05-08,0.80,parent relationships not resolved in v0; company_name missing; used ticker fallback; country unknown
ENT003835,TAYD,TAYD,TAYD,,TRUE,Unknown,Unknown,GSE580_theta_data.csv,2026-05-08,0.80,parent relationships not resolved in v0; company_name missing; used ticker fallback; country unknown
ENT003836,TBBB,TBBB,TBBB,,TRUE,Unknown,Unknown,GSE580_theta_data.csv,2026-05-08,0.80,parent relationships not resolved in v0; company_name missing; used ticker fallback; country unknown
ENT003837,TBBK,TBBK,TBBK,,TRUE,Unknown,Unknown,GSE580_theta_data.csv,2026-05-08,0.80,parent relationships not resolved in v0; company_name missing; used ticker fallback; country unknown
ENT003838,TBCH,TBCH,TBCH,,TRUE,Unknown,Unknown,GSE580_theta_data.csv,2026-05-08,0.80,parent relationships not resolved in v0; company_name missing; used ticker fallback; country unknown
ENT003839,TBI,TBI,TBI,,TRUE,Unknown,Unknown,GSE580_theta_data.csv,2026-05-08,0.80,parent relationships not resolved in v0; company_name missing; used ticker fallback; country unknown
ENT003840,TBLA,TBLA,TBLA,,TRUE,Unknown,Unknown,GSE580_theta_data.csv,2026-05-08,0.80,parent relationships not resolved in v0; company_name missing; used ticker fallback; country unknown
ENT003841,TBPH,TBPH,TBPH,,TRUE,Unknown,Unknown,GSE580_theta_data.csv,2026-05-08,0.80,parent relationships not resolved in v0; company_name missing; used ticker fallback; country unknown
ENT003842,TBRG,TBRG,TBRG,,TRUE,Unknown,Unknown,GSE580_theta_data.csv,2026-05-08,0.80,parent relationships not resolved in v0; company_name missing; used ticker fallback; country unknown
ENT003843,TCBI,TCBI,TCBI,,TRUE,Unknown,Unknown,GSE580_theta_data.csv,2026-05-08,0.80,parent relationships not resolved in v0; company_name missing; used ticker fallback; country unknown
ENT003844,TCI,TCI,TCI,,TRUE,Unknown,Unknown,GSE580_theta_data.csv,2026-05-08,0.80,parent relationships not resolved in v0; company_name missing; used ticker fallback; country unknown
ENT003845,TCMD,TCMD,TCMD,,TRUE,Unknown,Unknown,GSE580_theta_data.csv,2026-05-08,0.80,parent relationships not resolved in v0; company_name missing; used ticker fallback; country unknown
ENT003846,TCOM,TCOM,TCOM,,TRUE,Unknown,Unknown,GSE580_theta_data.csv,2026-05-08,0.80,parent relationships not resolved in v0; company_name missing; used ticker fallback; country unknown
ENT003847,TCX,TCX,TCX,,TRUE,Unknown,Unknown,GSE580_theta_data.csv,2026-05-08,0.80,parent relationships not resolved in v0; company_name missing; used ticker fallback; country unknown
ENT003848,TD,TD,TD,,TRUE,Unknown,Unknown,GSE580_theta_data.csv,2026-05-08,0.80,parent relationships not resolved in v0; company_name missing; used ticker fallback; country unknown
ENT003849,TDAY,TDAY,TDAY,,TRUE,Unknown,Unknown,GSE580_theta_data.csv,2026-05-08,0.80,parent relationships not resolved in v0; company_name missing; used ticker fallback; country unknown
ENT003850,TDC,TDC,TDC,,TRUE,Unknown,Unknown,GSE580_theta_data.csv,2026-05-08,0.80,parent relationships not resolved in v0; company_name missing; used ticker fallback; country unknown
ENT003851,TDG,TDG,TDG,,TRUE,Unknown,Unknown,GSE580_theta_data.csv,2026-05-08,0.80,parent relationships not resolved in v0; company_name missing; used ticker fallback; country unknown
ENT003852,TDOC,TDOC,TDOC,,TRUE,Unknown,Unknown,GSE580_theta_data.csv,2026-05-08,0.80,parent relationships not resolved in v0; company_name missing; used ticker fallback; country unknown
ENT003853,TDS,TDS,TDS,,TRUE,Unknown,Unknown,GSE580_theta_data.csv,2026-05-08,0.80,parent relationships not resolved in v0; company_name missing; used ticker fallback; country unknown
ENT003854,TDUP,TDUP,TDUP,,TRUE,United States,North America,GSE580_theta_data.csv,2026-05-08,0.80,parent relationships not resolved in v0; company_name missing; used ticker fallback
ENT003855,TDW,TDW,TDW,,TRUE,Unknown,Unknown,GSE580_theta_data.csv,2026-05-08,0.80,parent relationships not resolved in v0; company_name missing; used ticker fallback; country unknown
ENT003856,TDY,TDY,TDY,,TRUE,Unknown,Unknown,GSE580_theta_data.csv,2026-05-08,0.80,parent relationships not resolved in v0; company_name missing; used ticker fallback; country unknown
ENT003857,TE,TE,TE,,TRUE,Unknown,Unknown,GSE580_theta_data.csv,2026-05-08,0.80,parent relationships not resolved in v0; company_name missing; used ticker fallback; country unknown
ENT003858,TEAM,TEAM,TEAM,,TRUE,Unknown,Unknown,GSE580_theta_data.csv,2026-05-08,0.80,parent relationships not resolved in v0; company_name missing; used ticker fallback; country unknown
ENT003859,TECH,TECH,TECH,,TRUE,Unknown,Unknown,GSE580_theta_data.csv,2026-05-08,0.80,parent relationships not resolved in v0; company_name missing; used ticker fallback; country unknown
ENT003860,TEF,TEF,TEF,,TRUE,Unknown,Unknown,GSE580_theta_data.csv,2026-05-08,0.80,parent relationships not resolved in v0; company_name missing; used ticker fallback; country unknown
ENT003861,TEL,TEL,TEL,,TRUE,Unknown,Unknown,GSE580_theta_data.csv,2026-05-08,0.80,parent relationships not resolved in v0; company_name missing; used ticker fallback; country unknown
ENT003862,TEM,TEM,TEM,,TRUE,United States,North America,GSE580_theta_data.csv,2026-05-08,0.80,parent relationships not resolved in v0; company_name missing; used ticker fallback
ENT003863,TEN,TEN,TEN,,TRUE,Unknown,Unknown,GSE580_theta_data.csv,2026-05-08,0.80,parent relationships not resolved in v0; company_name missing; used ticker fallback; country unknown
ENT003864,TENB,TENB,TENB,,TRUE,Unknown,Unknown,GSE580_theta_data.csv,2026-05-08,0.80,parent relationships not resolved in v0; company_name missing; used ticker fallback; country unknown
ENT003865,TEO,TEO,TEO,,TRUE,Unknown,Unknown,GSE580_theta_data.csv,2026-05-08,0.80,parent relationships not resolved in v0; company_name missing; used ticker fallback; country unknown
ENT003866,TER,TER,TER,,TRUE,Unknown,Unknown,GSE580_theta_data.csv,2026-05-08,0.80,parent relationships not resolved in v0; company_name missing; used ticker fallback; country unknown
ENT003867,TERN,TERN,TERN,,TRUE,United States,North America,GSE580_theta_data.csv,2026-05-08,0.80,parent relationships not resolved in v0; company_name missing; used ticker fallback
ENT003868,TEVA,TEVA,TEVA,,TRUE,Unknown,Unknown,GSE580_theta_data.csv,2026-05-08,0.80,parent relationships not resolved in v0; company_name missing; used ticker fallback; country unknown
ENT003869,TEX,TEX,TEX,,TRUE,Unknown,Unknown,GSE580_theta_data.csv,2026-05-08,0.80,parent relationships not resolved in v0; company_name missing; used ticker fallback; country unknown
ENT003870,TFC,TFC,TFC,,TRUE,Unknown,Unknown,GSE580_theta_data.csv,2026-05-08,0.80,parent relationships not resolved in v0; company_name missing; used ticker fallback; country unknown
ENT003871,TFII,TFII,TFII,,TRUE,Unknown,Unknown,GSE580_theta_data.csv,2026-05-08,0.80,parent relationships not resolved in v0; company_name missing; used ticker fallback; country unknown
ENT003872,TFIN,TFIN,TFIN,,TRUE,Unknown,Unknown,GSE580_theta_data.csv,2026-05-08,0.80,parent relationships not resolved in v0; company_name missing; used ticker fallback; country unknown
ENT003873,TFSL,TFSL,TFSL,,TRUE,Unknown,Unknown,GSE580_theta_data.csv,2026-05-08,0.80,parent relationships not resolved in v0; company_name missing; used ticker fallback; country unknown
ENT003874,TFX,TFX,TFX,,TRUE,Unknown,Unknown,GSE580_theta_data.csv,2026-05-08,0.80,parent relationships not resolved in v0; company_name missing; used ticker fallback; country unknown
ENT003875,TG,TG,TG,,TRUE,Unknown,Unknown,GSE580_theta_data.csv,2026-05-08,0.80,parent relationships not resolved in v0; company_name missing; used ticker fallback; country unknown
ENT003876,TGEN,TGEN,TGEN,,TRUE,Unknown,Unknown,GSE580_theta_data.csv,2026-05-08,0.80,parent relationships not resolved in v0; company_name missing; used ticker fallback; country unknown
ENT003877,TGLO,TGLO,TGLO,,TRUE,Unknown,Unknown,GSE580_theta_data.csv,2026-05-08,0.80,parent relationships not resolved in v0; company_name missing; used ticker fallback; country unknown
ENT003878,TGLS,TGLS,TGLS,,TRUE,Unknown,Unknown,GSE580_theta_data.csv,2026-05-08,0.80,parent relationships not resolved in v0; company_name missing; used ticker fallback; country unknown
ENT003879,TGNA,TGNA,TGNA,,TRUE,Unknown,Unknown,GSE580_theta_data.csv,2026-05-08,0.80,parent relationships not resolved in v0; company_name missing; used ticker fallback; country unknown
ENT003880,TGT,TGT,TGT,,TRUE,Unknown,Unknown,GSE580_theta_data.csv,2026-05-08,0.80,parent relationships not resolved in v0; company_name missing; used ticker fallback; country unknown
ENT003881,TH,TH,TH,,TRUE,Unknown,Unknown,GSE580_theta_data.csv,2026-05-08,0.80,parent relationships not resolved in v0; company_name missing; used ticker fallback; country unknown
ENT003882,THC,THC,THC,,TRUE,United States,North America,GSE580_theta_data.csv,2026-05-08,0.80,parent relationships not resolved in v0; company_name missing; used ticker fallback
ENT003883,THG,THG,THG,,TRUE,United States,North America,GSE580_theta_data.csv,2026-05-08,0.80,parent relationships not resolved in v0; company_name missing; used ticker fallback
ENT003884,THH,THH,THH,,TRUE,Unknown,Unknown,GSE580_theta_data.csv,2026-05-08,0.80,parent relationships not resolved in v0; company_name missing; used ticker fallback; country unknown
ENT003885,THO,THO,THO,,TRUE,Unknown,Unknown,GSE580_theta_data.csv,2026-05-08,0.80,parent relationships not resolved in v0; company_name missing; used ticker fallback; country unknown
ENT003886,THR,THR,THR,,TRUE,Unknown,Unknown,GSE580_theta_data.csv,2026-05-08,0.80,parent relationships not resolved in v0; company_name missing; used ticker fallback; country unknown
ENT003887,THRM,THRM,THRM,,TRUE,Unknown,Unknown,GSE580_theta_data.csv,2026-05-08,0.80,parent relationships not resolved in v0; company_name missing; used ticker fallback; country unknown
ENT003888,THRY,THRY,THRY,,TRUE,United States,North America,GSE580_theta_data.csv,2026-05-08,0.80,parent relationships not resolved in v0; company_name missing; used ticker fallback
ENT003889,THS,THS,THS,,TRUE,Unknown,Unknown,GSE580_theta_data.csv,2026-05-08,0.80,parent relationships not resolved in v0; company_name missing; used ticker fallback; country unknown
ENT003890,TIC,TIC,TIC,,TRUE,Unknown,Unknown,GSE580_theta_data.csv,2026-05-08,0.80,parent relationships not resolved in v0; company_name missing; used ticker fallback; country unknown
ENT003891,TIGO,TIGO,TIGO,,TRUE,Unknown,Unknown,GSE580_theta_data.csv,2026-05-08,0.80,parent relationships not resolved in v0; company_name missing; used ticker fallback; country unknown
ENT003892,TIGR,TIGR,TIGR,,TRUE,Unknown,Unknown,GSE580_theta_data.csv,2026-05-08,0.80,parent relationships not resolved in v0; company_name missing; used ticker fallback; country unknown
ENT003893,TILE,TILE,TILE,,TRUE,Unknown,Unknown,GSE580_theta_data.csv,2026-05-08,0.80,parent relationships not resolved in v0; company_name missing; used ticker fallback; country unknown
ENT003894,TIMB,TIMB,TIMB,,TRUE,Unknown,Unknown,GSE580_theta_data.csv,2026-05-08,0.80,parent relationships not resolved in v0; company_name missing; used ticker fallback; country unknown
ENT003895,TIPT,TIPT,TIPT,,TRUE,United States,North America,GSE580_theta_data.csv,2026-05-08,0.80,parent relationships not resolved in v0; company_name missing; used ticker fallback
ENT003896,TITN,TITN,TITN,,TRUE,Unknown,Unknown,GSE580_theta_data.csv,2026-05-08,0.80,parent relationships not resolved in v0; company_name missing; used ticker fallback; country unknown
ENT003897,TJX,TJX,TJX,,TRUE,Unknown,Unknown,GSE580_theta_data.csv,2026-05-08,0.80,parent relationships not resolved in v0; company_name missing; used ticker fallback; country unknown
ENT003898,TK,TK,TK,,TRUE,Unknown,Unknown,GSE580_theta_data.csv,2026-05-08,0.80,parent relationships not resolved in v0; company_name missing; used ticker fallback; country unknown
ENT003899,TKC,TKC,TKC,,TRUE,Unknown,Unknown,GSE580_theta_data.csv,2026-05-08,0.80,parent relationships not resolved in v0; company_name missing; used ticker fallback; country unknown
ENT003900,TKNO,TKNO,TKNO,,TRUE,Unknown,Unknown,GSE580_theta_data.csv,2026-05-08,0.80,parent relationships not resolved in v0; company_name missing; used ticker fallback; country unknown
ENT003901,TKO,TKO,TKO,,TRUE,Unknown,Unknown,GSE580_theta_data.csv,2026-05-08,0.80,parent relationships not resolved in v0; company_name missing; used ticker fallback; country unknown
ENT003902,TKR,TKR,TKR,,TRUE,Unknown,Unknown,GSE580_theta_data.csv,2026-05-08,0.80,parent relationships not resolved in v0; company_name missing; used ticker fallback; country unknown
ENT003903,TLK,TLK,TLK,,TRUE,Unknown,Unknown,GSE580_theta_data.csv,2026-05-08,0.80,parent relationships not resolved in v0; company_name missing; used ticker fallback; country unknown
ENT003904,TLN,TLN,TLN,,TRUE,Unknown,Unknown,GSE580_theta_data.csv,2026-05-08,0.80,parent relationships not resolved in v0; company_name missing; used ticker fallback; country unknown
ENT003905,TLNC,TLNC,TLNC,,TRUE,Unknown,Unknown,GSE580_theta_data.csv,2026-05-08,0.80,parent relationships not resolved in v0; company_name missing; used ticker fallback; country unknown
ENT003906,TLRY,TLRY,TLRY,,TRUE,Unknown,Unknown,GSE580_theta_data.csv,2026-05-08,0.80,parent relationships not resolved in v0; company_name missing; used ticker fallback; country unknown
ENT003907,TLS,TLS,TLS,,TRUE,Unknown,Unknown,GSE580_theta_data.csv,2026-05-08,0.80,parent relationships not resolved in v0; company_name missing; used ticker fallback; country unknown
ENT003908,TM,TM,TM,,TRUE,Unknown,Unknown,GSE580_theta_data.csv,2026-05-08,0.80,parent relationships not resolved in v0; company_name missing; used ticker fallback; country unknown
ENT003909,TMC,TMC,TMC,,TRUE,Unknown,Unknown,GSE580_theta_data.csv,2026-05-08,0.80,parent relationships not resolved in v0; company_name missing; used ticker fallback; country unknown
ENT003910,TMCI,TMCI,TMCI,,TRUE,Unknown,Unknown,GSE580_theta_data.csv,2026-05-08,0.80,parent relationships not resolved in v0; company_name missing; used ticker fallback; country unknown
ENT003911,TMDX,TMDX,TMDX,,TRUE,Unknown,Unknown,GSE580_theta_data.csv,2026-05-08,0.80,parent relationships not resolved in v0; company_name missing; used ticker fallback; country unknown
ENT003912,TME,TME,TME,,TRUE,Unknown,Unknown,GSE580_theta_data.csv,2026-05-08,0.80,parent relationships not resolved in v0; company_name missing; used ticker fallback; country unknown
ENT003913,TMHC,TMHC,TMHC,,TRUE,Unknown,Unknown,GSE580_theta_data.csv,2026-05-08,0.80,parent relationships not resolved in v0; company_name missing; used ticker fallback; country unknown
ENT003914,TMO,TMO,TMO,,TRUE,Unknown,Unknown,GSE580_theta_data.csv,2026-05-08,0.80,parent relationships not resolved in v0; company_name missing; used ticker fallback; country unknown
ENT003915,TMUS,TMUS,TMUS,,TRUE,Unknown,Unknown,GSE580_theta_data.csv,2026-05-08,0.80,parent relationships not resolved in v0; company_name missing; used ticker fallback; country unknown
ENT003916,TNC,TNC,TNC,,TRUE,Unknown,Unknown,GSE580_theta_data.csv,2026-05-08,0.80,parent relationships not resolved in v0; company_name missing; used ticker fallback; country unknown
ENT003917,TNDM,TNDM,TNDM,,TRUE,Unknown,Unknown,GSE580_theta_data.csv,2026-05-08,0.80,parent relationships not resolved in v0; company_name missing; used ticker fallback; country unknown
ENT003918,TNET,TNET,TNET,,TRUE,United States,North America,GSE580_theta_data.csv,2026-05-08,0.80,parent relationships not resolved in v0; company_name missing; used ticker fallback
ENT003919,TNK,TNK,TNK,,TRUE,Unknown,Unknown,GSE580_theta_data.csv,2026-05-08,0.80,parent relationships not resolved in v0; company_name missing; used ticker fallback; country unknown
ENT003920,TNL,TNL,TNL,,TRUE,Unknown,Unknown,GSE580_theta_data.csv,2026-05-08,0.80,parent relationships not resolved in v0; company_name missing; used ticker fallback; country unknown
ENT003921,TOI,TOI,TOI,,TRUE,Unknown,Unknown,GSE580_theta_data.csv,2026-05-08,0.80,parent relationships not resolved in v0; company_name missing; used ticker fallback; country unknown
ENT003922,TOL,TOL,TOL,,TRUE,Unknown,Unknown,GSE580_theta_data.csv,2026-05-08,0.80,parent relationships not resolved in v0; company_name missing; used ticker fallback; country unknown
ENT003923,TONX,TONX,TONX,,TRUE,Unknown,Unknown,GSE580_theta_data.csv,2026-05-08,0.80,parent relationships not resolved in v0; company_name missing; used ticker fallback; country unknown
ENT003924,TOST,TOST,TOST,,TRUE,Unknown,Unknown,GSE580_theta_data.csv,2026-05-08,0.80,parent relationships not resolved in v0; company_name missing; used ticker fallback; country unknown
ENT003925,TOYO,TOYO,TOYO,,TRUE,Unknown,Unknown,GSE580_theta_data.csv,2026-05-08,0.80,parent relationships not resolved in v0; company_name missing; used ticker fallback; country unknown
ENT003926,TPB,TPB,TPB,,TRUE,United States,North America,GSE580_theta_data.csv,2026-05-08,0.80,parent relationships not resolved in v0; company_name missing; used ticker fallback
ENT003927,TPC,TPC,TPC,,TRUE,Unknown,Unknown,GSE580_theta_data.csv,2026-05-08,0.80,parent relationships not resolved in v0; company_name missing; used ticker fallback; country unknown
ENT003928,TPEX:6488,TPEX:6488,TPEX:6488,,TRUE,Unknown,Unknown,GSE580_theta_data.csv,2026-05-08,0.80,parent relationships not resolved in v0; company_name missing; used ticker fallback; country unknown
ENT003929,TPEX:8069,TPEX:8069,TPEX:8069,,TRUE,Unknown,Unknown,GSE580_theta_data.csv,2026-05-08,0.80,parent relationships not resolved in v0; company_name missing; used ticker fallback; country unknown
ENT003930,TPG,TPG,TPG,,TRUE,Unknown,Unknown,GSE580_theta_data.csv,2026-05-08,0.80,parent relationships not resolved in v0; company_name missing; used ticker fallback; country unknown
ENT003931,TPH,TPH,TPH,,TRUE,Unknown,Unknown,GSE580_theta_data.csv,2026-05-08,0.80,parent relationships not resolved in v0; company_name missing; used ticker fallback; country unknown
ENT003932,TPR,TPR,TPR,,TRUE,Unknown,Unknown,GSE580_theta_data.csv,2026-05-08,0.80,parent relationships not resolved in v0; company_name missing; used ticker fallback; country unknown
ENT003933,TR,TR,TR,,TRUE,United States,North America,GSE580_theta_data.csv,2026-05-08,0.80,parent relationships not resolved in v0; company_name missing; used ticker fallback
ENT003934,TRAK,TRAK,TRAK,,TRUE,Unknown,Unknown,GSE580_theta_data.csv,2026-05-08,0.80,parent relationships not resolved in v0; company_name missing; used ticker fallback; country unknown
ENT003935,TRC,TRC,TRC,,TRUE,Unknown,Unknown,GSE580_theta_data.csv,2026-05-08,0.80,parent relationships not resolved in v0; company_name missing; used ticker fallback; country unknown
ENT003936,TREE,TREE,TREE,,TRUE,Unknown,Unknown,GSE580_theta_data.csv,2026-05-08,0.80,parent relationships not resolved in v0; company_name missing; used ticker fallback; country unknown
ENT003937,TREX,TREX,TREX,,TRUE,Unknown,Unknown,GSE580_theta_data.csv,2026-05-08,0.80,parent relationships not resolved in v0; company_name missing; used ticker fallback; country unknown
ENT003938,TRGP,TRGP,TRGP,,TRUE,United States,North America,GSE580_theta_data.csv,2026-05-08,0.80,parent relationships not resolved in v0; company_name missing; used ticker fallback
ENT003939,TRI,TRI,TRI,,TRUE,Unknown,Unknown,GSE580_theta_data.csv,2026-05-08,0.80,parent relationships not resolved in v0; company_name missing; used ticker fallback; country unknown
ENT003940,TRIP,TRIP,TRIP,,TRUE,Unknown,Unknown,GSE580_theta_data.csv,2026-05-08,0.80,parent relationships not resolved in v0; company_name missing; used ticker fallback; country unknown
ENT003941,TRMB,TRMB,TRMB,,TRUE,Unknown,Unknown,GSE580_theta_data.csv,2026-05-08,0.80,parent relationships not resolved in v0; company_name missing; used ticker fallback; country unknown
ENT003942,TRN,TRN,TRN,,TRUE,Unknown,Unknown,GSE580_theta_data.csv,2026-05-08,0.80,parent relationships not resolved in v0; company_name missing; used ticker fallback; country unknown
ENT003943,TRNO,TRNO,TRNO,,TRUE,Unknown,Unknown,GSE580_theta_data.csv,2026-05-08,0.80,parent relationships not resolved in v0; company_name missing; used ticker fallback; country unknown
ENT003944,TRNS,TRNS,TRNS,,TRUE,Unknown,Unknown,GSE580_theta_data.csv,2026-05-08,0.80,parent relationships not resolved in v0; company_name missing; used ticker fallback; country unknown
ENT003945,TRON,TRON,TRON,,TRUE,Unknown,Unknown,GSE580_theta_data.csv,2026-05-08,0.80,parent relationships not resolved in v0; company_name missing; used ticker fallback; country unknown
ENT003946,TROO,TROO,TROO,,TRUE,Unknown,Unknown,GSE580_theta_data.csv,2026-05-08,0.80,parent relationships not resolved in v0; company_name missing; used ticker fallback; country unknown
ENT003947,TROW,TROW,TROW,,TRUE,Unknown,Unknown,GSE580_theta_data.csv,2026-05-08,0.80,parent relationships not resolved in v0; company_name missing; used ticker fallback; country unknown
ENT003948,TROX,TROX,TROX,,TRUE,Unknown,Unknown,GSE580_theta_data.csv,2026-05-08,0.80,parent relationships not resolved in v0; company_name missing; used ticker fallback; country unknown
ENT003949,TRS,TRS,TRS,,TRUE,Unknown,Unknown,GSE580_theta_data.csv,2026-05-08,0.80,parent relationships not resolved in v0; company_name missing; used ticker fallback; country unknown
ENT003950,TRTX,TRTX,TRTX,,TRUE,Unknown,Unknown,GSE580_theta_data.csv,2026-05-08,0.80,parent relationships not resolved in v0; company_name missing; used ticker fallback; country unknown
ENT003951,TRU,TRU,TRU,,TRUE,Unknown,Unknown,GSE580_theta_data.csv,2026-05-08,0.80,parent relationships not resolved in v0; company_name missing; used ticker fallback; country unknown
ENT003952,TRUE,TRUE,TRUE,,TRUE,Unknown,Unknown,GSE580_theta_data.csv,2026-05-08,0.80,parent relationships not resolved in v0; company_name missing; used ticker fallback; country unknown
ENT003953,TRUP,TRUP,TRUP,,TRUE,Unknown,Unknown,GSE580_theta_data.csv,2026-05-08,0.80,parent relationships not resolved in v0; company_name missing; used ticker fallback; country unknown
ENT003954,TRUX,TRUX,TRUX,,TRUE,Unknown,Unknown,GSE580_theta_data.csv,2026-05-08,0.80,parent relationships not resolved in v0; company_name missing; used ticker fallback; country unknown
ENT003955,TRV,TRV,TRV,,TRUE,United States,North America,GSE580_theta_data.csv,2026-05-08,0.80,parent relationships not resolved in v0; company_name missing; used ticker fallback
ENT003956,TRVG,TRVG,TRVG,,TRUE,Unknown,Unknown,GSE580_theta_data.csv,2026-05-08,0.80,parent relationships not resolved in v0; company_name missing; used ticker fallback; country unknown
ENT003957,TRVI,TRVI,TRVI,,TRUE,Unknown,Unknown,GSE580_theta_data.csv,2026-05-08,0.80,parent relationships not resolved in v0; company_name missing; used ticker fallback; country unknown
ENT003958,TS,TS,TS,,TRUE,Unknown,Unknown,GSE580_theta_data.csv,2026-05-08,0.80,parent relationships not resolved in v0; company_name missing; used ticker fallback; country unknown
ENT003959,TSAT,TSAT,TSAT,,TRUE,Unknown,Unknown,GSE580_theta_data.csv,2026-05-08,0.80,parent relationships not resolved in v0; company_name missing; used ticker fallback; country unknown
ENT003960,TSCO,TSCO,TS,,TRUE,Unknown,Unknown,GSE580_theta_data.csv,2026-05-08,0.80,parent relationships not resolved in v0; company_name missing; used ticker fallback; country unknown
ENT003961,TSE:1332,TSE:1332,TSE:1332,,TRUE,Unknown,Unknown,GSE580_theta_data.csv,2026-05-08,0.80,parent relationships not resolved in v0; company_name missing; used ticker fallback; country unknown
ENT003962,TSE:1333,TSE:1333,TSE:1333,,TRUE,Unknown,Unknown,GSE580_theta_data.csv,2026-05-08,0.80,parent relationships not resolved in v0; company_name missing; used ticker fallback; country unknown
ENT003963,TSE:1605,TSE:1605,TSE:1605,,TRUE,Unknown,Unknown,GSE580_theta_data.csv,2026-05-08,0.80,parent relationships not resolved in v0; company_name missing; used ticker fallback; country unknown
ENT003964,TSE:1911,TSE:1911,TSE:1911,,TRUE,Unknown,Unknown,GSE580_theta_data.csv,2026-05-08,0.80,parent relationships not resolved in v0; company_name missing; used ticker fallback; country unknown
ENT003965,TSE:1925,TSE:1925,TSE:1925,,TRUE,Unknown,Unknown,GSE580_theta_data.csv,2026-05-08,0.80,parent relationships not resolved in v0; company_name missing; used ticker fallback; country unknown
ENT003966,TSE:1928,TSE:1928,TSE:1928,,TRUE,Unknown,Unknown,GSE580_theta_data.csv,2026-05-08,0.80,parent relationships not resolved in v0; company_name missing; used ticker fallback; country unknown
ENT003967,TSE:2267,TSE:2267,TSE:2267,,TRUE,Unknown,Unknown,GSE580_theta_data.csv,2026-05-08,0.80,parent relationships not resolved in v0; company_name missing; used ticker fallback; country unknown
ENT003968,TSE:2269,TSE:2269,TSE:2269,,TRUE,Unknown,Unknown,GSE580_theta_data.csv,2026-05-08,0.80,parent relationships not resolved in v0; company_name missing; used ticker fallback; country unknown
ENT003969,TSE:2282,TSE:2282,TSE:2282,,TRUE,Unknown,Unknown,GSE580_theta_data.csv,2026-05-08,0.80,parent relationships not resolved in v0; company_name missing; used ticker fallback; country unknown
ENT003970,TSE:2502,TSE:2502,TSE:2502,,TRUE,Unknown,Unknown,GSE580_theta_data.csv,2026-05-08,0.80,parent relationships not resolved in v0; company_name missing; used ticker fallback; country unknown
ENT003971,TSE:2503,TSE:2503,TSE:2503,,TRUE,Unknown,Unknown,GSE580_theta_data.csv,2026-05-08,0.80,parent relationships not resolved in v0; company_name missing; used ticker fallback; country unknown
ENT003972,TSE:2587,TSE:2587,TSE:2587,,TRUE,Unknown,Unknown,GSE580_theta_data.csv,2026-05-08,0.80,parent relationships not resolved in v0; company_name missing; used ticker fallback; country unknown
ENT003973,TSE:2670,TSE:2670,TSE:2670,,TRUE,Unknown,Unknown,GSE580_theta_data.csv,2026-05-08,0.80,parent relationships not resolved in v0; company_name missing; used ticker fallback; country unknown
ENT003974,TSE:2802,TSE:2802,TSE:2802,,TRUE,Unknown,Unknown,GSE580_theta_data.csv,2026-05-08,0.80,parent relationships not resolved in v0; company_name missing; used ticker fallback; country unknown
ENT003975,TSE:285A,TSE:285A,TSE:285A,,TRUE,Unknown,Unknown,GSE580_theta_data.csv,2026-05-08,0.80,parent relationships not resolved in v0; company_name missing; used ticker fallback; country unknown
ENT003976,TSE:2875,TSE:2875,TSE:2875,,TRUE,Unknown,Unknown,GSE580_theta_data.csv,2026-05-08,0.80,parent relationships not resolved in v0; company_name missing; used ticker fallback; country unknown
ENT003977,TSE:2897,TSE:2897,TSE:2897,,TRUE,Unknown,Unknown,GSE580_theta_data.csv,2026-05-08,0.80,parent relationships not resolved in v0; company_name missing; used ticker fallback; country unknown
ENT003978,TSE:2914,TSE:2914,TSE:2914,,TRUE,Unknown,Unknown,GSE580_theta_data.csv,2026-05-08,0.80,parent relationships not resolved in v0; company_name missing; used ticker fallback; country unknown
ENT003979,TSE:3088,TSE:3088,TSE:3088,,TRUE,Unknown,Unknown,GSE580_theta_data.csv,2026-05-08,0.80,parent relationships not resolved in v0; company_name missing; used ticker fallback; country unknown
ENT003980,TSE:3132,TSE:3132,TSE:3132,,TRUE,Unknown,Unknown,GSE580_theta_data.csv,2026-05-08,0.80,parent relationships not resolved in v0; company_name missing; used ticker fallback; country unknown
ENT003981,TSE:3350,TSE:3350,TSE:3350,,TRUE,Unknown,Unknown,GSE580_theta_data.csv,2026-05-08,0.80,parent relationships not resolved in v0; company_name missing; used ticker fallback; country unknown
ENT003982,TSE:3382,TSE:3382,TSE:3382,,TRUE,Unknown,Unknown,GSE580_theta_data.csv,2026-05-08,0.80,parent relationships not resolved in v0; company_name missing; used ticker fallback; country unknown
ENT003983,TSE:3401,TSE:3401,TSE:3401,,TRUE,Unknown,Unknown,GSE580_theta_data.csv,2026-05-08,0.80,parent relationships not resolved in v0; company_name missing; used ticker fallback; country unknown
ENT003984,TSE:3402,TSE:3402,TSE:3402,,TRUE,Unknown,Unknown,GSE580_theta_data.csv,2026-05-08,0.80,parent relationships not resolved in v0; company_name missing; used ticker fallback; country unknown
ENT003985,TSE:3405,TSE:3405,TSE:3405,,TRUE,Unknown,Unknown,GSE580_theta_data.csv,2026-05-08,0.80,parent relationships not resolved in v0; company_name missing; used ticker fallback; country unknown
ENT003986,TSE:3407,TSE:3407,TSE:3407,,TRUE,Unknown,Unknown,GSE580_theta_data.csv,2026-05-08,0.80,parent relationships not resolved in v0; company_name missing; used ticker fallback; country unknown
ENT003987,TSE:3563,TSE:3563,TSE:3563,,TRUE,Unknown,Unknown,GSE580_theta_data.csv,2026-05-08,0.80,parent relationships not resolved in v0; company_name missing; used ticker fallback; country unknown
ENT003988,TSE:3659,TSE:3659,TSE:3659,,TRUE,Unknown,Unknown,GSE580_theta_data.csv,2026-05-08,0.80,parent relationships not resolved in v0; company_name missing; used ticker fallback; country unknown
ENT003989,TSE:3861,TSE:3861,TSE:3861,,TRUE,Unknown,Unknown,GSE580_theta_data.csv,2026-05-08,0.80,parent relationships not resolved in v0; company_name missing; used ticker fallback; country unknown
ENT003990,TSE:4005,TSE:4005,TSE:4005,,TRUE,Unknown,Unknown,GSE580_theta_data.csv,2026-05-08,0.80,parent relationships not resolved in v0; company_name missing; used ticker fallback; country unknown
ENT003991,TSE:4028,TSE:4028,TSE:4028,,TRUE,Unknown,Unknown,GSE580_theta_data.csv,2026-05-08,0.80,parent relationships not resolved in v0; company_name missing; used ticker fallback; country unknown
ENT003992,TSE:4062,TSE:4062,TSE:4062,,TRUE,Unknown,Unknown,GSE580_theta_data.csv,2026-05-08,0.80,parent relationships not resolved in v0; company_name missing; used ticker fallback; country unknown
ENT003993,TSE:4063,TSE:4063,TSE:4063,,TRUE,Unknown,Unknown,GSE580_theta_data.csv,2026-05-08,0.80,parent relationships not resolved in v0; company_name missing; used ticker fallback; country unknown
ENT003994,TSE:4091,TSE:4091,TSE:4091,,TRUE,Unknown,Unknown,GSE580_theta_data.csv,2026-05-08,0.80,parent relationships not resolved in v0; company_name missing; used ticker fallback; country unknown
ENT003995,TSE:4183,TSE:4183,TSE:4183,,TRUE,Unknown,Unknown,GSE580_theta_data.csv,2026-05-08,0.80,parent relationships not resolved in v0; company_name missing; used ticker fallback; country unknown
ENT003996,TSE:4188,TSE:4188,TSE:4188,,TRUE,Unknown,Unknown,GSE580_theta_data.csv,2026-05-08,0.80,parent relationships not resolved in v0; company_name missing; used ticker fallback; country unknown
ENT003997,TSE:4202,TSE:4202,TSE:4202,,TRUE,Unknown,Unknown,GSE580_theta_data.csv,2026-05-08,0.80,parent relationships not resolved in v0; company_name missing; used ticker fallback; country unknown
ENT003998,TSE:4204,TSE:4204,TSE:4204,,TRUE,Unknown,Unknown,GSE580_theta_data.csv,2026-05-08,0.80,parent relationships not resolved in v0; company_name missing; used ticker fallback; country unknown
ENT003999,TSE:4208,TSE:4208,TSE:4208,,TRUE,Unknown,Unknown,GSE580_theta_data.csv,2026-05-08,0.80,parent relationships not resolved in v0; company_name missing; used ticker fallback; country unknown
ENT004000,TSE:4324,TSE:4324,TSE:4324,,TRUE,Unknown,Unknown,GSE580_theta_data.csv,2026-05-08,0.80,parent relationships not resolved in v0; company_name missing; used ticker fallback; country unknown
ENT004001,TSE:4326,TSE:4326,TSE:4326,,TRUE,Unknown,Unknown,GSE580_theta_data.csv,2026-05-08,0.80,parent relationships not resolved in v0; company_name missing; used ticker fallback; country unknown
ENT004002,TSE:4385,TSE:4385,TSE:4385,,TRUE,Unknown,Unknown,GSE580_theta_data.csv,2026-05-08,0.80,parent relationships not resolved in v0; company_name missing; used ticker fallback; country unknown
ENT004003,TSE:4452,TSE:4452,TSE:4452,,TRUE,Unknown,Unknown,GSE580_theta_data.csv,2026-05-08,0.80,parent relationships not resolved in v0; company_name missing; used ticker fallback; country unknown
ENT004004,TSE:4503,TSE:4503,TSE:4503,,TRUE,Unknown,Unknown,GSE580_theta_data.csv,2026-05-08,0.80,parent relationships not resolved in v0; company_name missing; used ticker fallback; country unknown
ENT004005,TSE:4507,TSE:4507,TSE:4507,,TRUE,Unknown,Unknown,GSE580_theta_data.csv,2026-05-08,0.80,parent relationships not resolved in v0; company_name missing; used ticker fallback; country unknown
ENT004006,TSE:4519,TSE:4519,TSE:4519,,TRUE,Unknown,Unknown,GSE580_theta_data.csv,2026-05-08,0.80,parent relationships not resolved in v0; company_name missing; used ticker fallback; country unknown
ENT004007,TSE:4523,TSE:4523,TSE:4523,,TRUE,Unknown,Unknown,GSE580_theta_data.csv,2026-05-08,0.80,parent relationships not resolved in v0; company_name missing; used ticker fallback; country unknown
ENT004008,TSE:4536,TSE:4536,TSE:4536,,TRUE,Unknown,Unknown,GSE580_theta_data.csv,2026-05-08,0.80,parent relationships not resolved in v0; company_name missing; used ticker fallback; country unknown
ENT004009,TSE:4543,TSE:4543,TSE:4543,,TRUE,Unknown,Unknown,GSE580_theta_data.csv,2026-05-08,0.80,parent relationships not resolved in v0; company_name missing; used ticker fallback; country unknown
ENT004010,TSE:4568,TSE:4568,TSE:4568,,TRUE,Unknown,Unknown,GSE580_theta_data.csv,2026-05-08,0.80,parent relationships not resolved in v0; company_name missing; used ticker fallback; country unknown
ENT004011,TSE:4578,TSE:4578,TSE:4578,,TRUE,Unknown,Unknown,GSE580_theta_data.csv,2026-05-08,0.80,parent relationships not resolved in v0; company_name missing; used ticker fallback; country unknown
ENT004012,TSE:4612,TSE:4612,TSE:4612,,TRUE,Unknown,Unknown,GSE580_theta_data.csv,2026-05-08,0.80,parent relationships not resolved in v0; company_name missing; used ticker fallback; country unknown
ENT004013,TSE:4613,TSE:4613,TSE:4613,,TRUE,Unknown,Unknown,GSE580_theta_data.csv,2026-05-08,0.80,parent relationships not resolved in v0; company_name missing; used ticker fallback; country unknown
ENT004014,TSE:4661,TSE:4661,TSE:4661,,TRUE,Unknown,Unknown,GSE580_theta_data.csv,2026-05-08,0.80,parent relationships not resolved in v0; company_name missing; used ticker fallback; country unknown
ENT004015,TSE:4680,TSE:4680,TSE:4680,,TRUE,Unknown,Unknown,GSE580_theta_data.csv,2026-05-08,0.80,parent relationships not resolved in v0; company_name missing; used ticker fallback; country unknown
ENT004016,TSE:4704,TSE:4704,TSE:4704,,TRUE,Unknown,Unknown,GSE580_theta_data.csv,2026-05-08,0.80,parent relationships not resolved in v0; company_name missing; used ticker fallback; country unknown
ENT004017,TSE:4755,TSE:4755,TSE:4755,,TRUE,Unknown,Unknown,GSE580_theta_data.csv,2026-05-08,0.80,parent relationships not resolved in v0; company_name missing; used ticker fallback; country unknown
ENT004018,TSE:4901,TSE:4901,TSE:4901,,TRUE,Unknown,Unknown,GSE580_theta_data.csv,2026-05-08,0.80,parent relationships not resolved in v0; company_name missing; used ticker fallback; country unknown
ENT004019,TSE:4902,TSE:4902,TSE:4902,,TRUE,Unknown,Unknown,GSE580_theta_data.csv,2026-05-08,0.80,parent relationships not resolved in v0; company_name missing; used ticker fallback; country unknown
ENT004020,TSE:4911,TSE:4911,TSE:4911,,TRUE,Unknown,Unknown,GSE580_theta_data.csv,2026-05-08,0.80,parent relationships not resolved in v0; company_name missing; used ticker fallback; country unknown
ENT004021,TSE:4912,TSE:4912,TSE:4912,,TRUE,Unknown,Unknown,GSE580_theta_data.csv,2026-05-08,0.80,parent relationships not resolved in v0; company_name missing; used ticker fallback; country unknown
ENT004022,TSE:4966,TSE:4966,TSE:4966,,TRUE,Unknown,Unknown,GSE580_theta_data.csv,2026-05-08,0.80,parent relationships not resolved in v0; company_name missing; used ticker fallback; country unknown
ENT004023,TSE:4975,TSE:4975,TSE:4975,,TRUE,Unknown,Unknown,GSE580_theta_data.csv,2026-05-08,0.80,parent relationships not resolved in v0; company_name missing; used ticker fallback; country unknown
ENT004024,TSE:5013,TSE:5013,TSE:5013,,TRUE,Unknown,Unknown,GSE580_theta_data.csv,2026-05-08,0.80,parent relationships not resolved in v0; company_name missing; used ticker fallback; country unknown
ENT004025,TSE:5016,TSE:5016,TSE:5016,,TRUE,Unknown,Unknown,GSE580_theta_data.csv,2026-05-08,0.80,parent relationships not resolved in v0; company_name missing; used ticker fallback; country unknown
ENT004026,TSE:5019,TSE:5019,TSE:5019,,TRUE,Unknown,Unknown,GSE580_theta_data.csv,2026-05-08,0.80,parent relationships not resolved in v0; company_name missing; used ticker fallback; country unknown
ENT004027,TSE:5020,TSE:5020,TSE:5020,,TRUE,Unknown,Unknown,GSE580_theta_data.csv,2026-05-08,0.80,parent relationships not resolved in v0; company_name missing; used ticker fallback; country unknown
ENT004028,TSE:5101,TSE:5101,TSE:5101,,TRUE,Unknown,Unknown,GSE580_theta_data.csv,2026-05-08,0.80,parent relationships not resolved in v0; company_name missing; used ticker fallback; country unknown
ENT004029,TSE:5105,TSE:5105,TSE:5105,,TRUE,Unknown,Unknown,GSE580_theta_data.csv,2026-05-08,0.80,parent relationships not resolved in v0; company_name missing; used ticker fallback; country unknown
ENT004030,TSE:5108,TSE:5108,TSE:5108,,TRUE,Unknown,Unknown,GSE580_theta_data.csv,2026-05-08,0.80,parent relationships not resolved in v0; company_name missing; used ticker fallback; country unknown
ENT004031,TSE:5110,TSE:5110,TSE:5110,,TRUE,Unknown,Unknown,GSE580_theta_data.csv,2026-05-08,0.80,parent relationships not resolved in v0; company_name missing; used ticker fallback; country unknown
ENT004032,TSE:5161,TSE:5161,TSE:5161,,TRUE,Unknown,Unknown,GSE580_theta_data.csv,2026-05-08,0.80,parent relationships not resolved in v0; company_name missing; used ticker fallback; country unknown
ENT004033,TSE:5195,TSE:5195,TSE:5195,,TRUE,Unknown,Unknown,GSE580_theta_data.csv,2026-05-08,0.80,parent relationships not resolved in v0; company_name missing; used ticker fallback; country unknown
ENT004034,TSE:5201,TSE:5201,TSE:5201,,TRUE,Unknown,Unknown,GSE580_theta_data.csv,2026-05-08,0.80,parent relationships not resolved in v0; company_name missing; used ticker fallback; country unknown
ENT004035,TSE:5210,TSE:5210,TSE:5210,,TRUE,Unknown,Unknown,GSE580_theta_data.csv,2026-05-08,0.80,parent relationships not resolved in v0; company_name missing; used ticker fallback; country unknown
ENT004036,TSE:5214,TSE:5214,TSE:5214,,TRUE,Unknown,Unknown,GSE580_theta_data.csv,2026-05-08,0.80,parent relationships not resolved in v0; company_name missing; used ticker fallback; country unknown
ENT004037,TSE:5301,TSE:5301,TSE:5301,,TRUE,Unknown,Unknown,GSE580_theta_data.csv,2026-05-08,0.80,parent relationships not resolved in v0; company_name missing; used ticker fallback; country unknown
ENT004038,TSE:5332,TSE:5332,TSE:5332,,TRUE,Unknown,Unknown,GSE580_theta_data.csv,2026-05-08,0.80,parent relationships not resolved in v0; company_name missing; used ticker fallback; country unknown
ENT004039,TSE:5333,TSE:5333,TSE:5333,,TRUE,Unknown,Unknown,GSE580_theta_data.csv,2026-05-08,0.80,parent relationships not resolved in v0; company_name missing; used ticker fallback; country unknown
ENT004040,TSE:5334,TSE:5334,TSE:5334,,TRUE,Unknown,Unknown,GSE580_theta_data.csv,2026-05-08,0.80,parent relationships not resolved in v0; company_name missing; used ticker fallback; country unknown
ENT004041,TSE:5401,TSE:5401,TSE:5401,,TRUE,Unknown,Unknown,GSE580_theta_data.csv,2026-05-08,0.80,parent relationships not resolved in v0; company_name missing; used ticker fallback; country unknown
ENT004042,TSE:5631,TSE:5631,TSE:5631,,TRUE,Unknown,Unknown,GSE580_theta_data.csv,2026-05-08,0.80,parent relationships not resolved in v0; company_name missing; used ticker fallback; country unknown
ENT004043,TSE:5711,TSE:5711,TSE:5711,,TRUE,Unknown,Unknown,GSE580_theta_data.csv,2026-05-08,0.80,parent relationships not resolved in v0; company_name missing; used ticker fallback; country unknown
ENT004044,TSE:5713,TSE:5713,TSE:5713,,TRUE,Unknown,Unknown,GSE580_theta_data.csv,2026-05-08,0.80,parent relationships not resolved in v0; company_name missing; used ticker fallback; country unknown
ENT004045,TSE:5741,TSE:5741,TSE:5741,,TRUE,Unknown,Unknown,GSE580_theta_data.csv,2026-05-08,0.80,parent relationships not resolved in v0; company_name missing; used ticker fallback; country unknown
ENT004046,TSE:5801,TSE:5801,TSE:5801,,TRUE,Unknown,Unknown,GSE580_theta_data.csv,2026-05-08,0.80,parent relationships not resolved in v0; company_name missing; used ticker fallback; country unknown
ENT004047,TSE:5802,TSE:5802,TSE:5802,,TRUE,Unknown,Unknown,GSE580_theta_data.csv,2026-05-08,0.80,parent relationships not resolved in v0; company_name missing; used ticker fallback; country unknown
ENT004048,TSE:5901,TSE:5901,TSE:5901,,TRUE,Unknown,Unknown,GSE580_theta_data.csv,2026-05-08,0.80,parent relationships not resolved in v0; company_name missing; used ticker fallback; country unknown
ENT004049,TSE:5929,TSE:5929,TSE:5929,,TRUE,Unknown,Unknown,GSE580_theta_data.csv,2026-05-08,0.80,parent relationships not resolved in v0; company_name missing; used ticker fallback; country unknown
ENT004050,TSE:5938,TSE:5938,TSE:5938,,TRUE,Unknown,Unknown,GSE580_theta_data.csv,2026-05-08,0.80,parent relationships not resolved in v0; company_name missing; used ticker fallback; country unknown
ENT004051,TSE:5947,TSE:5947,TSE:5947,,TRUE,Unknown,Unknown,GSE580_theta_data.csv,2026-05-08,0.80,parent relationships not resolved in v0; company_name missing; used ticker fallback; country unknown
ENT004052,TSE:6098,TSE:6098,TSE:6098,,TRUE,Unknown,Unknown,GSE580_theta_data.csv,2026-05-08,0.80,parent relationships not resolved in v0; company_name missing; used ticker fallback; country unknown
ENT004053,TSE:6146,TSE:6146,TSE:6146,,TRUE,Unknown,Unknown,GSE580_theta_data.csv,2026-05-08,0.80,parent relationships not resolved in v0; company_name missing; used ticker fallback; country unknown
ENT004054,TSE:6178,TSE:6178,TSE:6178,,TRUE,Unknown,Unknown,GSE580_theta_data.csv,2026-05-08,0.80,parent relationships not resolved in v0; company_name missing; used ticker fallback; country unknown
ENT004055,TSE:6201,TSE:6201,TSE:6201,,TRUE,Unknown,Unknown,GSE580_theta_data.csv,2026-05-08,0.80,parent relationships not resolved in v0; company_name missing; used ticker fallback; country unknown
ENT004056,TSE:6247,TSE:6247,TSE:6247,,TRUE,Unknown,Unknown,GSE580_theta_data.csv,2026-05-08,0.80,parent relationships not resolved in v0; company_name missing; used ticker fallback; country unknown
ENT004057,TSE:6273,TSE:6273,TSE:6273,,TRUE,Unknown,Unknown,GSE580_theta_data.csv,2026-05-08,0.80,parent relationships not resolved in v0; company_name missing; used ticker fallback; country unknown
ENT004058,TSE:6284,TSE:6284,TSE:6284,,TRUE,Unknown,Unknown,GSE580_theta_data.csv,2026-05-08,0.80,parent relationships not resolved in v0; company_name missing; used ticker fallback; country unknown
ENT004059,TSE:6287,TSE:6287,TSE:6287,,TRUE,Unknown,Unknown,GSE580_theta_data.csv,2026-05-08,0.80,parent relationships not resolved in v0; company_name missing; used ticker fallback; country unknown
ENT004060,TSE:6301,TSE:6301,TSE:6301,,TRUE,Unknown,Unknown,GSE580_theta_data.csv,2026-05-08,0.80,parent relationships not resolved in v0; company_name missing; used ticker fallback; country unknown
ENT004061,TSE:6305,TSE:6305,TSE:6305,,TRUE,Unknown,Unknown,GSE580_theta_data.csv,2026-05-08,0.80,parent relationships not resolved in v0; company_name missing; used ticker fallback; country unknown
ENT004062,TSE:6326,TSE:6326,TSE:6326,,TRUE,Unknown,Unknown,GSE580_theta_data.csv,2026-05-08,0.80,parent relationships not resolved in v0; company_name missing; used ticker fallback; country unknown
ENT004063,TSE:6361,TSE:6361,TSE:6361,,TRUE,Unknown,Unknown,GSE580_theta_data.csv,2026-05-08,0.80,parent relationships not resolved in v0; company_name missing; used ticker fallback; country unknown
ENT004064,TSE:6367,TSE:6367,TSE:6367,,TRUE,Unknown,Unknown,GSE580_theta_data.csv,2026-05-08,0.80,parent relationships not resolved in v0; company_name missing; used ticker fallback; country unknown
ENT004065,TSE:6370,TSE:6370,TSE:6370,,TRUE,Unknown,Unknown,GSE580_theta_data.csv,2026-05-08,0.80,parent relationships not resolved in v0; company_name missing; used ticker fallback; country unknown
ENT004066,TSE:6376,TSE:6376,TSE:6376,,TRUE,Unknown,Unknown,GSE580_theta_data.csv,2026-05-08,0.80,parent relationships not resolved in v0; company_name missing; used ticker fallback; country unknown
ENT004067,TSE:6383,TSE:6383,TSE:6383,,TRUE,Unknown,Unknown,GSE580_theta_data.csv,2026-05-08,0.80,parent relationships not resolved in v0; company_name missing; used ticker fallback; country unknown
ENT004068,TSE:6395,TSE:6395,TSE:6395,,TRUE,Unknown,Unknown,GSE580_theta_data.csv,2026-05-08,0.80,parent relationships not resolved in v0; company_name missing; used ticker fallback; country unknown
ENT004069,TSE:6407,TSE:6407,TSE:6407,,TRUE,Unknown,Unknown,GSE580_theta_data.csv,2026-05-08,0.80,parent relationships not resolved in v0; company_name missing; used ticker fallback; country unknown
ENT004070,TSE:6425,TSE:6425,TSE:6425,,TRUE,Unknown,Unknown,GSE580_theta_data.csv,2026-05-08,0.80,parent relationships not resolved in v0; company_name missing; used ticker fallback; country unknown
ENT004071,TSE:6448,TSE:6448,TSE:6448,,TRUE,Unknown,Unknown,GSE580_theta_data.csv,2026-05-08,0.80,parent relationships not resolved in v0; company_name missing; used ticker fallback; country unknown
ENT004072,TSE:6457,TSE:6457,TSE:6457,,TRUE,Unknown,Unknown,GSE580_theta_data.csv,2026-05-08,0.80,parent relationships not resolved in v0; company_name missing; used ticker fallback; country unknown
ENT004073,TSE:6465,TSE:6465,TSE:6465,,TRUE,Unknown,Unknown,GSE580_theta_data.csv,2026-05-08,0.80,parent relationships not resolved in v0; company_name missing; used ticker fallback; country unknown
ENT004074,TSE:6471,TSE:6471,TSE:6471,,TRUE,Unknown,Unknown,GSE580_theta_data.csv,2026-05-08,0.80,parent relationships not resolved in v0; company_name missing; used ticker fallback; country unknown
ENT004075,TSE:6472,TSE:6472,TSE:6472,,TRUE,Unknown,Unknown,GSE580_theta_data.csv,2026-05-08,0.80,parent relationships not resolved in v0; company_name missing; used ticker fallback; country unknown
ENT004076,TSE:6473,TSE:6473,TSE:6473,,TRUE,Unknown,Unknown,GSE580_theta_data.csv,2026-05-08,0.80,parent relationships not resolved in v0; company_name missing; used ticker fallback; country unknown
ENT004077,TSE:6479,TSE:6479,TSE:6479,,TRUE,Unknown,Unknown,GSE580_theta_data.csv,2026-05-08,0.80,parent relationships not resolved in v0; company_name missing; used ticker fallback; country unknown
ENT004078,TSE:6503,TSE:6503,TSE:6503,,TRUE,Unknown,Unknown,GSE580_theta_data.csv,2026-05-08,0.80,parent relationships not resolved in v0; company_name missing; used ticker fallback; country unknown
ENT004079,TSE:6523,TSE:6523,TSE:6523,,TRUE,Unknown,Unknown,GSE580_theta_data.csv,2026-05-08,0.80,parent relationships not resolved in v0; company_name missing; used ticker fallback; country unknown
ENT004080,TSE:6586,TSE:6586,TSE:6586,,TRUE,Unknown,Unknown,GSE580_theta_data.csv,2026-05-08,0.80,parent relationships not resolved in v0; company_name missing; used ticker fallback; country unknown
ENT004081,TSE:6594,TSE:6594,TSE:6594,,TRUE,Unknown,Unknown,GSE580_theta_data.csv,2026-05-08,0.80,parent relationships not resolved in v0; company_name missing; used ticker fallback; country unknown
ENT004082,TSE:6622,TSE:6622,TSE:6622,,TRUE,Unknown,Unknown,GSE580_theta_data.csv,2026-05-08,0.80,parent relationships not resolved in v0; company_name missing; used ticker fallback; country unknown
ENT004083,TSE:6645,TSE:6645,TSE:6645,,TRUE,Unknown,Unknown,GSE580_theta_data.csv,2026-05-08,0.80,parent relationships not resolved in v0; company_name missing; used ticker fallback; country unknown
ENT004084,TSE:6701,TSE:6701,TSE:6701,,TRUE,Unknown,Unknown,GSE580_theta_data.csv,2026-05-08,0.80,parent relationships not resolved in v0; company_name missing; used ticker fallback; country unknown
ENT004085,TSE:6702,TSE:6702,TSE:6702,,TRUE,Unknown,Unknown,GSE580_theta_data.csv,2026-05-08,0.80,parent relationships not resolved in v0; company_name missing; used ticker fallback; country unknown
ENT004086,TSE:6723,TSE:6723,TSE:6723,,TRUE,Unknown,Unknown,GSE580_theta_data.csv,2026-05-08,0.80,parent relationships not resolved in v0; company_name missing; used ticker fallback; country unknown
ENT004087,TSE:6724,TSE:6724,TSE:6724,,TRUE,Unknown,Unknown,GSE580_theta_data.csv,2026-05-08,0.80,parent relationships not resolved in v0; company_name missing; used ticker fallback; country unknown
ENT004088,TSE:6752,TSE:6752,TSE:6752,,TRUE,Unknown,Unknown,GSE580_theta_data.csv,2026-05-08,0.80,parent relationships not resolved in v0; company_name missing; used ticker fallback; country unknown
ENT004089,TSE:6754,TSE:6754,TSE:6754,,TRUE,Unknown,Unknown,GSE580_theta_data.csv,2026-05-08,0.80,parent relationships not resolved in v0; company_name missing; used ticker fallback; country unknown
ENT004090,TSE:6762,TSE:6762,TSE:6762,,TRUE,Unknown,Unknown,GSE580_theta_data.csv,2026-05-08,0.80,parent relationships not resolved in v0; company_name missing; used ticker fallback; country unknown
ENT004091,TSE:6770,TSE:6770,TSE:6770,,TRUE,Unknown,Unknown,GSE580_theta_data.csv,2026-05-08,0.80,parent relationships not resolved in v0; company_name missing; used ticker fallback; country unknown
ENT004092,TSE:6779,TSE:6779,TSE:6779,,TRUE,Unknown,Unknown,GSE580_theta_data.csv,2026-05-08,0.80,parent relationships not resolved in v0; company_name missing; used ticker fallback; country unknown
ENT004093,TSE:6806,TSE:6806,TSE:6806,,TRUE,Unknown,Unknown,GSE580_theta_data.csv,2026-05-08,0.80,parent relationships not resolved in v0; company_name missing; used ticker fallback; country unknown
ENT004094,TSE:6807,TSE:6807,TSE:6807,,TRUE,Unknown,Unknown,GSE580_theta_data.csv,2026-05-08,0.80,parent relationships not resolved in v0; company_name missing; used ticker fallback; country unknown
ENT004095,TSE:6841,TSE:6841,TSE:6841,,TRUE,Unknown,Unknown,GSE580_theta_data.csv,2026-05-08,0.80,parent relationships not resolved in v0; company_name missing; used ticker fallback; country unknown
ENT004096,TSE:6849,TSE:6849,TSE:6849,,TRUE,Unknown,Unknown,GSE580_theta_data.csv,2026-05-08,0.80,parent relationships not resolved in v0; company_name missing; used ticker fallback; country unknown
ENT004097,TSE:6855,TSE:6855,TSE:6855,,TRUE,Unknown,Unknown,GSE580_theta_data.csv,2026-05-08,0.80,parent relationships not resolved in v0; company_name missing; used ticker fallback; country unknown
ENT004098,TSE:6857,TSE:6857,TSE:6857,,TRUE,Unknown,Unknown,GSE580_theta_data.csv,2026-05-08,0.80,parent relationships not resolved in v0; company_name missing; used ticker fallback; country unknown
ENT004099,TSE:6861,TSE:6861,TSE:6861,,TRUE,Unknown,Unknown,GSE580_theta_data.csv,2026-05-08,0.80,parent relationships not resolved in v0; company_name missing; used ticker fallback; country unknown
ENT004100,TSE:6869,TSE:6869,TSE:6869,,TRUE,Unknown,Unknown,GSE580_theta_data.csv,2026-05-08,0.80,parent relationships not resolved in v0; company_name missing; used ticker fallback; country unknown
ENT004101,TSE:6871,TSE:6871,TSE:6871,,TRUE,Unknown,Unknown,GSE580_theta_data.csv,2026-05-08,0.80,parent relationships not resolved in v0; company_name missing; used ticker fallback; country unknown
ENT004102,TSE:6902,TSE:6902,TSE:6902,,TRUE,Unknown,Unknown,GSE580_theta_data.csv,2026-05-08,0.80,parent relationships not resolved in v0; company_name missing; used ticker fallback; country unknown
ENT004103,TSE:6920,TSE:6920,TSE:6920,,TRUE,Unknown,Unknown,GSE580_theta_data.csv,2026-05-08,0.80,parent relationships not resolved in v0; company_name missing; used ticker fallback; country unknown
ENT004104,TSE:6923,TSE:6923,TSE:6923,,TRUE,Unknown,Unknown,GSE580_theta_data.csv,2026-05-08,0.80,parent relationships not resolved in v0; company_name missing; used ticker fallback; country unknown
ENT004105,TSE:6951,TSE:6951,TSE:6951,,TRUE,Unknown,Unknown,GSE580_theta_data.csv,2026-05-08,0.80,parent relationships not resolved in v0; company_name missing; used ticker fallback; country unknown
ENT004106,TSE:6952,TSE:6952,TSE:6952,,TRUE,Unknown,Unknown,GSE580_theta_data.csv,2026-05-08,0.80,parent relationships not resolved in v0; company_name missing; used ticker fallback; country unknown
ENT004107,TSE:6954,TSE:6954,TSE:6954,,TRUE,Unknown,Unknown,GSE580_theta_data.csv,2026-05-08,0.80,parent relationships not resolved in v0; company_name missing; used ticker fallback; country unknown
ENT004108,TSE:6963,TSE:6963,TSE:6963,,TRUE,Unknown,Unknown,GSE580_theta_data.csv,2026-05-08,0.80,parent relationships not resolved in v0; company_name missing; used ticker fallback; country unknown
ENT004109,TSE:6965,TSE:6965,TSE:6965,,TRUE,Unknown,Unknown,GSE580_theta_data.csv,2026-05-08,0.80,parent relationships not resolved in v0; company_name missing; used ticker fallback; country unknown
ENT004110,TSE:6971,TSE:6971,TSE:6971,,TRUE,Unknown,Unknown,GSE580_theta_data.csv,2026-05-08,0.80,parent relationships not resolved in v0; company_name missing; used ticker fallback; country unknown
ENT004111,TSE:6981,TSE:6981,TSE:6981,,TRUE,Unknown,Unknown,GSE580_theta_data.csv,2026-05-08,0.80,parent relationships not resolved in v0; company_name missing; used ticker fallback; country unknown
ENT004112,TSE:6988,TSE:6988,TSE:6988,,TRUE,Unknown,Unknown,GSE580_theta_data.csv,2026-05-08,0.80,parent relationships not resolved in v0; company_name missing; used ticker fallback; country unknown
ENT004113,TSE:7011,TSE:7011,TSE:7011,,TRUE,Unknown,Unknown,GSE580_theta_data.csv,2026-05-08,0.80,parent relationships not resolved in v0; company_name missing; used ticker fallback; country unknown
ENT004114,TSE:7012,TSE:7012,TSE:7012,,TRUE,Unknown,Unknown,GSE580_theta_data.csv,2026-05-08,0.80,parent relationships not resolved in v0; company_name missing; used ticker fallback; country unknown
ENT004115,TSE:7013,TSE:7013,TSE:7013,,TRUE,Unknown,Unknown,GSE580_theta_data.csv,2026-05-08,0.80,parent relationships not resolved in v0; company_name missing; used ticker fallback; country unknown
ENT004116,TSE:7105,TSE:7105,TSE:7105,,TRUE,Unknown,Unknown,GSE580_theta_data.csv,2026-05-08,0.80,parent relationships not resolved in v0; company_name missing; used ticker fallback; country unknown
ENT004117,TSE:7181,TSE:7181,TSE:7181,,TRUE,Unknown,Unknown,GSE580_theta_data.csv,2026-05-08,0.80,parent relationships not resolved in v0; company_name missing; used ticker fallback; country unknown
ENT004118,TSE:7186,TSE:7186,TSE:7186,,TRUE,Unknown,Unknown,GSE580_theta_data.csv,2026-05-08,0.80,parent relationships not resolved in v0; company_name missing; used ticker fallback; country unknown
ENT004119,TSE:7201,TSE:7201,TSE:7201,,TRUE,Unknown,Unknown,GSE580_theta_data.csv,2026-05-08,0.80,parent relationships not resolved in v0; company_name missing; used ticker fallback; country unknown
ENT004120,TSE:7202,TSE:7202,TSE:7202,,TRUE,Unknown,Unknown,GSE580_theta_data.csv,2026-05-08,0.80,parent relationships not resolved in v0; company_name missing; used ticker fallback; country unknown
ENT004121,TSE:7240,TSE:7240,TSE:7240,,TRUE,Unknown,Unknown,GSE580_theta_data.csv,2026-05-08,0.80,parent relationships not resolved in v0; company_name missing; used ticker fallback; country unknown
ENT004122,TSE:7242,TSE:7242,TSE:7242,,TRUE,Unknown,Unknown,GSE580_theta_data.csv,2026-05-08,0.80,parent relationships not resolved in v0; company_name missing; used ticker fallback; country unknown
ENT004123,TSE:7259,TSE:7259,TSE:7259,,TRUE,Unknown,Unknown,GSE580_theta_data.csv,2026-05-08,0.80,parent relationships not resolved in v0; company_name missing; used ticker fallback; country unknown
ENT004124,TSE:7261,TSE:7261,TSE:7261,,TRUE,Unknown,Unknown,GSE580_theta_data.csv,2026-05-08,0.80,parent relationships not resolved in v0; company_name missing; used ticker fallback; country unknown
ENT004125,TSE:7269,TSE:7269,TSE:7269,,TRUE,Unknown,Unknown,GSE580_theta_data.csv,2026-05-08,0.80,parent relationships not resolved in v0; company_name missing; used ticker fallback; country unknown
ENT004126,TSE:7270,TSE:7270,TSE:7270,,TRUE,Unknown,Unknown,GSE580_theta_data.csv,2026-05-08,0.80,parent relationships not resolved in v0; company_name missing; used ticker fallback; country unknown
ENT004127,TSE:7272,TSE:7272,TSE:7272,,TRUE,Unknown,Unknown,GSE580_theta_data.csv,2026-05-08,0.80,parent relationships not resolved in v0; company_name missing; used ticker fallback; country unknown
ENT004128,TSE:7276,TSE:7276,TSE:7276,,TRUE,Unknown,Unknown,GSE580_theta_data.csv,2026-05-08,0.80,parent relationships not resolved in v0; company_name missing; used ticker fallback; country unknown
ENT004129,TSE:7282,TSE:7282,TSE:7282,,TRUE,Unknown,Unknown,GSE580_theta_data.csv,2026-05-08,0.80,parent relationships not resolved in v0; company_name missing; used ticker fallback; country unknown
ENT004130,TSE:7292,TSE:7292,TSE:7292,,TRUE,Unknown,Unknown,GSE580_theta_data.csv,2026-05-08,0.80,parent relationships not resolved in v0; company_name missing; used ticker fallback; country unknown
ENT004131,TSE:7421,TSE:7421,TSE:7421,,TRUE,Unknown,Unknown,GSE580_theta_data.csv,2026-05-08,0.80,parent relationships not resolved in v0; company_name missing; used ticker fallback; country unknown
ENT004132,TSE:7453,TSE:7453,TSE:7453,,TRUE,Unknown,Unknown,GSE580_theta_data.csv,2026-05-08,0.80,parent relationships not resolved in v0; company_name missing; used ticker fallback; country unknown
ENT004133,TSE:7532,TSE:7532,TSE:7532,,TRUE,Unknown,Unknown,GSE580_theta_data.csv,2026-05-08,0.80,parent relationships not resolved in v0; company_name missing; used ticker fallback; country unknown
ENT004134,TSE:7599,TSE:7599,TSE:7599,,TRUE,Unknown,Unknown,GSE580_theta_data.csv,2026-05-08,0.80,parent relationships not resolved in v0; company_name missing; used ticker fallback; country unknown
ENT004135,TSE:7701,TSE:7701,TSE:7701,,TRUE,Unknown,Unknown,GSE580_theta_data.csv,2026-05-08,0.80,parent relationships not resolved in v0; company_name missing; used ticker fallback; country unknown
ENT004136,TSE:7731,TSE:7731,TSE:7731,,TRUE,Unknown,Unknown,GSE580_theta_data.csv,2026-05-08,0.80,parent relationships not resolved in v0; company_name missing; used ticker fallback; country unknown
ENT004137,TSE:7733,TSE:7733,TSE:7733,,TRUE,Unknown,Unknown,GSE580_theta_data.csv,2026-05-08,0.80,parent relationships not resolved in v0; company_name missing; used ticker fallback; country unknown
ENT004138,TSE:7735,TSE:7735,TSE:7735,,TRUE,Unknown,Unknown,GSE580_theta_data.csv,2026-05-08,0.80,parent relationships not resolved in v0; company_name missing; used ticker fallback; country unknown
ENT004139,TSE:7741,TSE:7741,TSE:7741,,TRUE,Unknown,Unknown,GSE580_theta_data.csv,2026-05-08,0.80,parent relationships not resolved in v0; company_name missing; used ticker fallback; country unknown
ENT004140,TSE:7743,TSE:7743,TSE:7743,,TRUE,Unknown,Unknown,GSE580_theta_data.csv,2026-05-08,0.80,parent relationships not resolved in v0; company_name missing; used ticker fallback; country unknown
ENT004141,TSE:7745,TSE:7745,TSE:7745,,TRUE,Unknown,Unknown,GSE580_theta_data.csv,2026-05-08,0.80,parent relationships not resolved in v0; company_name missing; used ticker fallback; country unknown
ENT004142,TSE:7747,TSE:7747,TSE:7747,,TRUE,Unknown,Unknown,GSE580_theta_data.csv,2026-05-08,0.80,parent relationships not resolved in v0; company_name missing; used ticker fallback; country unknown
ENT004143,TSE:7751,TSE:7751,TSE:7751,,TRUE,Unknown,Unknown,GSE580_theta_data.csv,2026-05-08,0.80,parent relationships not resolved in v0; company_name missing; used ticker fallback; country unknown
ENT004144,TSE:7752,TSE:7752,TSE:7752,,TRUE,Unknown,Unknown,GSE580_theta_data.csv,2026-05-08,0.80,parent relationships not resolved in v0; company_name missing; used ticker fallback; country unknown
ENT004145,TSE:7762,TSE:7762,TSE:7762,,TRUE,Unknown,Unknown,GSE580_theta_data.csv,2026-05-08,0.80,parent relationships not resolved in v0; company_name missing; used ticker fallback; country unknown
ENT004146,TSE:7780,TSE:7780,TSE:7780,,TRUE,Unknown,Unknown,GSE580_theta_data.csv,2026-05-08,0.80,parent relationships not resolved in v0; company_name missing; used ticker fallback; country unknown
ENT004147,TSE:7832,TSE:7832,TSE:7832,,TRUE,Unknown,Unknown,GSE580_theta_data.csv,2026-05-08,0.80,parent relationships not resolved in v0; company_name missing; used ticker fallback; country unknown
ENT004148,TSE:7846,TSE:7846,TSE:7846,,TRUE,Unknown,Unknown,GSE580_theta_data.csv,2026-05-08,0.80,parent relationships not resolved in v0; company_name missing; used ticker fallback; country unknown
ENT004149,TSE:7911,TSE:7911,TSE:7911,,TRUE,Unknown,Unknown,GSE580_theta_data.csv,2026-05-08,0.80,parent relationships not resolved in v0; company_name missing; used ticker fallback; country unknown
ENT004150,TSE:7912,TSE:7912,TSE:7912,,TRUE,Unknown,Unknown,GSE580_theta_data.csv,2026-05-08,0.80,parent relationships not resolved in v0; company_name missing; used ticker fallback; country unknown
ENT004151,TSE:7936,TSE:7936,TSE:7936,,TRUE,Unknown,Unknown,GSE580_theta_data.csv,2026-05-08,0.80,parent relationships not resolved in v0; company_name missing; used ticker fallback; country unknown
ENT004152,TSE:7943,TSE:7943,TSE:7943,,TRUE,Unknown,Unknown,GSE580_theta_data.csv,2026-05-08,0.80,parent relationships not resolved in v0; company_name missing; used ticker fallback; country unknown
ENT004153,TSE:7956,TSE:7956,TSE:7956,,TRUE,Unknown,Unknown,GSE580_theta_data.csv,2026-05-08,0.80,parent relationships not resolved in v0; company_name missing; used ticker fallback; country unknown
ENT004154,TSE:7966,TSE:7966,TSE:7966,,TRUE,Unknown,Unknown,GSE580_theta_data.csv,2026-05-08,0.80,parent relationships not resolved in v0; company_name missing; used ticker fallback; country unknown
ENT004155,TSE:7974,TSE:7974,TSE:7974,,TRUE,Unknown,Unknown,GSE580_theta_data.csv,2026-05-08,0.80,parent relationships not resolved in v0; company_name missing; used ticker fallback; country unknown
ENT004156,TSE:8001,TSE:8001,TSE:8001,,TRUE,Unknown,Unknown,GSE580_theta_data.csv,2026-05-08,0.80,parent relationships not resolved in v0; company_name missing; used ticker fallback; country unknown
ENT004157,TSE:8002,TSE:8002,TSE:8002,,TRUE,Unknown,Unknown,GSE580_theta_data.csv,2026-05-08,0.80,parent relationships not resolved in v0; company_name missing; used ticker fallback; country unknown
ENT004158,TSE:8022,TSE:8022,TSE:8022,,TRUE,Unknown,Unknown,GSE580_theta_data.csv,2026-05-08,0.80,parent relationships not resolved in v0; company_name missing; used ticker fallback; country unknown
ENT004159,TSE:8031,TSE:8031,TSE:8031,,TRUE,Unknown,Unknown,GSE580_theta_data.csv,2026-05-08,0.80,parent relationships not resolved in v0; company_name missing; used ticker fallback; country unknown
ENT004160,TSE:8035,TSE:8035,TSE:8035,,TRUE,Unknown,Unknown,GSE580_theta_data.csv,2026-05-08,0.80,parent relationships not resolved in v0; company_name missing; used ticker fallback; country unknown
ENT004161,TSE:8050,TSE:8050,TSE:8050,,TRUE,Unknown,Unknown,GSE580_theta_data.csv,2026-05-08,0.80,parent relationships not resolved in v0; company_name missing; used ticker fallback; country unknown
ENT004162,TSE:8053,TSE:8053,TSE:8053,,TRUE,Unknown,Unknown,GSE580_theta_data.csv,2026-05-08,0.80,parent relationships not resolved in v0; company_name missing; used ticker fallback; country unknown
ENT004163,TSE:8058,TSE:8058,TSE:8058,,TRUE,Unknown,Unknown,GSE580_theta_data.csv,2026-05-08,0.80,parent relationships not resolved in v0; company_name missing; used ticker fallback; country unknown
ENT004164,TSE:8086,TSE:8086,TSE:8086,,TRUE,Unknown,Unknown,GSE580_theta_data.csv,2026-05-08,0.80,parent relationships not resolved in v0; company_name missing; used ticker fallback; country unknown
ENT004165,TSE:8111,TSE:8111,TSE:8111,,TRUE,Unknown,Unknown,GSE580_theta_data.csv,2026-05-08,0.80,parent relationships not resolved in v0; company_name missing; used ticker fallback; country unknown
ENT004166,TSE:8113,TSE:8113,TSE:8113,,TRUE,Unknown,Unknown,GSE580_theta_data.csv,2026-05-08,0.80,parent relationships not resolved in v0; company_name missing; used ticker fallback; country unknown
ENT004167,TSE:8136,TSE:8136,TSE:8136,,TRUE,Unknown,Unknown,GSE580_theta_data.csv,2026-05-08,0.80,parent relationships not resolved in v0; company_name missing; used ticker fallback; country unknown
ENT004168,TSE:8227,TSE:8227,TSE:8227,,TRUE,Unknown,Unknown,GSE580_theta_data.csv,2026-05-08,0.80,parent relationships not resolved in v0; company_name missing; used ticker fallback; country unknown
ENT004169,TSE:8306,TSE:8306,TSE:8306,,TRUE,Unknown,Unknown,GSE580_theta_data.csv,2026-05-08,0.80,parent relationships not resolved in v0; company_name missing; used ticker fallback; country unknown
ENT004170,TSE:8308,TSE:8308,TSE:8308,,TRUE,Unknown,Unknown,GSE580_theta_data.csv,2026-05-08,0.80,parent relationships not resolved in v0; company_name missing; used ticker fallback; country unknown
ENT004171,TSE:8316,TSE:8316,TSE:8316,,TRUE,Unknown,Unknown,GSE580_theta_data.csv,2026-05-08,0.80,parent relationships not resolved in v0; company_name missing; used ticker fallback; country unknown
ENT004172,TSE:8354,TSE:8354,TSE:8354,,TRUE,Unknown,Unknown,GSE580_theta_data.csv,2026-05-08,0.80,parent relationships not resolved in v0; company_name missing; used ticker fallback; country unknown
ENT004173,TSE:8601,TSE:8601,TSE:8601,,TRUE,Unknown,Unknown,GSE580_theta_data.csv,2026-05-08,0.80,parent relationships not resolved in v0; company_name missing; used ticker fallback; country unknown
ENT004174,TSE:8604,TSE:8604,TSE:8604,,TRUE,Unknown,Unknown,GSE580_theta_data.csv,2026-05-08,0.80,parent relationships not resolved in v0; company_name missing; used ticker fallback; country unknown
ENT004175,TSE:8630,TSE:8630,TSE:8630,,TRUE,Unknown,Unknown,GSE580_theta_data.csv,2026-05-08,0.80,parent relationships not resolved in v0; company_name missing; used ticker fallback; country unknown
ENT004176,TSE:8697,TSE:8697,TSE:8697,,TRUE,Unknown,Unknown,GSE580_theta_data.csv,2026-05-08,0.80,parent relationships not resolved in v0; company_name missing; used ticker fallback; country unknown
ENT004177,TSE:8715,TSE:8715,TSE:8715,,TRUE,Unknown,Unknown,GSE580_theta_data.csv,2026-05-08,0.80,parent relationships not resolved in v0; company_name missing; used ticker fallback; country unknown
ENT004178,TSE:8725,TSE:8725,TSE:8725,,TRUE,Unknown,Unknown,GSE580_theta_data.csv,2026-05-08,0.80,parent relationships not resolved in v0; company_name missing; used ticker fallback; country unknown
ENT004179,TSE:8750,TSE:8750,TSE:8750,,TRUE,Unknown,Unknown,GSE580_theta_data.csv,2026-05-08,0.80,parent relationships not resolved in v0; company_name missing; used ticker fallback; country unknown
ENT004180,TSE:8766,TSE:8766,TSE:8766,,TRUE,Unknown,Unknown,GSE580_theta_data.csv,2026-05-08,0.80,parent relationships not resolved in v0; company_name missing; used ticker fallback; country unknown
ENT004181,TSE:8795,TSE:8795,TSE:8795,,TRUE,Unknown,Unknown,GSE580_theta_data.csv,2026-05-08,0.80,parent relationships not resolved in v0; company_name missing; used ticker fallback; country unknown
ENT004182,TSE:8801,TSE:8801,TSE:8801,,TRUE,Unknown,Unknown,GSE580_theta_data.csv,2026-05-08,0.80,parent relationships not resolved in v0; company_name missing; used ticker fallback; country unknown
ENT004183,TSE:8802,TSE:8802,TSE:8802,,TRUE,Unknown,Unknown,GSE580_theta_data.csv,2026-05-08,0.80,parent relationships not resolved in v0; company_name missing; used ticker fallback; country unknown
ENT004184,TSE:9020,TSE:9020,TSE:9020,,TRUE,Unknown,Unknown,GSE580_theta_data.csv,2026-05-08,0.80,parent relationships not resolved in v0; company_name missing; used ticker fallback; country unknown
ENT004185,TSE:9022,TSE:9022,TSE:9022,,TRUE,Unknown,Unknown,GSE580_theta_data.csv,2026-05-08,0.80,parent relationships not resolved in v0; company_name missing; used ticker fallback; country unknown
ENT004186,TSE:9101,TSE:9101,TSE:9101,,TRUE,Unknown,Unknown,GSE580_theta_data.csv,2026-05-08,0.80,parent relationships not resolved in v0; company_name missing; used ticker fallback; country unknown
ENT004187,TSE:9104,TSE:9104,TSE:9104,,TRUE,Unknown,Unknown,GSE580_theta_data.csv,2026-05-08,0.80,parent relationships not resolved in v0; company_name missing; used ticker fallback; country unknown
ENT004188,TSE:9107,TSE:9107,TSE:9107,,TRUE,Unknown,Unknown,GSE580_theta_data.csv,2026-05-08,0.80,parent relationships not resolved in v0; company_name missing; used ticker fallback; country unknown
ENT004189,TSE:9201,TSE:9201,TSE:9201,,TRUE,Unknown,Unknown,GSE580_theta_data.csv,2026-05-08,0.80,parent relationships not resolved in v0; company_name missing; used ticker fallback; country unknown
ENT004190,TSE:9202,TSE:9202,TSE:9202,,TRUE,Unknown,Unknown,GSE580_theta_data.csv,2026-05-08,0.80,parent relationships not resolved in v0; company_name missing; used ticker fallback; country unknown
ENT004191,TSE:9348,TSE:9348,TSE:9348,,TRUE,Unknown,Unknown,GSE580_theta_data.csv,2026-05-08,0.80,parent relationships not resolved in v0; company_name missing; used ticker fallback; country unknown
ENT004192,TSE:9432,TSE:9432,TSE:9432,,TRUE,Unknown,Unknown,GSE580_theta_data.csv,2026-05-08,0.80,parent relationships not resolved in v0; company_name missing; used ticker fallback; country unknown
ENT004193,TSE:9433,TSE:9433,TSE:9433,,TRUE,Unknown,Unknown,GSE580_theta_data.csv,2026-05-08,0.80,parent relationships not resolved in v0; company_name missing; used ticker fallback; country unknown
ENT004194,TSE:9449,TSE:9449,TSE:9449,,TRUE,Unknown,Unknown,GSE580_theta_data.csv,2026-05-08,0.80,parent relationships not resolved in v0; company_name missing; used ticker fallback; country unknown
ENT004195,TSE:9828,TSE:9828,TSE:9828,,TRUE,Unknown,Unknown,GSE580_theta_data.csv,2026-05-08,0.80,parent relationships not resolved in v0; company_name missing; used ticker fallback; country unknown
ENT004196,TSE:9843,TSE:9843,TSE:9843,,TRUE,Unknown,Unknown,GSE580_theta_data.csv,2026-05-08,0.80,parent relationships not resolved in v0; company_name missing; used ticker fallback; country unknown
ENT004197,TSE:9962,TSE:9962,TSE:9962,,TRUE,Unknown,Unknown,GSE580_theta_data.csv,2026-05-08,0.80,parent relationships not resolved in v0; company_name missing; used ticker fallback; country unknown
ENT004198,TSE:9983,TSE:9983,TSE:9983,,TRUE,Unknown,Unknown,GSE580_theta_data.csv,2026-05-08,0.80,parent relationships not resolved in v0; company_name missing; used ticker fallback; country unknown
ENT004199,TSE:9984,TSE:9984,TSE:9984,,TRUE,Unknown,Unknown,GSE580_theta_data.csv,2026-05-08,0.80,parent relationships not resolved in v0; company_name missing; used ticker fallback; country unknown
ENT004200,TSE:9989,TSE:9989,TSE:9989,,TRUE,Unknown,Unknown,GSE580_theta_data.csv,2026-05-08,0.80,parent relationships not resolved in v0; company_name missing; used ticker fallback; country unknown
ENT004201,TSEM,TSEM,TSEM,,TRUE,Unknown,Unknown,GSE580_theta_data.csv,2026-05-08,0.80,parent relationships not resolved in v0; company_name missing; used ticker fallback; country unknown
ENT004202,TSLA,TSLA,TSLA,,TRUE,Unknown,Unknown,GSE580_theta_data.csv,2026-05-08,0.80,parent relationships not resolved in v0; company_name missing; used ticker fallback; country unknown
ENT004203,TSM,TSM,TSM,,TRUE,Unknown,Unknown,GSE580_theta_data.csv,2026-05-08,0.80,parent relationships not resolved in v0; company_name missing; used ticker fallback; country unknown
ENT004204,TSN,TSN,TSN,,TRUE,Unknown,Unknown,GSE580_theta_data.csv,2026-05-08,0.80,parent relationships not resolved in v0; company_name missing; used ticker fallback; country unknown
ENT004205,TSSI,TSSI,TSSI,,TRUE,Unknown,Unknown,GSE580_theta_data.csv,2026-05-08,0.80,parent relationships not resolved in v0; company_name missing; used ticker fallback; country unknown
ENT004206,TSX:ABX,TSX:ABX,TSX:ABX,,TRUE,Unknown,Unknown,GSE580_theta_data.csv,2026-05-08,0.80,parent relationships not resolved in v0; company_name missing; used ticker fallback; country unknown
ENT004207,TSX:ACO.X,TSX:ACO.X,TSX:ACO.X,,TRUE,Unknown,Unknown,GSE580_theta_data.csv,2026-05-08,0.80,parent relationships not resolved in v0; company_name missing; used ticker fallback; country unknown
ENT004208,TSX:ARE,TSX:ARE,TSX:ARE,,TRUE,Unknown,Unknown,GSE580_theta_data.csv,2026-05-08,0.80,parent relationships not resolved in v0; company_name missing; used ticker fallback; country unknown
ENT004209,TSX:ATD,TSX:ATD,TSX:ATD,,TRUE,Unknown,Unknown,GSE580_theta_data.csv,2026-05-08,0.80,parent relationships not resolved in v0; company_name missing; used ticker fallback; country unknown
ENT004210,TSX:ATRL,TSX:ATRL,TSX:ATRL,,TRUE,Unknown,Unknown,GSE580_theta_data.csv,2026-05-08,0.80,parent relationships not resolved in v0; company_name missing; used ticker fallback; country unknown
ENT004211,TSX:BTE,TSX:BTE,TSX:BTE,,TRUE,Unknown,Unknown,GSE580_theta_data.csv,2026-05-08,0.80,parent relationships not resolved in v0; company_name missing; used ticker fallback; country unknown
ENT004212,TSX:CCL.B,TSX:CCL.B,TSX:CCL.B,,TRUE,Unknown,Unknown,GSE580_theta_data.csv,2026-05-08,0.80,parent relationships not resolved in v0; company_name missing; used ticker fallback; country unknown
ENT004213,TSX:CCO,TSX:CCO,TSX:C,,TRUE,Unknown,Unknown,GSE580_theta_data.csv,2026-05-08,0.80,parent relationships not resolved in v0; company_name missing; used ticker fallback; country unknown
ENT004214,TSX:CFP,TSX:CFP,TSX:CFP,,TRUE,Unknown,Unknown,GSE580_theta_data.csv,2026-05-08,0.80,parent relationships not resolved in v0; company_name missing; used ticker fallback; country unknown
ENT004215,TSX:CFW,TSX:CFW,TSX:CFW,,TRUE,Unknown,Unknown,GSE580_theta_data.csv,2026-05-08,0.80,parent relationships not resolved in v0; company_name missing; used ticker fallback; country unknown
ENT004216,TSX:CGX,TSX:CGX,TSX:CGX,,TRUE,Unknown,Unknown,GSE580_theta_data.csv,2026-05-08,0.80,parent relationships not resolved in v0; company_name missing; used ticker fallback; country unknown
ENT004217,TSX:CNQ,TSX:CNQ,TSX:CNQ,,TRUE,Unknown,Unknown,GSE580_theta_data.csv,2026-05-08,0.80,parent relationships not resolved in v0; company_name missing; used ticker fallback; country unknown
ENT004218,TSX:CSH.UN,TSX:CSH.UN,TSX:CSH.UN,,TRUE,Unknown,Unknown,GSE580_theta_data.csv,2026-05-08,0.80,parent relationships not resolved in v0; company_name missing; used ticker fallback; country unknown
ENT004219,TSX:CSU,TSX:CSU,TSX:CSU,,TRUE,Unknown,Unknown,GSE580_theta_data.csv,2026-05-08,0.80,parent relationships not resolved in v0; company_name missing; used ticker fallback; country unknown
ENT004220,TSX:CTC.A,TSX:CTC.A,TSX:CTC.A,,TRUE,Unknown,Unknown,GSE580_theta_data.csv,2026-05-08,0.80,parent relationships not resolved in v0; company_name missing; used ticker fallback; country unknown
ENT004221,TSX:DII.B,TSX:DII.B,TSX:DII.B,,TRUE,Unknown,Unknown,GSE580_theta_data.csv,2026-05-08,0.80,parent relationships not resolved in v0; company_name missing; used ticker fallback; country unknown
ENT004222,TSX:DOL,TSX:DOL,TSX:DOL,,TRUE,Unknown,Unknown,GSE580_theta_data.csv,2026-05-08,0.80,parent relationships not resolved in v0; company_name missing; used ticker fallback; country unknown
ENT004223,TSX:DOO,TSX:DOO,TSX:DOO,,TRUE,United States,North America,GSE580_theta_data.csv,2026-05-08,0.80,parent relationships not resolved in v0; company_name missing; used ticker fallback
ENT004224,TSX:DTOL,TSX:DTOL,TSX:DTOL,,TRUE,Unknown,Unknown,GSE580_theta_data.csv,2026-05-08,0.80,parent relationships not resolved in v0; company_name missing; used ticker fallback; country unknown
ENT004225,TSX:EFX,TSX:EFX,TSX:EFX,,TRUE,Unknown,Unknown,GSE580_theta_data.csv,2026-05-08,0.80,parent relationships not resolved in v0; company_name missing; used ticker fallback; country unknown
ENT004226,TSX:ENB,TSX:ENB,TSX:ENB,,TRUE,Unknown,Unknown,GSE580_theta_data.csv,2026-05-08,0.80,parent relationships not resolved in v0; company_name missing; used ticker fallback; country unknown
ENT004227,TSX:FFH,TSX:FFH,TSX:FFH,,TRUE,Unknown,Unknown,GSE580_theta_data.csv,2026-05-08,0.80,parent relationships not resolved in v0; company_name missing; used ticker fallback; country unknown
ENT004228,TSX:FM,TSX:FM,TSX:FM,,TRUE,Unknown,Unknown,GSE580_theta_data.csv,2026-05-08,0.80,parent relationships not resolved in v0; company_name missing; used ticker fallback; country unknown
ENT004229,TSX:FNV,TSX:FNV,TSX:FNV,,TRUE,Unknown,Unknown,GSE580_theta_data.csv,2026-05-08,0.80,parent relationships not resolved in v0; company_name missing; used ticker fallback; country unknown
ENT004230,TSX:FTT,TSX:FTT,TSX:FTT,,TRUE,Unknown,Unknown,GSE580_theta_data.csv,2026-05-08,0.80,parent relationships not resolved in v0; company_name missing; used ticker fallback; country unknown
ENT004231,TSX:GWO,TSX:GWO,TSX:GWO,,TRUE,Unknown,Unknown,GSE580_theta_data.csv,2026-05-08,0.80,parent relationships not resolved in v0; company_name missing; used ticker fallback; country unknown
ENT004232,TSX:IFC,TSX:IFC,TSX:IFC,,TRUE,Unknown,Unknown,GSE580_theta_data.csv,2026-05-08,0.80,parent relationships not resolved in v0; company_name missing; used ticker fallback; country unknown
ENT004233,TSX:NDM,TSX:NDM,TSX:NDM,,TRUE,Unknown,Unknown,GSE580_theta_data.csv,2026-05-08,0.80,parent relationships not resolved in v0; company_name missing; used ticker fallback; country unknown
ENT004234,TSX:NEO,TSX:NEO,TSX:NEO,,TRUE,Unknown,Unknown,GSE580_theta_data.csv,2026-05-08,0.80,parent relationships not resolved in v0; company_name missing; used ticker fallback; country unknown
ENT004235,TSX:NG,TSX:NG,TSX:NG,,TRUE,Unknown,Unknown,GSE580_theta_data.csv,2026-05-08,0.80,parent relationships not resolved in v0; company_name missing; used ticker fallback; country unknown
ENT004236,TSX:OR,TSX:OR,TSX:OR,,TRUE,Unknown,Unknown,GSE580_theta_data.csv,2026-05-08,0.80,parent relationships not resolved in v0; company_name missing; used ticker fallback; country unknown
ENT004237,TSX:OTEX,TSX:OTEX,TSX:OTEX,,TRUE,Unknown,Unknown,GSE580_theta_data.csv,2026-05-08,0.80,parent relationships not resolved in v0; company_name missing; used ticker fallback; country unknown
ENT004238,TSX:PAAS,TSX:PAAS,TSX:PAAS,,TRUE,Unknown,Unknown,GSE580_theta_data.csv,2026-05-08,0.80,parent relationships not resolved in v0; company_name missing; used ticker fallback; country unknown
ENT004239,TSX:PIF,TSX:PIF,TSX:PIF,,TRUE,Unknown,Unknown,GSE580_theta_data.csv,2026-05-08,0.80,parent relationships not resolved in v0; company_name missing; used ticker fallback; country unknown
ENT004240,TSX:PPL,TSX:PPL,TSX:PPL,,TRUE,Unknown,Unknown,GSE580_theta_data.csv,2026-05-08,0.80,parent relationships not resolved in v0; company_name missing; used ticker fallback; country unknown
ENT004241,TSX:QSR,TSX:QSR,TSX:QSR,,TRUE,Unknown,Unknown,GSE580_theta_data.csv,2026-05-08,0.80,parent relationships not resolved in v0; company_name missing; used ticker fallback; country unknown
ENT004242,TSX:RUS,TSX:RUS,TSX:RUS,,TRUE,Unknown,Unknown,GSE580_theta_data.csv,2026-05-08,0.80,parent relationships not resolved in v0; company_name missing; used ticker fallback; country unknown
ENT004243,TSX:SPB,TSX:SPB,TSX:SPB,,TRUE,Unknown,Unknown,GSE580_theta_data.csv,2026-05-08,0.80,parent relationships not resolved in v0; company_name missing; used ticker fallback; country unknown
ENT004244,TSX:SU,TSX:SU,TSX:SU,,TRUE,Unknown,Unknown,GSE580_theta_data.csv,2026-05-08,0.80,parent relationships not resolved in v0; company_name missing; used ticker fallback; country unknown
ENT004245,TSX:SVI,TSX:SVI,TSX:SVI,,TRUE,Unknown,Unknown,GSE580_theta_data.csv,2026-05-08,0.80,parent relationships not resolved in v0; company_name missing; used ticker fallback; country unknown
ENT004246,TSX:TCW,TSX:TCW,TSX:TCW,,TRUE,Unknown,Unknown,GSE580_theta_data.csv,2026-05-08,0.80,parent relationships not resolved in v0; company_name missing; used ticker fallback; country unknown
ENT004247,TSX:TD,TSX:TD,TSX:TD,,TRUE,Unknown,Unknown,GSE580_theta_data.csv,2026-05-08,0.80,parent relationships not resolved in v0; company_name missing; used ticker fallback; country unknown
ENT004248,TSX:TECK.B,TSX:TECK.B,TSX:TECK.B,,TRUE,Unknown,Unknown,GSE580_theta_data.csv,2026-05-08,0.80,parent relationships not resolved in v0; company_name missing; used ticker fallback; country unknown
ENT004249,TSX:TIH,TSX:TIH,TSX:TIH,,TRUE,Unknown,Unknown,GSE580_theta_data.csv,2026-05-08,0.80,parent relationships not resolved in v0; company_name missing; used ticker fallback; country unknown
ENT004250,TSX:TOT,TSX:TOT,TSX:TOT,,TRUE,Unknown,Unknown,GSE580_theta_data.csv,2026-05-08,0.80,parent relationships not resolved in v0; company_name missing; used ticker fallback; country unknown
ENT004251,TSX:TOY,TSX:TOY,TSX:TOY,,TRUE,Unknown,Unknown,GSE580_theta_data.csv,2026-05-08,0.80,parent relationships not resolved in v0; company_name missing; used ticker fallback; country unknown
ENT004252,TSX:TRP,TSX:TRP,TSX:TRP,,TRUE,Unknown,Unknown,GSE580_theta_data.csv,2026-05-08,0.80,parent relationships not resolved in v0; company_name missing; used ticker fallback; country unknown
ENT004253,TSX:VITL.UN,TSX:VITL.UN,TSX:VITL.UN,,TRUE,Unknown,Unknown,GSE580_theta_data.csv,2026-05-08,0.80,parent relationships not resolved in v0; company_name missing; used ticker fallback; country unknown
ENT004254,TSX:WFG,TSX:WFG,TSX:WFG,,TRUE,Unknown,Unknown,GSE580_theta_data.csv,2026-05-08,0.80,parent relationships not resolved in v0; company_name missing; used ticker fallback; country unknown
ENT004255,TSX:WPM,TSX:WPM,TSX:WPM,,TRUE,Unknown,Unknown,GSE580_theta_data.csv,2026-05-08,0.80,parent relationships not resolved in v0; company_name missing; used ticker fallback; country unknown
ENT004256,TSX:WSP,TSX:WSP,TSX:WSP,,TRUE,Unknown,Unknown,GSE580_theta_data.csv,2026-05-08,0.80,parent relationships not resolved in v0; company_name missing; used ticker fallback; country unknown
ENT004257,TT,TT,TT,,TRUE,Unknown,Unknown,GSE580_theta_data.csv,2026-05-08,0.80,parent relationships not resolved in v0; company_name missing; used ticker fallback; country unknown
ENT004258,TTAM,TTAM,TTAM,,TRUE,Unknown,Unknown,GSE580_theta_data.csv,2026-05-08,0.80,parent relationships not resolved in v0; company_name missing; used ticker fallback; country unknown
ENT004259,TTAN,TTAN,TTAN,,TRUE,Unknown,Unknown,GSE580_theta_data.csv,2026-05-08,0.80,parent relationships not resolved in v0; company_name missing; used ticker fallback; country unknown
ENT004260,TTC,TTC,TTC,,TRUE,Unknown,Unknown,GSE580_theta_data.csv,2026-05-08,0.80,parent relationships not resolved in v0; company_name missing; used ticker fallback; country unknown
ENT004261,TTD,TTD,TTD,,TRUE,Unknown,Unknown,GSE580_theta_data.csv,2026-05-08,0.80,parent relationships not resolved in v0; company_name missing; used ticker fallback; country unknown
ENT004262,TTEC,TTEC,TTEC,,TRUE,Unknown,Unknown,GSE580_theta_data.csv,2026-05-08,0.80,parent relationships not resolved in v0; company_name missing; used ticker fallback; country unknown
ENT004263,TTEK,TTEK,TTEK,,TRUE,Unknown,Unknown,GSE580_theta_data.csv,2026-05-08,0.80,parent relationships not resolved in v0; company_name missing; used ticker fallback; country unknown
ENT004264,TTGT,TTGT,TTGT,,TRUE,Unknown,Unknown,GSE580_theta_data.csv,2026-05-08,0.80,parent relationships not resolved in v0; company_name missing; used ticker fallback; country unknown
ENT004265,TTI,TTI,TTI,,TRUE,Unknown,Unknown,GSE580_theta_data.csv,2026-05-08,0.80,parent relationships not resolved in v0; company_name missing; used ticker fallback; country unknown
ENT004266,TTMI,TTMI,TTMI,,TRUE,Unknown,Unknown,GSE580_theta_data.csv,2026-05-08,0.80,parent relationships not resolved in v0; company_name missing; used ticker fallback; country unknown
ENT004267,TTRX,TTRX,TTRX,,TRUE,Unknown,Unknown,GSE580_theta_data.csv,2026-05-08,0.80,parent relationships not resolved in v0; company_name missing; used ticker fallback; country unknown
ENT004268,TTSH,TTSH,TTSH,,TRUE,Unknown,Unknown,GSE580_theta_data.csv,2026-05-08,0.80,parent relationships not resolved in v0; company_name missing; used ticker fallback; country unknown
ENT004269,TTWO,TTWO,TTWO,,TRUE,Unknown,Unknown,GSE580_theta_data.csv,2026-05-08,0.80,parent relationships not resolved in v0; company_name missing; used ticker fallback; country unknown
ENT004270,TU,TU,TU,,TRUE,Unknown,Unknown,GSE580_theta_data.csv,2026-05-08,0.80,parent relationships not resolved in v0; company_name missing; used ticker fallback; country unknown
ENT004271,TUYA,TUYA,TUYA,,TRUE,Unknown,Unknown,GSE580_theta_data.csv,2026-05-08,0.80,parent relationships not resolved in v0; company_name missing; used ticker fallback; country unknown
ENT004272,TV,TV,TV,,TRUE,Unknown,Unknown,GSE580_theta_data.csv,2026-05-08,0.80,parent relationships not resolved in v0; company_name missing; used ticker fallback; country unknown
ENT004273,TW,TW,TW,,TRUE,Unknown,Unknown,GSE580_theta_data.csv,2026-05-08,0.80,parent relationships not resolved in v0; company_name missing; used ticker fallback; country unknown
ENT004274,TWI,TWI,TWI,,TRUE,Unknown,Unknown,GSE580_theta_data.csv,2026-05-08,0.80,parent relationships not resolved in v0; company_name missing; used ticker fallback; country unknown
ENT004275,TWIN,TWIN,TWIN,,TRUE,Unknown,Unknown,GSE580_theta_data.csv,2026-05-08,0.80,parent relationships not resolved in v0; company_name missing; used ticker fallback; country unknown
ENT004276,TWLO,TWLO,TWLO,,TRUE,Unknown,Unknown,GSE580_theta_data.csv,2026-05-08,0.80,parent relationships not resolved in v0; company_name missing; used ticker fallback; country unknown
ENT004277,TWNP,TWNP,TWNP,,TRUE,Unknown,Unknown,GSE580_theta_data.csv,2026-05-08,0.80,parent relationships not resolved in v0; company_name missing; used ticker fallback; country unknown
ENT004278,TWO,TWO,TWO,,TRUE,United States,North America,GSE580_theta_data.csv,2026-05-08,0.80,parent relationships not resolved in v0; company_name missing; used ticker fallback
ENT004279,TWSE:1301,TWSE:1301,TWSE:1301,,TRUE,Unknown,Unknown,GSE580_theta_data.csv,2026-05-08,0.80,parent relationships not resolved in v0; company_name missing; used ticker fallback; country unknown
ENT004280,TWSE:1590,TWSE:1590,TWSE:1590,,TRUE,Unknown,Unknown,GSE580_theta_data.csv,2026-05-08,0.80,parent relationships not resolved in v0; company_name missing; used ticker fallback; country unknown
ENT004281,TWSE:2105,TWSE:2105,TWSE:2105,,TRUE,Unknown,Unknown,GSE580_theta_data.csv,2026-05-08,0.80,parent relationships not resolved in v0; company_name missing; used ticker fallback; country unknown
ENT004282,TWSE:2301,TWSE:2301,TWSE:2301,,TRUE,Unknown,Unknown,GSE580_theta_data.csv,2026-05-08,0.80,parent relationships not resolved in v0; company_name missing; used ticker fallback; country unknown
ENT004283,TWSE:2303,TWSE:2303,TWSE:2303,,TRUE,Unknown,Unknown,GSE580_theta_data.csv,2026-05-08,0.80,parent relationships not resolved in v0; company_name missing; used ticker fallback; country unknown
ENT004284,TWSE:2308,TWSE:2308,TWSE:2308,,TRUE,Unknown,Unknown,GSE580_theta_data.csv,2026-05-08,0.80,parent relationships not resolved in v0; company_name missing; used ticker fallback; country unknown
ENT004285,TWSE:2313,TWSE:2313,TWSE:2313,,TRUE,Unknown,Unknown,GSE580_theta_data.csv,2026-05-08,0.80,parent relationships not resolved in v0; company_name missing; used ticker fallback; country unknown
ENT004286,TWSE:2317,TWSE:2317,TWSE:2317,,TRUE,Unknown,Unknown,GSE580_theta_data.csv,2026-05-08,0.80,parent relationships not resolved in v0; company_name missing; used ticker fallback; country unknown
ENT004287,TWSE:2327,TWSE:2327,TWSE:2327,,TRUE,Unknown,Unknown,GSE580_theta_data.csv,2026-05-08,0.80,parent relationships not resolved in v0; company_name missing; used ticker fallback; country unknown
ENT004288,TWSE:2353,TWSE:2353,TWSE:2353,,TRUE,Unknown,Unknown,GSE580_theta_data.csv,2026-05-08,0.80,parent relationships not resolved in v0; company_name missing; used ticker fallback; country unknown
ENT004289,TWSE:2357,TWSE:2357,TWSE:2357,,TRUE,Unknown,Unknown,GSE580_theta_data.csv,2026-05-08,0.80,parent relationships not resolved in v0; company_name missing; used ticker fallback; country unknown
ENT004290,TWSE:2360,TWSE:2360,TWSE:2360,,TRUE,Unknown,Unknown,GSE580_theta_data.csv,2026-05-08,0.80,parent relationships not resolved in v0; company_name missing; used ticker fallback; country unknown
ENT004291,TWSE:2377,TWSE:2377,TWSE:2377,,TRUE,Unknown,Unknown,GSE580_theta_data.csv,2026-05-08,0.80,parent relationships not resolved in v0; company_name missing; used ticker fallback; country unknown
ENT004292,TWSE:2379,TWSE:2379,TWSE:2379,,TRUE,Unknown,Unknown,GSE580_theta_data.csv,2026-05-08,0.80,parent relationships not resolved in v0; company_name missing; used ticker fallback; country unknown
ENT004293,TWSE:2382,TWSE:2382,TWSE:2382,,TRUE,Unknown,Unknown,GSE580_theta_data.csv,2026-05-08,0.80,parent relationships not resolved in v0; company_name missing; used ticker fallback; country unknown
ENT004294,TWSE:2395,TWSE:2395,TWSE:2395,,TRUE,Unknown,Unknown,GSE580_theta_data.csv,2026-05-08,0.80,parent relationships not resolved in v0; company_name missing; used ticker fallback; country unknown
ENT004295,TWSE:2408,TWSE:2408,TWSE:2408,,TRUE,Unknown,Unknown,GSE580_theta_data.csv,2026-05-08,0.80,parent relationships not resolved in v0; company_name missing; used ticker fallback; country unknown
ENT004296,TWSE:2454,TWSE:2454,TWSE:2454,,TRUE,Unknown,Unknown,GSE580_theta_data.csv,2026-05-08,0.80,parent relationships not resolved in v0; company_name missing; used ticker fallback; country unknown
ENT004297,TWSE:2474,TWSE:2474,TWSE:2474,,TRUE,Unknown,Unknown,GSE580_theta_data.csv,2026-05-08,0.80,parent relationships not resolved in v0; company_name missing; used ticker fallback; country unknown
ENT004298,TWSE:2603,TWSE:2603,TWSE:2603,,TRUE,Unknown,Unknown,GSE580_theta_data.csv,2026-05-08,0.80,parent relationships not resolved in v0; company_name missing; used ticker fallback; country unknown
ENT004299,TWSE:2609,TWSE:2609,TWSE:2609,,TRUE,Unknown,Unknown,GSE580_theta_data.csv,2026-05-08,0.80,parent relationships not resolved in v0; company_name missing; used ticker fallback; country unknown
ENT004300,TWSE:2615,TWSE:2615,TWSE:2615,,TRUE,Unknown,Unknown,GSE580_theta_data.csv,2026-05-08,0.80,parent relationships not resolved in v0; company_name missing; used ticker fallback; country unknown
ENT004301,TWSE:2881,TWSE:2881,TWSE:2881,,TRUE,United States,North America,GSE580_theta_data.csv,2026-05-08,0.80,parent relationships not resolved in v0; company_name missing; used ticker fallback
ENT004302,TWSE:2882,TWSE:2882,TWSE:2882,,TRUE,Unknown,Unknown,GSE580_theta_data.csv,2026-05-08,0.80,parent relationships not resolved in v0; company_name missing; used ticker fallback; country unknown
ENT004303,TWSE:2891,TWSE:2891,TWSE:2891,,TRUE,Unknown,Unknown,GSE580_theta_data.csv,2026-05-08,0.80,parent relationships not resolved in v0; company_name missing; used ticker fallback; country unknown
ENT004304,TWSE:3008,TWSE:3008,TWSE:3008,,TRUE,Unknown,Unknown,GSE580_theta_data.csv,2026-05-08,0.80,parent relationships not resolved in v0; company_name missing; used ticker fallback; country unknown
ENT004305,TWSE:3034,TWSE:3034,TWSE:3034,,TRUE,Unknown,Unknown,GSE580_theta_data.csv,2026-05-08,0.80,parent relationships not resolved in v0; company_name missing; used ticker fallback; country unknown
ENT004306,TWSE:3037,TWSE:3037,TWSE:3037,,TRUE,Unknown,Unknown,GSE580_theta_data.csv,2026-05-08,0.80,parent relationships not resolved in v0; company_name missing; used ticker fallback; country unknown
ENT004307,TWSE:3042,TWSE:3042,TWSE:3042,,TRUE,Unknown,Unknown,GSE580_theta_data.csv,2026-05-08,0.80,parent relationships not resolved in v0; company_name missing; used ticker fallback; country unknown
ENT004308,TWSE:3231,TWSE:3231,TWSE:3231,,TRUE,Unknown,Unknown,GSE580_theta_data.csv,2026-05-08,0.80,parent relationships not resolved in v0; company_name missing; used ticker fallback; country unknown
ENT004309,TWSE:3592,TWSE:3592,TWSE:3592,,TRUE,Unknown,Unknown,GSE580_theta_data.csv,2026-05-08,0.80,parent relationships not resolved in v0; company_name missing; used ticker fallback; country unknown
ENT004310,TWSE:3702,TWSE:3702,TWSE:3702,,TRUE,Unknown,Unknown,GSE580_theta_data.csv,2026-05-08,0.80,parent relationships not resolved in v0; company_name missing; used ticker fallback; country unknown
ENT004311,TWSE:3711,TWSE:3711,TWSE:3711,,TRUE,Unknown,Unknown,GSE580_theta_data.csv,2026-05-08,0.80,parent relationships not resolved in v0; company_name missing; used ticker fallback; country unknown
ENT004312,TWSE:4938,TWSE:4938,TWSE:4938,,TRUE,United States,North America,GSE580_theta_data.csv,2026-05-08,0.80,parent relationships not resolved in v0; company_name missing; used ticker fallback
ENT004313,TWSE:4958,TWSE:4958,TWSE:4958,,TRUE,Unknown,Unknown,GSE580_theta_data.csv,2026-05-08,0.80,parent relationships not resolved in v0; company_name missing; used ticker fallback; country unknown
ENT004314,TWSE:6239,TWSE:6239,TWSE:6239,,TRUE,Unknown,Unknown,GSE580_theta_data.csv,2026-05-08,0.80,parent relationships not resolved in v0; company_name missing; used ticker fallback; country unknown
ENT004315,TX,TX,TX,,TRUE,Unknown,Unknown,GSE580_theta_data.csv,2026-05-08,0.80,parent relationships not resolved in v0; company_name missing; used ticker fallback; country unknown
ENT004316,TXG,TXG,TXG,,TRUE,Unknown,Unknown,GSE580_theta_data.csv,2026-05-08,0.80,parent relationships not resolved in v0; company_name missing; used ticker fallback; country unknown
ENT004317,TXN,TXN,TXN,,TRUE,Unknown,Unknown,GSE580_theta_data.csv,2026-05-08,0.80,parent relationships not resolved in v0; company_name missing; used ticker fallback; country unknown
ENT004318,TXNM,TXNM,TXNM,,TRUE,Unknown,Unknown,GSE580_theta_data.csv,2026-05-08,0.80,parent relationships not resolved in v0; company_name missing; used ticker fallback; country unknown
ENT004319,TXRH,TXRH,TXRH,,TRUE,Unknown,Unknown,GSE580_theta_data.csv,2026-05-08,0.80,parent relationships not resolved in v0; company_name missing; used ticker fallback; country unknown
ENT004320,TXT,TXT,TXT,,TRUE,Unknown,Unknown,GSE580_theta_data.csv,2026-05-08,0.80,parent relationships not resolved in v0; company_name missing; used ticker fallback; country unknown
ENT004321,TYGO,TYGO,TYGO,,TRUE,Unknown,Unknown,GSE580_theta_data.csv,2026-05-08,0.80,parent relationships not resolved in v0; company_name missing; used ticker fallback; country unknown
ENT004322,TYL,TYL,TYL,,TRUE,United States,North America,GSE580_theta_data.csv,2026-05-08,0.80,parent relationships not resolved in v0; company_name missing; used ticker fallback
ENT004323,U,U,U,,TRUE,Unknown,Unknown,GSE580_theta_data.csv,2026-05-08,0.80,parent relationships not resolved in v0; company_name missing; used ticker fallback; country unknown
ENT004324,UAA,UAA,UAA,,TRUE,Unknown,Unknown,GSE580_theta_data.csv,2026-05-08,0.80,parent relationships not resolved in v0; company_name missing; used ticker fallback; country unknown
ENT004325,UAL,UAL,UAL,,TRUE,Unknown,Unknown,GSE580_theta_data.csv,2026-05-08,0.80,parent relationships not resolved in v0; company_name missing; used ticker fallback; country unknown
ENT004326,UAMY,UAMY,UAMY,,TRUE,Unknown,Unknown,GSE580_theta_data.csv,2026-05-08,0.80,parent relationships not resolved in v0; company_name missing; used ticker fallback; country unknown
ENT004327,UAN,UAN,UAN,,TRUE,Unknown,Unknown,GSE580_theta_data.csv,2026-05-08,0.80,parent relationships not resolved in v0; company_name missing; used ticker fallback; country unknown
ENT004328,UBER,UBER,UBER,,TRUE,Unknown,Unknown,GSE580_theta_data.csv,2026-05-08,0.80,parent relationships not resolved in v0; company_name missing; used ticker fallback; country unknown
ENT004329,UCTT,UCTT,UCTT,,TRUE,Unknown,Unknown,GSE580_theta_data.csv,2026-05-08,0.80,parent relationships not resolved in v0; company_name missing; used ticker fallback; country unknown
ENT004330,UDMY,UDMY,UDMY,,TRUE,Unknown,Unknown,GSE580_theta_data.csv,2026-05-08,0.80,parent relationships not resolved in v0; company_name missing; used ticker fallback; country unknown
ENT004331,UDR,UDR,UDR,,TRUE,Unknown,Unknown,GSE580_theta_data.csv,2026-05-08,0.80,parent relationships not resolved in v0; company_name missing; used ticker fallback; country unknown
ENT004332,UE,UE,UE,,TRUE,United States,North America,GSE580_theta_data.csv,2026-05-08,0.80,parent relationships not resolved in v0; company_name missing; used ticker fallback
ENT004333,UEC,UEC,UEC,,TRUE,United States,North America,GSE580_theta_data.csv,2026-05-08,0.80,parent relationships not resolved in v0; company_name missing; used ticker fallback
ENT004334,UFCS,UFCS,UFCS,,TRUE,United States,North America,GSE580_theta_data.csv,2026-05-08,0.80,parent relationships not resolved in v0; company_name missing; used ticker fallback
ENT004335,UFPI,UFPI,UFPI,,TRUE,Unknown,Unknown,GSE580_theta_data.csv,2026-05-08,0.80,parent relationships not resolved in v0; company_name missing; used ticker fallback; country unknown
ENT004336,UFPT,UFPT,UFPT,,TRUE,Unknown,Unknown,GSE580_theta_data.csv,2026-05-08,0.80,parent relationships not resolved in v0; company_name missing; used ticker fallback; country unknown
ENT004337,UGI,UGI,UGI,,TRUE,Unknown,Unknown,GSE580_theta_data.csv,2026-05-08,0.80,parent relationships not resolved in v0; company_name missing; used ticker fallback; country unknown
ENT004338,UGP,UGP,UGP,,TRUE,Unknown,Unknown,GSE580_theta_data.csv,2026-05-08,0.80,parent relationships not resolved in v0; company_name missing; used ticker fallback; country unknown
ENT004339,UHAL,UHAL,UHAL,,TRUE,Unknown,Unknown,GSE580_theta_data.csv,2026-05-08,0.80,parent relationships not resolved in v0; company_name missing; used ticker fallback; country unknown
ENT004340,UHS,UHS,UHS,,TRUE,Unknown,Unknown,GSE580_theta_data.csv,2026-05-08,0.80,parent relationships not resolved in v0; company_name missing; used ticker fallback; country unknown
ENT004341,UHT,UHT,UHT,,TRUE,Unknown,Unknown,GSE580_theta_data.csv,2026-05-08,0.80,parent relationships not resolved in v0; company_name missing; used ticker fallback; country unknown
ENT004342,UI,UI,UI,,TRUE,Unknown,Unknown,GSE580_theta_data.csv,2026-05-08,0.80,parent relationships not resolved in v0; company_name missing; used ticker fallback; country unknown
ENT004343,UIS,UIS,UIS,,TRUE,Unknown,Unknown,GSE580_theta_data.csv,2026-05-08,0.80,parent relationships not resolved in v0; company_name missing; used ticker fallback; country unknown
ENT004344,UL,UL,UL,,TRUE,Unknown,Unknown,GSE580_theta_data.csv,2026-05-08,0.80,parent relationships not resolved in v0; company_name missing; used ticker fallback; country unknown
ENT004345,ULCC,ULCC,ULCC,,TRUE,Unknown,Unknown,GSE580_theta_data.csv,2026-05-08,0.80,parent relationships not resolved in v0; company_name missing; used ticker fallback; country unknown
ENT004346,ULH,ULH,ULH,,TRUE,Unknown,Unknown,GSE580_theta_data.csv,2026-05-08,0.80,parent relationships not resolved in v0; company_name missing; used ticker fallback; country unknown
ENT004347,ULS,ULS,ULS,,TRUE,Unknown,Unknown,GSE580_theta_data.csv,2026-05-08,0.80,parent relationships not resolved in v0; company_name missing; used ticker fallback; country unknown
ENT004348,ULTA,ULTA,ULTA,,TRUE,Unknown,Unknown,GSE580_theta_data.csv,2026-05-08,0.80,parent relationships not resolved in v0; company_name missing; used ticker fallback; country unknown
ENT004349,UMAC,UMAC,UMAC,,TRUE,Unknown,Unknown,GSE580_theta_data.csv,2026-05-08,0.80,parent relationships not resolved in v0; company_name missing; used ticker fallback; country unknown
ENT004350,UMBF,UMBF,UMBF,,TRUE,Unknown,Unknown,GSE580_theta_data.csv,2026-05-08,0.80,parent relationships not resolved in v0; company_name missing; used ticker fallback; country unknown
ENT004351,UMC,UMC,UMC,,TRUE,Unknown,Unknown,GSE580_theta_data.csv,2026-05-08,0.80,parent relationships not resolved in v0; company_name missing; used ticker fallback; country unknown
ENT004352,UMH,UMH,UMH,,TRUE,Unknown,Unknown,GSE580_theta_data.csv,2026-05-08,0.80,parent relationships not resolved in v0; company_name missing; used ticker fallback; country unknown
ENT004353,UNF,UNF,UNF,,TRUE,United States,North America,GSE580_theta_data.csv,2026-05-08,0.80,parent relationships not resolved in v0; company_name missing; used ticker fallback
ENT004354,UNFI,UNFI,UNFI,,TRUE,United States,North America,GSE580_theta_data.csv,2026-05-08,0.80,parent relationships not resolved in v0; company_name missing; used ticker fallback
ENT004355,UNH,UNH,UNH,,TRUE,Unknown,Unknown,GSE580_theta_data.csv,2026-05-08,0.80,parent relationships not resolved in v0; company_name missing; used ticker fallback; country unknown
ENT004356,UNIT,UNIT,UNIT,,TRUE,Unknown,Unknown,GSE580_theta_data.csv,2026-05-08,0.80,parent relationships not resolved in v0; company_name missing; used ticker fallback; country unknown
ENT004357,UNM,UNM,UNM,,TRUE,Unknown,Unknown,GSE580_theta_data.csv,2026-05-08,0.80,parent relationships not resolved in v0; company_name missing; used ticker fallback; country unknown
ENT004358,UNP,UNP,UNP,,TRUE,Unknown,Unknown,GSE580_theta_data.csv,2026-05-08,0.80,parent relationships not resolved in v0; company_name missing; used ticker fallback; country unknown
ENT004359,UNTC,UNTC,UNTC,,TRUE,Unknown,Unknown,GSE580_theta_data.csv,2026-05-08,0.80,parent relationships not resolved in v0; company_name missing; used ticker fallback; country unknown
ENT004360,UP,UP,UP,,TRUE,Unknown,Unknown,GSE580_theta_data.csv,2026-05-08,0.80,parent relationships not resolved in v0; company_name missing; used ticker fallback; country unknown
ENT004361,UPBD,UPBD,UPBD,,TRUE,Unknown,Unknown,GSE580_theta_data.csv,2026-05-08,0.80,parent relationships not resolved in v0; company_name missing; used ticker fallback; country unknown
ENT004362,UPS,UPS,UPS,,TRUE,Unknown,Unknown,GSE580_theta_data.csv,2026-05-08,0.80,parent relationships not resolved in v0; company_name missing; used ticker fallback; country unknown
ENT004363,UPST,UPST,UPST,,TRUE,Unknown,Unknown,GSE580_theta_data.csv,2026-05-08,0.80,parent relationships not resolved in v0; company_name missing; used ticker fallback; country unknown
ENT004364,UPWK,UPWK,UPWK,,TRUE,United States,North America,GSE580_theta_data.csv,2026-05-08,0.80,parent relationships not resolved in v0; company_name missing; used ticker fallback
ENT004365,UPXI,UPXI,UPXI,,TRUE,Unknown,Unknown,GSE580_theta_data.csv,2026-05-08,0.80,parent relationships not resolved in v0; company_name missing; used ticker fallback; country unknown
ENT004366,URBN,URBN,URBN,,TRUE,Unknown,Unknown,GSE580_theta_data.csv,2026-05-08,0.80,parent relationships not resolved in v0; company_name missing; used ticker fallback; country unknown
ENT004367,URI,URI,URI,,TRUE,Unknown,Unknown,GSE580_theta_data.csv,2026-05-08,0.80,parent relationships not resolved in v0; company_name missing; used ticker fallback; country unknown
ENT004368,USAC,USAC,USAC,,TRUE,Unknown,Unknown,GSE580_theta_data.csv,2026-05-08,0.80,parent relationships not resolved in v0; company_name missing; used ticker fallback; country unknown
ENT004369,USAR,USAR,USAR,,TRUE,Unknown,Unknown,GSE580_theta_data.csv,2026-05-08,0.80,parent relationships not resolved in v0; company_name missing; used ticker fallback; country unknown
ENT004370,USAU,USAU,USAU,,TRUE,Unknown,Unknown,GSE580_theta_data.csv,2026-05-08,0.80,parent relationships not resolved in v0; company_name missing; used ticker fallback; country unknown
ENT004371,USB,USB,USB,,TRUE,Unknown,Unknown,GSE580_theta_data.csv,2026-05-08,0.80,parent relationships not resolved in v0; company_name missing; used ticker fallback; country unknown
ENT004372,USBC,USBC,USBC,,TRUE,Unknown,Unknown,GSE580_theta_data.csv,2026-05-08,0.80,parent relationships not resolved in v0; company_name missing; used ticker fallback; country unknown
ENT004373,USFD,USFD,USFD,,TRUE,Unknown,Unknown,GSE580_theta_data.csv,2026-05-08,0.80,parent relationships not resolved in v0; company_name missing; used ticker fallback; country unknown
ENT004374,USLM,USLM,USLM,,TRUE,Unknown,Unknown,GSE580_theta_data.csv,2026-05-08,0.80,parent relationships not resolved in v0; company_name missing; used ticker fallback; country unknown
ENT004375,USNA,USNA,USNA,,TRUE,Unknown,Unknown,GSE580_theta_data.csv,2026-05-08,0.80,parent relationships not resolved in v0; company_name missing; used ticker fallback; country unknown
ENT004376,USPH,USPH,USPH,,TRUE,Unknown,Unknown,GSE580_theta_data.csv,2026-05-08,0.80,parent relationships not resolved in v0; company_name missing; used ticker fallback; country unknown
ENT004377,UTGN,UTGN,UTGN,,TRUE,Unknown,Unknown,GSE580_theta_data.csv,2026-05-08,0.80,parent relationships not resolved in v0; company_name missing; used ticker fallback; country unknown
ENT004378,UTI,UTI,UTI,,TRUE,Unknown,Unknown,GSE580_theta_data.csv,2026-05-08,0.80,parent relationships not resolved in v0; company_name missing; used ticker fallback; country unknown
ENT004379,UTL,UTL,UTL,,TRUE,Unknown,Unknown,GSE580_theta_data.csv,2026-05-08,0.80,parent relationships not resolved in v0; company_name missing; used ticker fallback; country unknown
ENT004380,UTMD,UTMD,UTMD,,TRUE,Unknown,Unknown,GSE580_theta_data.csv,2026-05-08,0.80,parent relationships not resolved in v0; company_name missing; used ticker fallback; country unknown
ENT004381,UTZ,UTZ,UTZ,,TRUE,Unknown,Unknown,GSE580_theta_data.csv,2026-05-08,0.80,parent relationships not resolved in v0; company_name missing; used ticker fallback; country unknown
ENT004382,UVE,UVE,UVE,,TRUE,Unknown,Unknown,GSE580_theta_data.csv,2026-05-08,0.80,parent relationships not resolved in v0; company_name missing; used ticker fallback; country unknown
ENT004383,UVV,UVV,UVV,,TRUE,Unknown,Unknown,GSE580_theta_data.csv,2026-05-08,0.80,parent relationships not resolved in v0; company_name missing; used ticker fallback; country unknown
ENT004384,UWMC,UWMC,UWMC,,TRUE,Unknown,Unknown,GSE580_theta_data.csv,2026-05-08,0.80,parent relationships not resolved in v0; company_name missing; used ticker fallback; country unknown
ENT004385,UXIN,UXIN,UXIN,,TRUE,Unknown,Unknown,GSE580_theta_data.csv,2026-05-08,0.80,parent relationships not resolved in v0; company_name missing; used ticker fallback; country unknown
ENT004386,V,V,V,,TRUE,Unknown,Unknown,GSE580_theta_data.csv,2026-05-08,0.80,parent relationships not resolved in v0; company_name missing; used ticker fallback; country unknown
ENT004387,VAC,VAC,VAC,,TRUE,Unknown,Unknown,GSE580_theta_data.csv,2026-05-08,0.80,parent relationships not resolved in v0; company_name missing; used ticker fallback; country unknown
ENT004388,VAL,VAL,VAL,,TRUE,Unknown,Unknown,GSE580_theta_data.csv,2026-05-08,0.80,parent relationships not resolved in v0; company_name missing; used ticker fallback; country unknown
ENT004389,VALU,VALU,VALU,,TRUE,Unknown,Unknown,GSE580_theta_data.csv,2026-05-08,0.80,parent relationships not resolved in v0; company_name missing; used ticker fallback; country unknown
ENT004390,VBNK,VBNK,VBNK,,TRUE,Unknown,Unknown,GSE580_theta_data.csv,2026-05-08,0.80,parent relationships not resolved in v0; company_name missing; used ticker fallback; country unknown
ENT004391,VC,VC,VC,,TRUE,Unknown,Unknown,GSE580_theta_data.csv,2026-05-08,0.80,parent relationships not resolved in v0; company_name missing; used ticker fallback; country unknown
ENT004392,VCIC,VCIC,VCIC,,TRUE,Unknown,Unknown,GSE580_theta_data.csv,2026-05-08,0.80,parent relationships not resolved in v0; company_name missing; used ticker fallback; country unknown
ENT004393,VCTR,VCTR,VCTR,,TRUE,Unknown,Unknown,GSE580_theta_data.csv,2026-05-08,0.80,parent relationships not resolved in v0; company_name missing; used ticker fallback; country unknown
ENT004394,VECO,VECO,VE,,TRUE,Unknown,Unknown,GSE580_theta_data.csv,2026-05-08,0.80,parent relationships not resolved in v0; company_name missing; used ticker fallback; country unknown
ENT004395,VEEV,VEEV,VEEV,,TRUE,Unknown,Unknown,GSE580_theta_data.csv,2026-05-08,0.80,parent relationships not resolved in v0; company_name missing; used ticker fallback; country unknown
ENT004396,VEL,VEL,VEL,,TRUE,Unknown,Unknown,GSE580_theta_data.csv,2026-05-08,0.80,parent relationships not resolved in v0; company_name missing; used ticker fallback; country unknown
ENT004397,VELO,VELO,VELO,,TRUE,Unknown,Unknown,GSE580_theta_data.csv,2026-05-08,0.80,parent relationships not resolved in v0; company_name missing; used ticker fallback; country unknown
ENT004398,VENU,VENU,VENU,,TRUE,Unknown,Unknown,GSE580_theta_data.csv,2026-05-08,0.80,parent relationships not resolved in v0; company_name missing; used ticker fallback; country unknown
ENT004399,VEON,VEON,VEON,,TRUE,Unknown,Unknown,GSE580_theta_data.csv,2026-05-08,0.80,parent relationships not resolved in v0; company_name missing; used ticker fallback; country unknown
ENT004400,VERI,VERI,VERI,,TRUE,United States,North America,GSE580_theta_data.csv,2026-05-08,0.80,parent relationships not resolved in v0; company_name missing; used ticker fallback
ENT004401,VERX,VERX,VERX,,TRUE,United States,North America,GSE580_theta_data.csv,2026-05-08,0.80,parent relationships not resolved in v0; company_name missing; used ticker fallback
ENT004402,VFC,VFC,VFC,,TRUE,Unknown,Unknown,GSE580_theta_data.csv,2026-05-08,0.80,parent relationships not resolved in v0; company_name missing; used ticker fallback; country unknown
ENT004403,VFF,VFF,VFF,,TRUE,Unknown,Unknown,GSE580_theta_data.csv,2026-05-08,0.80,parent relationships not resolved in v0; company_name missing; used ticker fallback; country unknown
ENT004404,VFS,VFS,VFS,,TRUE,Unknown,Unknown,GSE580_theta_data.csv,2026-05-08,0.80,parent relationships not resolved in v0; company_name missing; used ticker fallback; country unknown
ENT004405,VGZ,VGZ,VGZ,,TRUE,Unknown,Unknown,GSE580_theta_data.csv,2026-05-08,0.80,parent relationships not resolved in v0; company_name missing; used ticker fallback; country unknown
ENT004406,VHI,VHI,VHI,,TRUE,Unknown,Unknown,GSE580_theta_data.csv,2026-05-08,0.80,parent relationships not resolved in v0; company_name missing; used ticker fallback; country unknown
ENT004407,VIA,VIA,VIA,,TRUE,Unknown,Unknown,GSE580_theta_data.csv,2026-05-08,0.80,parent relationships not resolved in v0; company_name missing; used ticker fallback; country unknown
ENT004408,VIAV,VIAV,VIAV,,TRUE,Unknown,Unknown,GSE580_theta_data.csv,2026-05-08,0.80,parent relationships not resolved in v0; company_name missing; used ticker fallback; country unknown
ENT004409,VICI,VICI,VICI,,TRUE,Unknown,Unknown,GSE580_theta_data.csv,2026-05-08,0.80,parent relationships not resolved in v0; company_name missing; used ticker fallback; country unknown
ENT004410,VICR,VICR,VICR,,TRUE,Unknown,Unknown,GSE580_theta_data.csv,2026-05-08,0.80,parent relationships not resolved in v0; company_name missing; used ticker fallback; country unknown
ENT004411,VIK,VIK,VIK,,TRUE,Unknown,Unknown,GSE580_theta_data.csv,2026-05-08,0.80,parent relationships not resolved in v0; company_name missing; used ticker fallback; country unknown
ENT004412,VINP,VINP,VINP,,TRUE,Unknown,Unknown,GSE580_theta_data.csv,2026-05-08,0.80,parent relationships not resolved in v0; company_name missing; used ticker fallback; country unknown
ENT004413,VIOT,VIOT,VIOT,,TRUE,Unknown,Unknown,GSE580_theta_data.csv,2026-05-08,0.80,parent relationships not resolved in v0; company_name missing; used ticker fallback; country unknown
ENT004414,VIPS,VIPS,VIPS,,TRUE,Unknown,Unknown,GSE580_theta_data.csv,2026-05-08,0.80,parent relationships not resolved in v0; company_name missing; used ticker fallback; country unknown
ENT004415,VIRC,VIRC,VIRC,,TRUE,Unknown,Unknown,GSE580_theta_data.csv,2026-05-08,0.80,parent relationships not resolved in v0; company_name missing; used ticker fallback; country unknown
ENT004416,VIRT,VIRT,VIRT,,TRUE,Unknown,Unknown,GSE580_theta_data.csv,2026-05-08,0.80,parent relationships not resolved in v0; company_name missing; used ticker fallback; country unknown
ENT004417,VITL,VITL,VITL,,TRUE,Unknown,Unknown,GSE580_theta_data.csv,2026-05-08,0.80,parent relationships not resolved in v0; company_name missing; used ticker fallback; country unknown
ENT004418,VIV,VIV,VIV,,TRUE,Unknown,Unknown,GSE580_theta_data.csv,2026-05-08,0.80,parent relationships not resolved in v0; company_name missing; used ticker fallback; country unknown
ENT004419,VKSC,VKSC,VKSC,,TRUE,Unknown,Unknown,GSE580_theta_data.csv,2026-05-08,0.80,parent relationships not resolved in v0; company_name missing; used ticker fallback; country unknown
ENT004420,VLGE.A,VLGE.A,VLGE.A,,TRUE,Unknown,Unknown,GSE580_theta_data.csv,2026-05-08,0.80,parent relationships not resolved in v0; company_name missing; used ticker fallback; country unknown
ENT004421,VLN,VLN,VLN,,TRUE,Unknown,Unknown,GSE580_theta_data.csv,2026-05-08,0.80,parent relationships not resolved in v0; company_name missing; used ticker fallback; country unknown
ENT004422,VLO,VLO,VLO,,TRUE,Unknown,Unknown,GSE580_theta_data.csv,2026-05-08,0.80,parent relationships not resolved in v0; company_name missing; used ticker fallback; country unknown
ENT004423,VLRS,VLRS,VLRS,,TRUE,Unknown,Unknown,GSE580_theta_data.csv,2026-05-08,0.80,parent relationships not resolved in v0; company_name missing; used ticker fallback; country unknown
ENT004424,VLTO,VLTO,VLTO,,TRUE,Unknown,Unknown,GSE580_theta_data.csv,2026-05-08,0.80,parent relationships not resolved in v0; company_name missing; used ticker fallback; country unknown
ENT004425,VLY,VLY,VLY,,TRUE,Unknown,Unknown,GSE580_theta_data.csv,2026-05-08,0.80,parent relationships not resolved in v0; company_name missing; used ticker fallback; country unknown
ENT004426,VMC,VMC,VMC,,TRUE,Unknown,Unknown,GSE580_theta_data.csv,2026-05-08,0.80,parent relationships not resolved in v0; company_name missing; used ticker fallback; country unknown
ENT004427,VMD,VMD,VMD,,TRUE,Unknown,Unknown,GSE580_theta_data.csv,2026-05-08,0.80,parent relationships not resolved in v0; company_name missing; used ticker fallback; country unknown
ENT004428,VMEO,VMEO,VMEO,,TRUE,Unknown,Unknown,GSE580_theta_data.csv,2026-05-08,0.80,parent relationships not resolved in v0; company_name missing; used ticker fallback; country unknown
ENT004429,VMI,VMI,VMI,,TRUE,Unknown,Unknown,GSE580_theta_data.csv,2026-05-08,0.80,parent relationships not resolved in v0; company_name missing; used ticker fallback; country unknown
ENT004430,VNET,VNET,VNET,,TRUE,Unknown,Unknown,GSE580_theta_data.csv,2026-05-08,0.80,parent relationships not resolved in v0; company_name missing; used ticker fallback; country unknown
ENT004431,VNO,VNO,VNO,,TRUE,Unknown,Unknown,GSE580_theta_data.csv,2026-05-08,0.80,parent relationships not resolved in v0; company_name missing; used ticker fallback; country unknown
ENT004432,VNT,VNT,VNT,,TRUE,Unknown,Unknown,GSE580_theta_data.csv,2026-05-08,0.80,parent relationships not resolved in v0; company_name missing; used ticker fallback; country unknown
ENT004433,VOD,VOD,VOD,,TRUE,Unknown,Unknown,GSE580_theta_data.csv,2026-05-08,0.80,parent relationships not resolved in v0; company_name missing; used ticker fallback; country unknown
ENT004434,VOYA,VOYA,VOYA,,TRUE,Unknown,Unknown,GSE580_theta_data.csv,2026-05-08,0.80,parent relationships not resolved in v0; company_name missing; used ticker fallback; country unknown
ENT004435,VOYG,VOYG,VOYG,,TRUE,United States,North America,GSE580_theta_data.csv,2026-05-08,0.80,parent relationships not resolved in v0; company_name missing; used ticker fallback
ENT004436,VPG,VPG,VPG,,TRUE,Unknown,Unknown,GSE580_theta_data.csv,2026-05-08,0.80,parent relationships not resolved in v0; company_name missing; used ticker fallback; country unknown
ENT004437,VRDR,VRDR,VRDR,,TRUE,Unknown,Unknown,GSE580_theta_data.csv,2026-05-08,0.80,parent relationships not resolved in v0; company_name missing; used ticker fallback; country unknown
ENT004438,VRE,VRE,VRE,,TRUE,Unknown,Unknown,GSE580_theta_data.csv,2026-05-08,0.80,parent relationships not resolved in v0; company_name missing; used ticker fallback; country unknown
ENT004439,VREX,VREX,VREX,,TRUE,Unknown,Unknown,GSE580_theta_data.csv,2026-05-08,0.80,parent relationships not resolved in v0; company_name missing; used ticker fallback; country unknown
ENT004440,VRM,VRM,VRM,,TRUE,Unknown,Unknown,GSE580_theta_data.csv,2026-05-08,0.80,parent relationships not resolved in v0; company_name missing; used ticker fallback; country unknown
ENT004441,VRNS,VRNS,VRNS,,TRUE,Unknown,Unknown,GSE580_theta_data.csv,2026-05-08,0.80,parent relationships not resolved in v0; company_name missing; used ticker fallback; country unknown
ENT004442,VRNT,VRNT,VRNT,,TRUE,Unknown,Unknown,GSE580_theta_data.csv,2026-05-08,0.80,parent relationships not resolved in v0; company_name missing; used ticker fallback; country unknown
ENT004443,VRRM,VRRM,VRRM,,TRUE,Unknown,Unknown,GSE580_theta_data.csv,2026-05-08,0.80,parent relationships not resolved in v0; company_name missing; used ticker fallback; country unknown
ENT004444,VRSK,VRSK,VRSK,,TRUE,United States,North America,GSE580_theta_data.csv,2026-05-08,0.80,parent relationships not resolved in v0; company_name missing; used ticker fallback
ENT004445,VRSN,VRSN,VRSN,,TRUE,Unknown,Unknown,GSE580_theta_data.csv,2026-05-08,0.80,parent relationships not resolved in v0; company_name missing; used ticker fallback; country unknown
ENT004446,VRT,VRT,VRT,,TRUE,Unknown,Unknown,GSE580_theta_data.csv,2026-05-08,0.80,parent relationships not resolved in v0; company_name missing; used ticker fallback; country unknown
ENT004447,VRTS,VRTS,VRTS,,TRUE,Unknown,Unknown,GSE580_theta_data.csv,2026-05-08,0.80,parent relationships not resolved in v0; company_name missing; used ticker fallback; country unknown
ENT004448,VSAT,VSAT,VSAT,,TRUE,Unknown,Unknown,GSE580_theta_data.csv,2026-05-08,0.80,parent relationships not resolved in v0; company_name missing; used ticker fallback; country unknown
ENT004449,VSCO,VSCO,VS,,TRUE,Unknown,Unknown,GSE580_theta_data.csv,2026-05-08,0.80,parent relationships not resolved in v0; company_name missing; used ticker fallback; country unknown
ENT004450,VSEC,VSEC,VSEC,,TRUE,Unknown,Unknown,GSE580_theta_data.csv,2026-05-08,0.80,parent relationships not resolved in v0; company_name missing; used ticker fallback; country unknown
ENT004451,VSH,VSH,VSH,,TRUE,Unknown,Unknown,GSE580_theta_data.csv,2026-05-08,0.80,parent relationships not resolved in v0; company_name missing; used ticker fallback; country unknown
ENT004452,VST,VST,VST,,TRUE,Unknown,Unknown,GSE580_theta_data.csv,2026-05-08,0.80,parent relationships not resolved in v0; company_name missing; used ticker fallback; country unknown
ENT004453,VSTA,VSTA,VSTA,,TRUE,Unknown,Unknown,GSE580_theta_data.csv,2026-05-08,0.80,parent relationships not resolved in v0; company_name missing; used ticker fallback; country unknown
ENT004454,VSTS,VSTS,VSTS,,TRUE,Unknown,Unknown,GSE580_theta_data.csv,2026-05-08,0.80,parent relationships not resolved in v0; company_name missing; used ticker fallback; country unknown
ENT004455,VTEX,VTEX,VTEX,,TRUE,Unknown,Unknown,GSE580_theta_data.csv,2026-05-08,0.80,parent relationships not resolved in v0; company_name missing; used ticker fallback; country unknown
ENT004456,VTMX,VTMX,VTMX,,TRUE,Unknown,Unknown,GSE580_theta_data.csv,2026-05-08,0.80,parent relationships not resolved in v0; company_name missing; used ticker fallback; country unknown
ENT004457,VTOL,VTOL,VTOL,,TRUE,Unknown,Unknown,GSE580_theta_data.csv,2026-05-08,0.80,parent relationships not resolved in v0; company_name missing; used ticker fallback; country unknown
ENT004458,VTR,VTR,VTR,,TRUE,Unknown,Unknown,GSE580_theta_data.csv,2026-05-08,0.80,parent relationships not resolved in v0; company_name missing; used ticker fallback; country unknown
ENT004459,VTRS,VTRS,VTRS,,TRUE,Unknown,Unknown,GSE580_theta_data.csv,2026-05-08,0.80,parent relationships not resolved in v0; company_name missing; used ticker fallback; country unknown
ENT004460,VUZI,VUZI,VUZI,,TRUE,Unknown,Unknown,GSE580_theta_data.csv,2026-05-08,0.80,parent relationships not resolved in v0; company_name missing; used ticker fallback; country unknown
ENT004461,VVV,VVV,VVV,,TRUE,Unknown,Unknown,GSE580_theta_data.csv,2026-05-08,0.80,parent relationships not resolved in v0; company_name missing; used ticker fallback; country unknown
ENT004462,VVX,VVX,VVX,,TRUE,Unknown,Unknown,GSE580_theta_data.csv,2026-05-08,0.80,parent relationships not resolved in v0; company_name missing; used ticker fallback; country unknown
ENT004463,VWAV,VWAV,VWAV,,TRUE,Unknown,Unknown,GSE580_theta_data.csv,2026-05-08,0.80,parent relationships not resolved in v0; company_name missing; used ticker fallback; country unknown
ENT004464,VYX,VYX,VYX,,TRUE,Unknown,Unknown,GSE580_theta_data.csv,2026-05-08,0.80,parent relationships not resolved in v0; company_name missing; used ticker fallback; country unknown
ENT004465,VZ,VZ,VZ,,TRUE,Unknown,Unknown,GSE580_theta_data.csv,2026-05-08,0.80,parent relationships not resolved in v0; company_name missing; used ticker fallback; country unknown
ENT004466,W,W,W,,TRUE,Unknown,Unknown,GSE580_theta_data.csv,2026-05-08,0.80,parent relationships not resolved in v0; company_name missing; used ticker fallback; country unknown
ENT004467,WAB,WAB,WAB,,TRUE,Unknown,Unknown,GSE580_theta_data.csv,2026-05-08,0.80,parent relationships not resolved in v0; company_name missing; used ticker fallback; country unknown
ENT004468,WAFD,WAFD,WAFD,,TRUE,Unknown,Unknown,GSE580_theta_data.csv,2026-05-08,0.80,parent relationships not resolved in v0; company_name missing; used ticker fallback; country unknown
ENT004469,WALD,WALD,WALD,,TRUE,Unknown,Unknown,GSE580_theta_data.csv,2026-05-08,0.80,parent relationships not resolved in v0; company_name missing; used ticker fallback; country unknown
ENT004470,WAT,WAT,WAT,,TRUE,Unknown,Unknown,GSE580_theta_data.csv,2026-05-08,0.80,parent relationships not resolved in v0; company_name missing; used ticker fallback; country unknown
ENT004471,WAY,WAY,WAY,,TRUE,Unknown,Unknown,GSE580_theta_data.csv,2026-05-08,0.80,parent relationships not resolved in v0; company_name missing; used ticker fallback; country unknown
ENT004472,WB,WB,WB,,TRUE,Unknown,Unknown,GSE580_theta_data.csv,2026-05-08,0.80,parent relationships not resolved in v0; company_name missing; used ticker fallback; country unknown
ENT004473,WBAG:AMS2,WBAG:AMS2,WBAG:AMS2,,TRUE,Unknown,Unknown,GSE580_theta_data.csv,2026-05-08,0.80,parent relationships not resolved in v0; company_name missing; used ticker fallback; country unknown
ENT004474,WBAG:ANDR,WBAG:ANDR,WBAG:ANDR,,TRUE,Unknown,Unknown,GSE580_theta_data.csv,2026-05-08,0.80,parent relationships not resolved in v0; company_name missing; used ticker fallback; country unknown
ENT004475,WBAG:MMK,WBAG:MMK,WBAG:MMK,,TRUE,Unknown,Unknown,GSE580_theta_data.csv,2026-05-08,0.80,parent relationships not resolved in v0; company_name missing; used ticker fallback; country unknown
ENT004476,WBAG:PAL,WBAG:PAL,WBAG:PAL,,TRUE,Unknown,Unknown,GSE580_theta_data.csv,2026-05-08,0.80,parent relationships not resolved in v0; company_name missing; used ticker fallback; country unknown
ENT004477,WBAG:RHIM,WBAG:RHIM,WBAG:RHIM,,TRUE,Unknown,Unknown,GSE580_theta_data.csv,2026-05-08,0.80,parent relationships not resolved in v0; company_name missing; used ticker fallback; country unknown
ENT004478,WBAG:ROS,WBAG:ROS,WBAG:ROS,,TRUE,Unknown,Unknown,GSE580_theta_data.csv,2026-05-08,0.80,parent relationships not resolved in v0; company_name missing; used ticker fallback; country unknown
ENT004479,WBAG:SBO,WBAG:SBO,WBAG:SBO,,TRUE,Unknown,Unknown,GSE580_theta_data.csv,2026-05-08,0.80,parent relationships not resolved in v0; company_name missing; used ticker fallback; country unknown
ENT004480,WBAG:STR,WBAG:STR,WBAG:STR,,TRUE,Unknown,Unknown,GSE580_theta_data.csv,2026-05-08,0.80,parent relationships not resolved in v0; company_name missing; used ticker fallback; country unknown
ENT004481,WBD,WBD,WBD,,TRUE,Unknown,Unknown,GSE580_theta_data.csv,2026-05-08,0.80,parent relationships not resolved in v0; company_name missing; used ticker fallback; country unknown
ENT004482,WBI,WBI,WBI,,TRUE,Unknown,Unknown,GSE580_theta_data.csv,2026-05-08,0.80,parent relationships not resolved in v0; company_name missing; used ticker fallback; country unknown
ENT004483,WBS,WBS,WBS,,TRUE,Unknown,Unknown,GSE580_theta_data.csv,2026-05-08,0.80,parent relationships not resolved in v0; company_name missing; used ticker fallback; country unknown
ENT004484,WBTN,WBTN,WBTN,,TRUE,Unknown,Unknown,GSE580_theta_data.csv,2026-05-08,0.80,parent relationships not resolved in v0; company_name missing; used ticker fallback; country unknown
ENT004485,WCC,WCC,WCC,,TRUE,Unknown,Unknown,GSE580_theta_data.csv,2026-05-08,0.80,parent relationships not resolved in v0; company_name missing; used ticker fallback; country unknown
ENT004486,WCN,WCN,WCN,,TRUE,Unknown,Unknown,GSE580_theta_data.csv,2026-05-08,0.80,parent relationships not resolved in v0; company_name missing; used ticker fallback; country unknown
ENT004487,WD,WD,WD,,TRUE,United States,North America,GSE580_theta_data.csv,2026-05-08,0.80,parent relationships not resolved in v0; company_name missing; used ticker fallback
ENT004488,WDAY,WDAY,WDAY,,TRUE,Unknown,Unknown,GSE580_theta_data.csv,2026-05-08,0.80,parent relationships not resolved in v0; company_name missing; used ticker fallback; country unknown
ENT004489,WDC,WDC,WDC,,TRUE,Unknown,Unknown,GSE580_theta_data.csv,2026-05-08,0.80,parent relationships not resolved in v0; company_name missing; used ticker fallback; country unknown
ENT004490,WDFC,WDFC,WDFC,,TRUE,United States,North America,GSE580_theta_data.csv,2026-05-08,0.80,parent relationships not resolved in v0; company_name missing; used ticker fallback
ENT004491,WDH,WDH,WDH,,TRUE,Unknown,Unknown,GSE580_theta_data.csv,2026-05-08,0.80,parent relationships not resolved in v0; company_name missing; used ticker fallback; country unknown
ENT004492,WEAV,WEAV,WEAV,,TRUE,Unknown,Unknown,GSE580_theta_data.csv,2026-05-08,0.80,parent relationships not resolved in v0; company_name missing; used ticker fallback; country unknown
ENT004493,WEC,WEC,WEC,,TRUE,Unknown,Unknown,GSE580_theta_data.csv,2026-05-08,0.80,parent relationships not resolved in v0; company_name missing; used ticker fallback; country unknown
ENT004494,WELL,WELL,WELL,,TRUE,Unknown,Unknown,GSE580_theta_data.csv,2026-05-08,0.80,parent relationships not resolved in v0; company_name missing; used ticker fallback; country unknown
ENT004495,WEN,WEN,WEN,,TRUE,Unknown,Unknown,GSE580_theta_data.csv,2026-05-08,0.80,parent relationships not resolved in v0; company_name missing; used ticker fallback; country unknown
ENT004496,WERN,WERN,WERN,,TRUE,Unknown,Unknown,GSE580_theta_data.csv,2026-05-08,0.80,parent relationships not resolved in v0; company_name missing; used ticker fallback; country unknown
ENT004497,WES,WES,WES,,TRUE,Unknown,Unknown,GSE580_theta_data.csv,2026-05-08,0.80,parent relationships not resolved in v0; company_name missing; used ticker fallback; country unknown
ENT004498,WEST,WEST,WEST,,TRUE,United States,North America,GSE580_theta_data.csv,2026-05-08,0.80,parent relationships not resolved in v0; company_name missing; used ticker fallback
ENT004499,WEX,WEX,WEX,,TRUE,United States,North America,GSE580_theta_data.csv,2026-05-08,0.80,parent relationships not resolved in v0; company_name missing; used ticker fallback
ENT004500,WEYS,WEYS,WEYS,,TRUE,Unknown,Unknown,GSE580_theta_data.csv,2026-05-08,0.80,parent relationships not resolved in v0; company_name missing; used ticker fallback; country unknown
ENT004501,WF,WF,WF,,TRUE,Unknown,Unknown,GSE580_theta_data.csv,2026-05-08,0.80,parent relationships not resolved in v0; company_name missing; used ticker fallback; country unknown
ENT004502,WFC,WFC,WFC,,TRUE,United States,North America,GSE580_theta_data.csv,2026-05-08,0.80,parent relationships not resolved in v0; company_name missing; used ticker fallback
ENT004503,WFG,WFG,WFG,,TRUE,Unknown,Unknown,GSE580_theta_data.csv,2026-05-08,0.80,parent relationships not resolved in v0; company_name missing; used ticker fallback; country unknown
ENT004504,WFRD,WFRD,WFRD,,TRUE,Unknown,Unknown,GSE580_theta_data.csv,2026-05-08,0.80,parent relationships not resolved in v0; company_name missing; used ticker fallback; country unknown
ENT004505,WGO,WGO,WGO,,TRUE,Unknown,Unknown,GSE580_theta_data.csv,2026-05-08,0.80,parent relationships not resolved in v0; company_name missing; used ticker fallback; country unknown
ENT004506,WGS,WGS,WGS,,TRUE,Unknown,Unknown,GSE580_theta_data.csv,2026-05-08,0.80,parent relationships not resolved in v0; company_name missing; used ticker fallback; country unknown
ENT004507,WH,WH,WH,,TRUE,Unknown,Unknown,GSE580_theta_data.csv,2026-05-08,0.80,parent relationships not resolved in v0; company_name missing; used ticker fallback; country unknown
ENT004508,WHD,WHD,WHD,,TRUE,Unknown,Unknown,GSE580_theta_data.csv,2026-05-08,0.80,parent relationships not resolved in v0; company_name missing; used ticker fallback; country unknown
ENT004509,WHG,WHG,WHG,,TRUE,United States,North America,GSE580_theta_data.csv,2026-05-08,0.80,parent relationships not resolved in v0; company_name missing; used ticker fallback
ENT004510,WHR,WHR,WHR,,TRUE,Unknown,Unknown,GSE580_theta_data.csv,2026-05-08,0.80,parent relationships not resolved in v0; company_name missing; used ticker fallback; country unknown
ENT004511,WILC,WILC,WILC,,TRUE,Unknown,Unknown,GSE580_theta_data.csv,2026-05-08,0.80,parent relationships not resolved in v0; company_name missing; used ticker fallback; country unknown
ENT004512,WINA,WINA,WINA,,TRUE,Unknown,Unknown,GSE580_theta_data.csv,2026-05-08,0.80,parent relationships not resolved in v0; company_name missing; used ticker fallback; country unknown
ENT004513,WING,WING,WING,,TRUE,Unknown,Unknown,GSE580_theta_data.csv,2026-05-08,0.80,parent relationships not resolved in v0; company_name missing; used ticker fallback; country unknown
ENT004514,WIT,WIT,WIT,,TRUE,Unknown,Unknown,GSE580_theta_data.csv,2026-05-08,0.80,parent relationships not resolved in v0; company_name missing; used ticker fallback; country unknown
ENT004515,WIX,WIX,WIX,,TRUE,Unknown,Unknown,GSE580_theta_data.csv,2026-05-08,0.80,parent relationships not resolved in v0; company_name missing; used ticker fallback; country unknown
ENT004516,WK,WK,WK,,TRUE,Unknown,Unknown,GSE580_theta_data.csv,2026-05-08,0.80,parent relationships not resolved in v0; company_name missing; used ticker fallback; country unknown
ENT004517,WKC,WKC,WKC,,TRUE,Unknown,Unknown,GSE580_theta_data.csv,2026-05-08,0.80,parent relationships not resolved in v0; company_name missing; used ticker fallback; country unknown
ENT004518,WKEY,WKEY,WKEY,,TRUE,Unknown,Unknown,GSE580_theta_data.csv,2026-05-08,0.80,parent relationships not resolved in v0; company_name missing; used ticker fallback; country unknown
ENT004519,WLDN,WLDN,WLDN,,TRUE,Unknown,Unknown,GSE580_theta_data.csv,2026-05-08,0.80,parent relationships not resolved in v0; company_name missing; used ticker fallback; country unknown
ENT004520,WLFC,WLFC,WLFC,,TRUE,Unknown,Unknown,GSE580_theta_data.csv,2026-05-08,0.80,parent relationships not resolved in v0; company_name missing; used ticker fallback; country unknown
ENT004521,WLK,WLK,WLK,,TRUE,Unknown,Unknown,GSE580_theta_data.csv,2026-05-08,0.80,parent relationships not resolved in v0; company_name missing; used ticker fallback; country unknown
ENT004522,WLKP,WLKP,WLKP,,TRUE,Unknown,Unknown,GSE580_theta_data.csv,2026-05-08,0.80,parent relationships not resolved in v0; company_name missing; used ticker fallback; country unknown
ENT004523,WLY,WLY,WLY,,TRUE,Unknown,Unknown,GSE580_theta_data.csv,2026-05-08,0.80,parent relationships not resolved in v0; company_name missing; used ticker fallback; country unknown
ENT004524,WM,WM,WM,,TRUE,Unknown,Unknown,GSE580_theta_data.csv,2026-05-08,0.80,parent relationships not resolved in v0; company_name missing; used ticker fallback; country unknown
ENT004525,WMB,WMB,WMB,,TRUE,Unknown,Unknown,GSE580_theta_data.csv,2026-05-08,0.80,parent relationships not resolved in v0; company_name missing; used ticker fallback; country unknown
ENT004526,WMG,WMG,WMG,,TRUE,Unknown,Unknown,GSE580_theta_data.csv,2026-05-08,0.80,parent relationships not resolved in v0; company_name missing; used ticker fallback; country unknown
ENT004527,WMK,WMK,WMK,,TRUE,Unknown,Unknown,GSE580_theta_data.csv,2026-05-08,0.80,parent relationships not resolved in v0; company_name missing; used ticker fallback; country unknown
ENT004528,WMS,WMS,WMS,,TRUE,Unknown,Unknown,GSE580_theta_data.csv,2026-05-08,0.80,parent relationships not resolved in v0; company_name missing; used ticker fallback; country unknown
ENT004529,WMT,WMT,WMT,,TRUE,Unknown,Unknown,GSE580_theta_data.csv,2026-05-08,0.80,parent relationships not resolved in v0; company_name missing; used ticker fallback; country unknown
ENT004530,WNC,WNC,WNC,,TRUE,Unknown,Unknown,GSE580_theta_data.csv,2026-05-08,0.80,parent relationships not resolved in v0; company_name missing; used ticker fallback; country unknown
ENT004531,WOLF,WOLF,WOLF,,TRUE,Unknown,Unknown,GSE580_theta_data.csv,2026-05-08,0.80,parent relationships not resolved in v0; company_name missing; used ticker fallback; country unknown
ENT004532,WOOF,WOOF,WOOF,,TRUE,Unknown,Unknown,GSE580_theta_data.csv,2026-05-08,0.80,parent relationships not resolved in v0; company_name missing; used ticker fallback; country unknown
ENT004533,WOR,WOR,WOR,,TRUE,Unknown,Unknown,GSE580_theta_data.csv,2026-05-08,0.80,parent relationships not resolved in v0; company_name missing; used ticker fallback; country unknown
ENT004534,WPC,WPC,WPC,,TRUE,Unknown,Unknown,GSE580_theta_data.csv,2026-05-08,0.80,parent relationships not resolved in v0; company_name missing; used ticker fallback; country unknown
ENT004535,WPP,WPP,WPP,,TRUE,Unknown,Unknown,GSE580_theta_data.csv,2026-05-08,0.80,parent relationships not resolved in v0; company_name missing; used ticker fallback; country unknown
ENT004536,WRAP,WRAP,WRAP,,TRUE,Unknown,Unknown,GSE580_theta_data.csv,2026-05-08,0.80,parent relationships not resolved in v0; company_name missing; used ticker fallback; country unknown
ENT004537,WRB,WRB,WRB,,TRUE,Unknown,Unknown,GSE580_theta_data.csv,2026-05-08,0.80,parent relationships not resolved in v0; company_name missing; used ticker fallback; country unknown
ENT004538,WRBY,WRBY,WRBY,,TRUE,United States,North America,GSE580_theta_data.csv,2026-05-08,0.80,parent relationships not resolved in v0; company_name missing; used ticker fallback
ENT004539,WRD,WRD,WRD,,TRUE,Unknown,Unknown,GSE580_theta_data.csv,2026-05-08,0.80,parent relationships not resolved in v0; company_name missing; used ticker fallback; country unknown
ENT004540,WRLD,WRLD,WRLD,,TRUE,Unknown,Unknown,GSE580_theta_data.csv,2026-05-08,0.80,parent relationships not resolved in v0; company_name missing; used ticker fallback; country unknown
ENT004541,WS,WS,WS,,TRUE,Unknown,Unknown,GSE580_theta_data.csv,2026-05-08,0.80,parent relationships not resolved in v0; company_name missing; used ticker fallback; country unknown
ENT004542,WSBF,WSBF,WSBF,,TRUE,Unknown,Unknown,GSE580_theta_data.csv,2026-05-08,0.80,parent relationships not resolved in v0; company_name missing; used ticker fallback; country unknown
ENT004543,WSC,WSC,WSC,,TRUE,Unknown,Unknown,GSE580_theta_data.csv,2026-05-08,0.80,parent relationships not resolved in v0; company_name missing; used ticker fallback; country unknown
ENT004544,WSE:ALE,WSE:ALE,WSE:ALE,,TRUE,Unknown,Unknown,GSE580_theta_data.csv,2026-05-08,0.80,parent relationships not resolved in v0; company_name missing; used ticker fallback; country unknown
ENT004545,WSE:DNP,WSE:DNP,WSE:DNP,,TRUE,Unknown,Unknown,GSE580_theta_data.csv,2026-05-08,0.80,parent relationships not resolved in v0; company_name missing; used ticker fallback; country unknown
ENT004546,WSE:HUG,WSE:HUG,WSE:HUG,,TRUE,Unknown,Unknown,GSE580_theta_data.csv,2026-05-08,0.80,parent relationships not resolved in v0; company_name missing; used ticker fallback; country unknown
ENT004547,WSE:KRU,WSE:KRU,WSE:KRU,,TRUE,Unknown,Unknown,GSE580_theta_data.csv,2026-05-08,0.80,parent relationships not resolved in v0; company_name missing; used ticker fallback; country unknown
ENT004548,WSM,WSM,WSM,,TRUE,Unknown,Unknown,GSE580_theta_data.csv,2026-05-08,0.80,parent relationships not resolved in v0; company_name missing; used ticker fallback; country unknown
ENT004549,WSO,WSO,WSO,,TRUE,Unknown,Unknown,GSE580_theta_data.csv,2026-05-08,0.80,parent relationships not resolved in v0; company_name missing; used ticker fallback; country unknown
ENT004550,WSR,WSR,WSR,,TRUE,Unknown,Unknown,GSE580_theta_data.csv,2026-05-08,0.80,parent relationships not resolved in v0; company_name missing; used ticker fallback; country unknown
ENT004551,WST,WST,WST,,TRUE,Unknown,Unknown,GSE580_theta_data.csv,2026-05-08,0.80,parent relationships not resolved in v0; company_name missing; used ticker fallback; country unknown
ENT004552,WT,WT,WT,,TRUE,Unknown,Unknown,GSE580_theta_data.csv,2026-05-08,0.80,parent relationships not resolved in v0; company_name missing; used ticker fallback; country unknown
ENT004553,WTF,WTF,WTF,,TRUE,Unknown,Unknown,GSE580_theta_data.csv,2026-05-08,0.80,parent relationships not resolved in v0; company_name missing; used ticker fallback; country unknown
ENT004554,WTM,WTM,WTM,,TRUE,United States,North America,GSE580_theta_data.csv,2026-05-08,0.80,parent relationships not resolved in v0; company_name missing; used ticker fallback
ENT004555,WTRG,WTRG,WTRG,,TRUE,United States,North America,GSE580_theta_data.csv,2026-05-08,0.80,parent relationships not resolved in v0; company_name missing; used ticker fallback
ENT004556,WTS,WTS,WTS,,TRUE,Unknown,Unknown,GSE580_theta_data.csv,2026-05-08,0.80,parent relationships not resolved in v0; company_name missing; used ticker fallback; country unknown
ENT004557,WTTR,WTTR,WTTR,,TRUE,Unknown,Unknown,GSE580_theta_data.csv,2026-05-08,0.80,parent relationships not resolved in v0; company_name missing; used ticker fallback; country unknown
ENT004558,WTW,WTW,WTW,,TRUE,Unknown,Unknown,GSE580_theta_data.csv,2026-05-08,0.80,parent relationships not resolved in v0; company_name missing; used ticker fallback; country unknown
ENT004559,WU,WU,WU,,TRUE,Unknown,Unknown,GSE580_theta_data.csv,2026-05-08,0.80,parent relationships not resolved in v0; company_name missing; used ticker fallback; country unknown
ENT004560,WULF,WULF,WULF,,TRUE,Unknown,Unknown,GSE580_theta_data.csv,2026-05-08,0.80,parent relationships not resolved in v0; company_name missing; used ticker fallback; country unknown
ENT004561,WVE,WVE,WVE,,TRUE,Unknown,Unknown,GSE580_theta_data.csv,2026-05-08,0.80,parent relationships not resolved in v0; company_name missing; used ticker fallback; country unknown
ENT004562,WW,WW,WW,,TRUE,Unknown,Unknown,GSE580_theta_data.csv,2026-05-08,0.80,parent relationships not resolved in v0; company_name missing; used ticker fallback; country unknown
ENT004563,WWD,WWD,WWD,,TRUE,Unknown,Unknown,GSE580_theta_data.csv,2026-05-08,0.80,parent relationships not resolved in v0; company_name missing; used ticker fallback; country unknown
ENT004564,WWW,WWW,WWW,,TRUE,Unknown,Unknown,GSE580_theta_data.csv,2026-05-08,0.80,parent relationships not resolved in v0; company_name missing; used ticker fallback; country unknown
ENT004565,WY,WY,WY,,TRUE,United States,North America,GSE580_theta_data.csv,2026-05-08,0.80,parent relationships not resolved in v0; company_name missing; used ticker fallback
ENT004566,WYFI,WYFI,WYFI,,TRUE,Unknown,Unknown,GSE580_theta_data.csv,2026-05-08,0.80,parent relationships not resolved in v0; company_name missing; used ticker fallback; country unknown
ENT004567,WYNN,WYNN,WYNN,,TRUE,Unknown,Unknown,GSE580_theta_data.csv,2026-05-08,0.80,parent relationships not resolved in v0; company_name missing; used ticker fallback; country unknown
ENT004568,XEL,XEL,XEL,,TRUE,United States,North America,GSE580_theta_data.csv,2026-05-08,0.80,parent relationships not resolved in v0; company_name missing; used ticker fallback
ENT004569,XERS,XERS,XERS,,TRUE,Unknown,Unknown,GSE580_theta_data.csv,2026-05-08,0.80,parent relationships not resolved in v0; company_name missing; used ticker fallback; country unknown
ENT004570,XHR,XHR,XHR,,TRUE,Unknown,Unknown,GSE580_theta_data.csv,2026-05-08,0.80,parent relationships not resolved in v0; company_name missing; used ticker fallback; country unknown
ENT004571,XIFR,XIFR,XIFR,,TRUE,Unknown,Unknown,GSE580_theta_data.csv,2026-05-08,0.80,parent relationships not resolved in v0; company_name missing; used ticker fallback; country unknown
ENT004572,XMTR,XMTR,XMTR,,TRUE,Unknown,Unknown,GSE580_theta_data.csv,2026-05-08,0.80,parent relationships not resolved in v0; company_name missing; used ticker fallback; country unknown
ENT004573,XNET,XNET,XNET,,TRUE,Unknown,Unknown,GSE580_theta_data.csv,2026-05-08,0.80,parent relationships not resolved in v0; company_name missing; used ticker fallback; country unknown
ENT004574,XOM,XOM,XOM,,TRUE,Unknown,Unknown,GSE580_theta_data.csv,2026-05-08,0.80,parent relationships not resolved in v0; company_name missing; used ticker fallback; country unknown
ENT004575,XP,XP,XP,,TRUE,Unknown,Unknown,GSE580_theta_data.csv,2026-05-08,0.80,parent relationships not resolved in v0; company_name missing; used ticker fallback; country unknown
ENT004576,XPEL,XPEL,XPEL,,TRUE,Unknown,Unknown,GSE580_theta_data.csv,2026-05-08,0.80,parent relationships not resolved in v0; company_name missing; used ticker fallback; country unknown
ENT004577,XPER,XPER,XPER,,TRUE,Unknown,Unknown,GSE580_theta_data.csv,2026-05-08,0.80,parent relationships not resolved in v0; company_name missing; used ticker fallback; country unknown
ENT004578,XPEV,XPEV,XPEV,,TRUE,Unknown,Unknown,GSE580_theta_data.csv,2026-05-08,0.80,parent relationships not resolved in v0; company_name missing; used ticker fallback; country unknown
ENT004579,XPO,XPO,XPO,,TRUE,Unknown,Unknown,GSE580_theta_data.csv,2026-05-08,0.80,parent relationships not resolved in v0; company_name missing; used ticker fallback; country unknown
ENT004580,XPOF,XPOF,XPOF,,TRUE,Unknown,Unknown,GSE580_theta_data.csv,2026-05-08,0.80,parent relationships not resolved in v0; company_name missing; used ticker fallback; country unknown
ENT004581,XPRO,XPRO,XPRO,,TRUE,Unknown,Unknown,GSE580_theta_data.csv,2026-05-08,0.80,parent relationships not resolved in v0; company_name missing; used ticker fallback; country unknown
ENT004582,XRAY,XRAY,XRAY,,TRUE,Unknown,Unknown,GSE580_theta_data.csv,2026-05-08,0.80,parent relationships not resolved in v0; company_name missing; used ticker fallback; country unknown
ENT004583,XRX,XRX,XRX,,TRUE,Unknown,Unknown,GSE580_theta_data.csv,2026-05-08,0.80,parent relationships not resolved in v0; company_name missing; used ticker fallback; country unknown
ENT004584,XTKG,XTKG,XTKG,,TRUE,Unknown,Unknown,GSE580_theta_data.csv,2026-05-08,0.80,parent relationships not resolved in v0; company_name missing; used ticker fallback; country unknown
ENT004585,XTNT,XTNT,XTNT,,TRUE,United States,North America,GSE580_theta_data.csv,2026-05-08,0.80,parent relationships not resolved in v0; company_name missing; used ticker fallback
ENT004586,XTRA:1COV,XTRA:1COV,XTRA:1COV,,TRUE,Unknown,Unknown,GSE580_theta_data.csv,2026-05-08,0.80,parent relationships not resolved in v0; company_name missing; used ticker fallback; country unknown
ENT004587,XTRA:22UA,XTRA:22UA,XTRA:22UA,,TRUE,Unknown,Unknown,GSE580_theta_data.csv,2026-05-08,0.80,parent relationships not resolved in v0; company_name missing; used ticker fallback; country unknown
ENT004588,XTRA:8TRA,XTRA:8TRA,XTRA:8TRA,,TRUE,Unknown,Unknown,GSE580_theta_data.csv,2026-05-08,0.80,parent relationships not resolved in v0; company_name missing; used ticker fallback; country unknown
ENT004589,XTRA:ADS,XTRA:ADS,XTRA:ADS,,TRUE,Unknown,Unknown,GSE580_theta_data.csv,2026-05-08,0.80,parent relationships not resolved in v0; company_name missing; used ticker fallback; country unknown
ENT004590,XTRA:ADV,XTRA:ADV,XTRA:ADV,,TRUE,Unknown,Unknown,GSE580_theta_data.csv,2026-05-08,0.80,parent relationships not resolved in v0; company_name missing; used ticker fallback; country unknown
ENT004591,XTRA:AFX,XTRA:AFX,XTRA:AFX,,TRUE,Unknown,Unknown,GSE580_theta_data.csv,2026-05-08,0.80,parent relationships not resolved in v0; company_name missing; used ticker fallback; country unknown
ENT004592,XTRA:ALV,XTRA:ALV,XTRA:ALV,,TRUE,Unknown,Unknown,GSE580_theta_data.csv,2026-05-08,0.80,parent relationships not resolved in v0; company_name missing; used ticker fallback; country unknown
ENT004593,XTRA:AT1,XTRA:AT1,XTRA:AT1,,TRUE,Unknown,Unknown,GSE580_theta_data.csv,2026-05-08,0.80,parent relationships not resolved in v0; company_name missing; used ticker fallback; country unknown
ENT004594,XTRA:BAS,XTRA:BAS,XTRA:BAS,,TRUE,Unknown,Unknown,GSE580_theta_data.csv,2026-05-08,0.80,parent relationships not resolved in v0; company_name missing; used ticker fallback; country unknown
ENT004595,XTRA:BAYN,XTRA:BAYN,XTRA:BAYN,,TRUE,Unknown,Unknown,GSE580_theta_data.csv,2026-05-08,0.80,parent relationships not resolved in v0; company_name missing; used ticker fallback; country unknown
ENT004596,XTRA:BC8,XTRA:BC8,XTRA:BC8,,TRUE,Unknown,Unknown,GSE580_theta_data.csv,2026-05-08,0.80,parent relationships not resolved in v0; company_name missing; used ticker fallback; country unknown
ENT004597,XTRA:BEI,XTRA:BEI,XTRA:BEI,,TRUE,Unknown,Unknown,GSE580_theta_data.csv,2026-05-08,0.80,parent relationships not resolved in v0; company_name missing; used ticker fallback; country unknown
ENT004598,XTRA:BFSA,XTRA:BFSA,XTRA:BFSA,,TRUE,Unknown,Unknown,GSE580_theta_data.csv,2026-05-08,0.80,parent relationships not resolved in v0; company_name missing; used ticker fallback; country unknown
ENT004599,XTRA:BMW,XTRA:BMW,XTRA:BMW,,TRUE,Unknown,Unknown,GSE580_theta_data.csv,2026-05-08,0.80,parent relationships not resolved in v0; company_name missing; used ticker fallback; country unknown
ENT004600,XTRA:BNR,XTRA:BNR,XTRA:BNR,,TRUE,Unknown,Unknown,GSE580_theta_data.csv,2026-05-08,0.80,parent relationships not resolved in v0; company_name missing; used ticker fallback; country unknown
ENT004601,XTRA:BOSS,XTRA:BOSS,XTRA:BOSS,,TRUE,Unknown,Unknown,GSE580_theta_data.csv,2026-05-08,0.80,parent relationships not resolved in v0; company_name missing; used ticker fallback; country unknown
ENT004602,XTRA:BSL,XTRA:BSL,XTRA:BSL,,TRUE,Unknown,Unknown,GSE580_theta_data.csv,2026-05-08,0.80,parent relationships not resolved in v0; company_name missing; used ticker fallback; country unknown
ENT004603,XTRA:CEC,XTRA:CEC,XTRA:CEC,,TRUE,Unknown,Unknown,GSE580_theta_data.csv,2026-05-08,0.80,parent relationships not resolved in v0; company_name missing; used ticker fallback; country unknown
ENT004604,XTRA:CON,XTRA:CON,XTRA:CON,,TRUE,Unknown,Unknown,GSE580_theta_data.csv,2026-05-08,0.80,parent relationships not resolved in v0; company_name missing; used ticker fallback; country unknown
ENT004605,XTRA:CWC,XTRA:CWC,XTRA:CWC,,TRUE,Unknown,Unknown,GSE580_theta_data.csv,2026-05-08,0.80,parent relationships not resolved in v0; company_name missing; used ticker fallback; country unknown
ENT004606,XTRA:DHER,XTRA:DHER,XTRA:DHER,,TRUE,Unknown,Unknown,GSE580_theta_data.csv,2026-05-08,0.80,parent relationships not resolved in v0; company_name missing; used ticker fallback; country unknown
ENT004607,XTRA:DRW3,XTRA:DRW3,XTRA:DRW3,,TRUE,Unknown,Unknown,GSE580_theta_data.csv,2026-05-08,0.80,parent relationships not resolved in v0; company_name missing; used ticker fallback; country unknown
ENT004608,XTRA:DTE,XTRA:DTE,XTRA:DTE,,TRUE,Unknown,Unknown,GSE580_theta_data.csv,2026-05-08,0.80,parent relationships not resolved in v0; company_name missing; used ticker fallback; country unknown
ENT004609,XTRA:DWNI,XTRA:DWNI,XTRA:DWNI,,TRUE,Unknown,Unknown,GSE580_theta_data.csv,2026-05-08,0.80,parent relationships not resolved in v0; company_name missing; used ticker fallback; country unknown
ENT004610,XTRA:DWS,XTRA:DWS,XTRA:DWS,,TRUE,Unknown,Unknown,GSE580_theta_data.csv,2026-05-08,0.80,parent relationships not resolved in v0; company_name missing; used ticker fallback; country unknown
ENT004611,XTRA:EDL,XTRA:EDL,XTRA:EDL,,TRUE,Unknown,Unknown,GSE580_theta_data.csv,2026-05-08,0.80,parent relationships not resolved in v0; company_name missing; used ticker fallback; country unknown
ENT004612,XTRA:ENR,XTRA:ENR,XTRA:ENR,,TRUE,Unknown,Unknown,GSE580_theta_data.csv,2026-05-08,0.80,parent relationships not resolved in v0; company_name missing; used ticker fallback; country unknown
ENT004613,XTRA:EOAN,XTRA:EOAN,XTRA:EOAN,,TRUE,Unknown,Unknown,GSE580_theta_data.csv,2026-05-08,0.80,parent relationships not resolved in v0; company_name missing; used ticker fallback; country unknown
ENT004614,XTRA:EVD,XTRA:EVD,XTRA:EVD,,TRUE,Unknown,Unknown,GSE580_theta_data.csv,2026-05-08,0.80,parent relationships not resolved in v0; company_name missing; used ticker fallback; country unknown
ENT004615,XTRA:EVK,XTRA:EVK,XTRA:EVK,,TRUE,Unknown,Unknown,GSE580_theta_data.csv,2026-05-08,0.80,parent relationships not resolved in v0; company_name missing; used ticker fallback; country unknown
ENT004616,XTRA:FPE3,XTRA:FPE3,XTRA:FPE3,,TRUE,Unknown,Unknown,GSE580_theta_data.csv,2026-05-08,0.80,parent relationships not resolved in v0; company_name missing; used ticker fallback; country unknown
ENT004617,XTRA:FRA,XTRA:FRA,XTRA:FRA,,TRUE,Unknown,Unknown,GSE580_theta_data.csv,2026-05-08,0.80,parent relationships not resolved in v0; company_name missing; used ticker fallback; country unknown
ENT004618,XTRA:FRE,XTRA:FRE,XTRA:FRE,,TRUE,Unknown,Unknown,GSE580_theta_data.csv,2026-05-08,0.80,parent relationships not resolved in v0; company_name missing; used ticker fallback; country unknown
ENT004619,XTRA:G1A,XTRA:G1A,XTRA:G1A,,TRUE,Unknown,Unknown,GSE580_theta_data.csv,2026-05-08,0.80,parent relationships not resolved in v0; company_name missing; used ticker fallback; country unknown
ENT004620,XTRA:GXI,XTRA:GXI,XTRA:GXI,,TRUE,Unknown,Unknown,GSE580_theta_data.csv,2026-05-08,0.80,parent relationships not resolved in v0; company_name missing; used ticker fallback; country unknown
ENT004621,XTRA:HEI,XTRA:HEI,XTRA:HEI,,TRUE,Unknown,Unknown,GSE580_theta_data.csv,2026-05-08,0.80,parent relationships not resolved in v0; company_name missing; used ticker fallback; country unknown
ENT004622,XTRA:HEN3,XTRA:HEN3,XTRA:HEN3,,TRUE,Unknown,Unknown,GSE580_theta_data.csv,2026-05-08,0.80,parent relationships not resolved in v0; company_name missing; used ticker fallback; country unknown
ENT004623,XTRA:HFG,XTRA:HFG,XTRA:HFG,,TRUE,Unknown,Unknown,GSE580_theta_data.csv,2026-05-08,0.80,parent relationships not resolved in v0; company_name missing; used ticker fallback; country unknown
ENT004624,XTRA:HLAG,XTRA:HLAG,XTRA:HLAG,,TRUE,Unknown,Unknown,GSE580_theta_data.csv,2026-05-08,0.80,parent relationships not resolved in v0; company_name missing; used ticker fallback; country unknown
ENT004625,XTRA:HLE,XTRA:HLE,XTRA:HLE,,TRUE,Unknown,Unknown,GSE580_theta_data.csv,2026-05-08,0.80,parent relationships not resolved in v0; company_name missing; used ticker fallback; country unknown
ENT004626,XTRA:HNR1,XTRA:HNR1,XTRA:HNR1,,TRUE,Unknown,Unknown,GSE580_theta_data.csv,2026-05-08,0.80,parent relationships not resolved in v0; company_name missing; used ticker fallback; country unknown
ENT004627,XTRA:IFX,XTRA:IFX,XTRA:IFX,,TRUE,Unknown,Unknown,GSE580_theta_data.csv,2026-05-08,0.80,parent relationships not resolved in v0; company_name missing; used ticker fallback; country unknown
ENT004628,XTRA:IOS,XTRA:IOS,XTRA:IOS,,TRUE,Unknown,Unknown,GSE580_theta_data.csv,2026-05-08,0.80,parent relationships not resolved in v0; company_name missing; used ticker fallback; country unknown
ENT004629,XTRA:JEN,XTRA:JEN,XTRA:JEN,,TRUE,Unknown,Unknown,GSE580_theta_data.csv,2026-05-08,0.80,parent relationships not resolved in v0; company_name missing; used ticker fallback; country unknown
ENT004630,XTRA:JUN3,XTRA:JUN3,XTRA:JUN3,,TRUE,Unknown,Unknown,GSE580_theta_data.csv,2026-05-08,0.80,parent relationships not resolved in v0; company_name missing; used ticker fallback; country unknown
ENT004631,XTRA:KBX,XTRA:KBX,XTRA:KBX,,TRUE,Unknown,Unknown,GSE580_theta_data.csv,2026-05-08,0.80,parent relationships not resolved in v0; company_name missing; used ticker fallback; country unknown
ENT004632,XTRA:KCO,XTRA:KCO,XTRA:K,,TRUE,Unknown,Unknown,GSE580_theta_data.csv,2026-05-08,0.80,parent relationships not resolved in v0; company_name missing; used ticker fallback; country unknown
ENT004633,XTRA:KGX,XTRA:KGX,XTRA:KGX,,TRUE,Unknown,Unknown,GSE580_theta_data.csv,2026-05-08,0.80,parent relationships not resolved in v0; company_name missing; used ticker fallback; country unknown
ENT004634,XTRA:KSB,XTRA:KSB,XTRA:KSB,,TRUE,Unknown,Unknown,GSE580_theta_data.csv,2026-05-08,0.80,parent relationships not resolved in v0; company_name missing; used ticker fallback; country unknown
ENT004635,XTRA:LHA,XTRA:LHA,XTRA:LHA,,TRUE,Unknown,Unknown,GSE580_theta_data.csv,2026-05-08,0.80,parent relationships not resolved in v0; company_name missing; used ticker fallback; country unknown
ENT004636,XTRA:LXS,XTRA:LXS,XTRA:LXS,,TRUE,Unknown,Unknown,GSE580_theta_data.csv,2026-05-08,0.80,parent relationships not resolved in v0; company_name missing; used ticker fallback; country unknown
ENT004637,XTRA:MRK,XTRA:MRK,XTRA:MRK,,TRUE,Unknown,Unknown,GSE580_theta_data.csv,2026-05-08,0.80,parent relationships not resolved in v0; company_name missing; used ticker fallback; country unknown
ENT004638,XTRA:MTX,XTRA:MTX,XTRA:MTX,,TRUE,Unknown,Unknown,GSE580_theta_data.csv,2026-05-08,0.80,parent relationships not resolved in v0; company_name missing; used ticker fallback; country unknown
ENT004639,XTRA:MUV2,XTRA:MUV2,XTRA:MUV2,,TRUE,Unknown,Unknown,GSE580_theta_data.csv,2026-05-08,0.80,parent relationships not resolved in v0; company_name missing; used ticker fallback; country unknown
ENT004640,XTRA:NDA,XTRA:NDA,XTRA:NDA,,TRUE,Unknown,Unknown,GSE580_theta_data.csv,2026-05-08,0.80,parent relationships not resolved in v0; company_name missing; used ticker fallback; country unknown
ENT004641,XTRA:NEM,XTRA:NEM,XTRA:NEM,,TRUE,Unknown,Unknown,GSE580_theta_data.csv,2026-05-08,0.80,parent relationships not resolved in v0; company_name missing; used ticker fallback; country unknown
ENT004642,XTRA:OHB,XTRA:OHB,XTRA:OHB,,TRUE,Unknown,Unknown,GSE580_theta_data.csv,2026-05-08,0.80,parent relationships not resolved in v0; company_name missing; used ticker fallback; country unknown
ENT004643,XTRA:P911,XTRA:P911,XTRA:P911,,TRUE,Unknown,Unknown,GSE580_theta_data.csv,2026-05-08,0.80,parent relationships not resolved in v0; company_name missing; used ticker fallback; country unknown
ENT004644,XTRA:PBB,XTRA:PBB,XTRA:PBB,,TRUE,Unknown,Unknown,GSE580_theta_data.csv,2026-05-08,0.80,parent relationships not resolved in v0; company_name missing; used ticker fallback; country unknown
ENT004645,XTRA:PFSE,XTRA:PFSE,XTRA:PFSE,,TRUE,Unknown,Unknown,GSE580_theta_data.csv,2026-05-08,0.80,parent relationships not resolved in v0; company_name missing; used ticker fallback; country unknown
ENT004646,XTRA:PFV,XTRA:PFV,XTRA:PFV,,TRUE,Unknown,Unknown,GSE580_theta_data.csv,2026-05-08,0.80,parent relationships not resolved in v0; company_name missing; used ticker fallback; country unknown
ENT004647,XTRA:PUM,XTRA:PUM,XTRA:PUM,,TRUE,Unknown,Unknown,GSE580_theta_data.csv,2026-05-08,0.80,parent relationships not resolved in v0; company_name missing; used ticker fallback; country unknown
ENT004648,XTRA:RAA,XTRA:RAA,XTRA:RAA,,TRUE,Unknown,Unknown,GSE580_theta_data.csv,2026-05-08,0.80,parent relationships not resolved in v0; company_name missing; used ticker fallback; country unknown
ENT004649,XTRA:RHM,XTRA:RHM,XTRA:RHM,,TRUE,Unknown,Unknown,GSE580_theta_data.csv,2026-05-08,0.80,parent relationships not resolved in v0; company_name missing; used ticker fallback; country unknown
ENT004650,XTRA:RRTL,XTRA:RRTL,XTRA:RRTL,,TRUE,Unknown,Unknown,GSE580_theta_data.csv,2026-05-08,0.80,parent relationships not resolved in v0; company_name missing; used ticker fallback; country unknown
ENT004651,XTRA:RWE,XTRA:RWE,XTRA:RWE,,TRUE,Unknown,Unknown,GSE580_theta_data.csv,2026-05-08,0.80,parent relationships not resolved in v0; company_name missing; used ticker fallback; country unknown
ENT004652,XTRA:S92,XTRA:S92,XTRA:S92,,TRUE,Unknown,Unknown,GSE580_theta_data.csv,2026-05-08,0.80,parent relationships not resolved in v0; company_name missing; used ticker fallback; country unknown
ENT004653,XTRA:SAX,XTRA:SAX,XTRA:SAX,,TRUE,Unknown,Unknown,GSE580_theta_data.csv,2026-05-08,0.80,parent relationships not resolved in v0; company_name missing; used ticker fallback; country unknown
ENT004654,XTRA:SDF,XTRA:SDF,XTRA:SDF,,TRUE,Unknown,Unknown,GSE580_theta_data.csv,2026-05-08,0.80,parent relationships not resolved in v0; company_name missing; used ticker fallback; country unknown
ENT004655,XTRA:SF3,XTRA:SF3,XTRA:SF3,,TRUE,Unknown,Unknown,GSE580_theta_data.csv,2026-05-08,0.80,parent relationships not resolved in v0; company_name missing; used ticker fallback; country unknown
ENT004656,XTRA:SGL,XTRA:SGL,XTRA:SGL,,TRUE,Unknown,Unknown,GSE580_theta_data.csv,2026-05-08,0.80,parent relationships not resolved in v0; company_name missing; used ticker fallback; country unknown
ENT004657,XTRA:SHA0,XTRA:SHA0,XTRA:SHA0,,TRUE,Unknown,Unknown,GSE580_theta_data.csv,2026-05-08,0.80,parent relationships not resolved in v0; company_name missing; used ticker fallback; country unknown
ENT004658,XTRA:SHL,XTRA:SHL,XTRA:SHL,,TRUE,Unknown,Unknown,GSE580_theta_data.csv,2026-05-08,0.80,parent relationships not resolved in v0; company_name missing; used ticker fallback; country unknown
ENT004659,XTRA:SIX2,XTRA:SIX2,XTRA:SIX2,,TRUE,Unknown,Unknown,GSE580_theta_data.csv,2026-05-08,0.80,parent relationships not resolved in v0; company_name missing; used ticker fallback; country unknown
ENT004660,XTRA:SPG,XTRA:SPG,XTRA:SPG,,TRUE,Unknown,Unknown,GSE580_theta_data.csv,2026-05-08,0.80,parent relationships not resolved in v0; company_name missing; used ticker fallback; country unknown
ENT004661,XTRA:SY1,XTRA:SY1,XTRA:SY1,,TRUE,Unknown,Unknown,GSE580_theta_data.csv,2026-05-08,0.80,parent relationships not resolved in v0; company_name missing; used ticker fallback; country unknown
ENT004662,XTRA:TUI1,XTRA:TUI1,XTRA:TUI1,,TRUE,Unknown,Unknown,GSE580_theta_data.csv,2026-05-08,0.80,parent relationships not resolved in v0; company_name missing; used ticker fallback; country unknown
ENT004663,XTRA:VNA,XTRA:VNA,XTRA:VNA,,TRUE,Unknown,Unknown,GSE580_theta_data.csv,2026-05-08,0.80,parent relationships not resolved in v0; company_name missing; used ticker fallback; country unknown
ENT004664,XTRA:VOS,XTRA:VOS,XTRA:VOS,,TRUE,Unknown,Unknown,GSE580_theta_data.csv,2026-05-08,0.80,parent relationships not resolved in v0; company_name missing; used ticker fallback; country unknown
ENT004665,XTRA:VOW3,XTRA:VOW3,XTRA:VOW3,,TRUE,Unknown,Unknown,GSE580_theta_data.csv,2026-05-08,0.80,parent relationships not resolved in v0; company_name missing; used ticker fallback; country unknown
ENT004666,XTRA:WAC,XTRA:WAC,XTRA:WAC,,TRUE,Unknown,Unknown,GSE580_theta_data.csv,2026-05-08,0.80,parent relationships not resolved in v0; company_name missing; used ticker fallback; country unknown
ENT004667,XTRA:WCH,XTRA:WCH,XTRA:WCH,,TRUE,Unknown,Unknown,GSE580_theta_data.csv,2026-05-08,0.80,parent relationships not resolved in v0; company_name missing; used ticker fallback; country unknown
ENT004668,XTRA:ZAL,XTRA:ZAL,XTRA:ZAL,,TRUE,Unknown,Unknown,GSE580_theta_data.csv,2026-05-08,0.80,parent relationships not resolved in v0; company_name missing; used ticker fallback; country unknown
ENT004669,XWIN,XWIN,XWIN,,TRUE,Unknown,Unknown,GSE580_theta_data.csv,2026-05-08,0.80,parent relationships not resolved in v0; company_name missing; used ticker fallback; country unknown
ENT004670,XYF,XYF,XYF,,TRUE,Unknown,Unknown,GSE580_theta_data.csv,2026-05-08,0.80,parent relationships not resolved in v0; company_name missing; used ticker fallback; country unknown
ENT004671,XYL,XYL,XYL,,TRUE,Unknown,Unknown,GSE580_theta_data.csv,2026-05-08,0.80,parent relationships not resolved in v0; company_name missing; used ticker fallback; country unknown
ENT004672,XYZ,XYZ,XYZ,,TRUE,Unknown,Unknown,GSE580_theta_data.csv,2026-05-08,0.80,parent relationships not resolved in v0; company_name missing; used ticker fallback; country unknown
ENT004673,XZO,XZO,XZO,,TRUE,United States,North America,GSE580_theta_data.csv,2026-05-08,0.80,parent relationships not resolved in v0; company_name missing; used ticker fallback
ENT004674,YALA,YALA,YALA,,TRUE,Unknown,Unknown,GSE580_theta_data.csv,2026-05-08,0.80,parent relationships not resolved in v0; company_name missing; used ticker fallback; country unknown
ENT004675,YB,YB,YB,,TRUE,Unknown,Unknown,GSE580_theta_data.csv,2026-05-08,0.80,parent relationships not resolved in v0; company_name missing; used ticker fallback; country unknown
ENT004676,YDDL,YDDL,YDDL,,TRUE,Unknown,Unknown,GSE580_theta_data.csv,2026-05-08,0.80,parent relationships not resolved in v0; company_name missing; used ticker fallback; country unknown
ENT004677,YELP,YELP,YELP,,TRUE,Unknown,Unknown,GSE580_theta_data.csv,2026-05-08,0.80,parent relationships not resolved in v0; company_name missing; used ticker fallback; country unknown
ENT004678,YETI,YETI,YETI,,TRUE,Unknown,Unknown,GSE580_theta_data.csv,2026-05-08,0.80,parent relationships not resolved in v0; company_name missing; used ticker fallback; country unknown
ENT004679,YEXT,YEXT,YEXT,,TRUE,Unknown,Unknown,GSE580_theta_data.csv,2026-05-08,0.80,parent relationships not resolved in v0; company_name missing; used ticker fallback; country unknown
ENT004680,YMM,YMM,YMM,,TRUE,Unknown,Unknown,GSE580_theta_data.csv,2026-05-08,0.80,parent relationships not resolved in v0; company_name missing; used ticker fallback; country unknown
ENT004681,YMT,YMT,YMT,,TRUE,Unknown,Unknown,GSE580_theta_data.csv,2026-05-08,0.80,parent relationships not resolved in v0; company_name missing; used ticker fallback; country unknown
ENT004682,YORW,YORW,YORW,,TRUE,Unknown,Unknown,GSE580_theta_data.csv,2026-05-08,0.80,parent relationships not resolved in v0; company_name missing; used ticker fallback; country unknown
ENT004683,YOU,YOU,YOU,,TRUE,Unknown,Unknown,GSE580_theta_data.csv,2026-05-08,0.80,parent relationships not resolved in v0; company_name missing; used ticker fallback; country unknown
ENT004684,YOUL,YOUL,YOUL,,TRUE,Unknown,Unknown,GSE580_theta_data.csv,2026-05-08,0.80,parent relationships not resolved in v0; company_name missing; used ticker fallback; country unknown
ENT004685,YRD,YRD,YRD,,TRUE,Unknown,Unknown,GSE580_theta_data.csv,2026-05-08,0.80,parent relationships not resolved in v0; company_name missing; used ticker fallback; country unknown
ENT004686,YSG,YSG,YSG,,TRUE,Unknown,Unknown,GSE580_theta_data.csv,2026-05-08,0.80,parent relationships not resolved in v0; company_name missing; used ticker fallback; country unknown
ENT004687,YUM,YUM,YUM,,TRUE,Unknown,Unknown,GSE580_theta_data.csv,2026-05-08,0.80,parent relationships not resolved in v0; company_name missing; used ticker fallback; country unknown
ENT004688,YUMC,YUMC,YUMC,,TRUE,Unknown,Unknown,GSE580_theta_data.csv,2026-05-08,0.80,parent relationships not resolved in v0; company_name missing; used ticker fallback; country unknown
ENT004689,Z,Z,Z,,TRUE,United States,North America,GSE580_theta_data.csv,2026-05-08,0.80,parent relationships not resolved in v0; company_name missing; used ticker fallback
ENT004690,ZBH,ZBH,ZBH,,TRUE,Unknown,Unknown,GSE580_theta_data.csv,2026-05-08,0.80,parent relationships not resolved in v0; company_name missing; used ticker fallback; country unknown
ENT004691,ZBRA,ZBRA,ZBRA,,TRUE,Unknown,Unknown,GSE580_theta_data.csv,2026-05-08,0.80,parent relationships not resolved in v0; company_name missing; used ticker fallback; country unknown
ENT004692,ZD,ZD,ZD,,TRUE,Unknown,Unknown,GSE580_theta_data.csv,2026-05-08,0.80,parent relationships not resolved in v0; company_name missing; used ticker fallback; country unknown
ENT004693,ZENA,ZENA,ZENA,,TRUE,Unknown,Unknown,GSE580_theta_data.csv,2026-05-08,0.80,parent relationships not resolved in v0; company_name missing; used ticker fallback; country unknown
ENT004694,ZEPP,ZEPP,ZEPP,,TRUE,Unknown,Unknown,GSE580_theta_data.csv,2026-05-08,0.80,parent relationships not resolved in v0; company_name missing; used ticker fallback; country unknown
ENT004695,ZETA,ZETA,ZETA,,TRUE,Unknown,Unknown,GSE580_theta_data.csv,2026-05-08,0.80,parent relationships not resolved in v0; company_name missing; used ticker fallback; country unknown
ENT004696,ZEUS,ZEUS,ZEUS,,TRUE,Unknown,Unknown,GSE580_theta_data.csv,2026-05-08,0.80,parent relationships not resolved in v0; company_name missing; used ticker fallback; country unknown
ENT004697,ZG,ZG,ZG,,TRUE,Unknown,Unknown,GSE580_theta_data.csv,2026-05-08,0.80,parent relationships not resolved in v0; company_name missing; used ticker fallback; country unknown
ENT004698,ZGN,ZGN,ZGN,,TRUE,Unknown,Unknown,GSE580_theta_data.csv,2026-05-08,0.80,parent relationships not resolved in v0; company_name missing; used ticker fallback; country unknown
ENT004699,ZH,ZH,ZH,,TRUE,Unknown,Unknown,GSE580_theta_data.csv,2026-05-08,0.80,parent relationships not resolved in v0; company_name missing; used ticker fallback; country unknown
ENT004700,ZHJD,ZHJD,ZHJD,,TRUE,Unknown,Unknown,GSE580_theta_data.csv,2026-05-08,0.80,parent relationships not resolved in v0; company_name missing; used ticker fallback; country unknown
ENT004701,ZIM,ZIM,ZIM,,TRUE,Unknown,Unknown,GSE580_theta_data.csv,2026-05-08,0.80,parent relationships not resolved in v0; company_name missing; used ticker fallback; country unknown
ENT004702,ZION,ZION,ZION,,TRUE,Unknown,Unknown,GSE580_theta_data.csv,2026-05-08,0.80,parent relationships not resolved in v0; company_name missing; used ticker fallback; country unknown
ENT004703,ZIP,ZIP,ZIP,,TRUE,United States,North America,GSE580_theta_data.csv,2026-05-08,0.80,parent relationships not resolved in v0; company_name missing; used ticker fallback
ENT004704,ZJK,ZJK,ZJK,,TRUE,Unknown,Unknown,GSE580_theta_data.csv,2026-05-08,0.80,parent relationships not resolved in v0; company_name missing; used ticker fallback; country unknown
ENT004705,ZK,ZK,ZK,,TRUE,Unknown,Unknown,GSE580_theta_data.csv,2026-05-08,0.80,parent relationships not resolved in v0; company_name missing; used ticker fallback; country unknown
ENT004706,ZKH,ZKH,ZKH,,TRUE,Unknown,Unknown,GSE580_theta_data.csv,2026-05-08,0.80,parent relationships not resolved in v0; company_name missing; used ticker fallback; country unknown
ENT004707,ZM,ZM,ZM,,TRUE,Unknown,Unknown,GSE580_theta_data.csv,2026-05-08,0.80,parent relationships not resolved in v0; company_name missing; used ticker fallback; country unknown
ENT004708,ZS,ZS,ZS,,TRUE,Unknown,Unknown,GSE580_theta_data.csv,2026-05-08,0.80,parent relationships not resolved in v0; company_name missing; used ticker fallback; country unknown
ENT004709,ZTO,ZTO,ZTO,,TRUE,Unknown,Unknown,GSE580_theta_data.csv,2026-05-08,0.80,parent relationships not resolved in v0; company_name missing; used ticker fallback; country unknown
ENT004710,ZTS,ZTS,ZTS,,TRUE,Unknown,Unknown,GSE580_theta_data.csv,2026-05-08,0.80,parent relationships not resolved in v0; company_name missing; used ticker fallback; country unknown
ENT004711,ZUMZ,ZUMZ,ZUMZ,,TRUE,Unknown,Unknown,GSE580_theta_data.csv,2026-05-08,0.80,parent relationships not resolved in v0; company_name missing; used ticker fallback; country unknown
ENT004712,ZVIA,ZVIA,ZVIA,,TRUE,Unknown,Unknown,GSE580_theta_data.csv,2026-05-08,0.80,parent relationships not resolved in v0; company_name missing; used ticker fallback; country unknown
ENT004713,ZVRA,ZVRA,ZVRA,,TRUE,Unknown,Unknown,GSE580_theta_data.csv,2026-05-08,0.80,parent relationships not resolved in v0; company_name missing; used ticker fallback; country unknown
ENT004714,ZWS,ZWS,ZWS,,TRUE,Unknown,Unknown,GSE580_theta_data.csv,2026-05-08,0.80,parent relationships not resolved in v0; company_name missing; used ticker fallback; country unknown
ENT004715,ZYBT,ZYBT,ZYBT,,TRUE,Unknown,Unknown,GSE580_theta_data.csv,2026-05-08,0.80,parent relationships not resolved in v0; company_name missing; used ticker fallback; country unknown
